ISO-10303-21;
HEADER;
FILE_DESCRIPTION (( 'STEP AP214' ),
    '1' );
FILE_NAME ('794FA04F-49E7-4600-AAB5-4879086ABE50.STEP',
    '2024-12-08T14:10:52',
    ( '' ),
    ( '' ),
    'SwSTEP 2.0',
    'SolidWorks 2022',
    '' );
FILE_SCHEMA (( 'AUTOMOTIVE_DESIGN' ));
ENDSEC;

DATA;
#1 = EDGE_LOOP ( 'NONE', ( #4612, #6037, #2928, #2349 ) ) ;
#2 = LINE ( 'NONE', #2130, #6646 ) ;
#3 = SURFACE_STYLE_FILL_AREA ( #2757 ) ;
#4 = DIRECTION ( 'NONE',  ( -3.269436954241216420E-49, 1.000000000000000000, 6.162975822039153361E-33 ) ) ;
#5 = SURFACE_STYLE_FILL_AREA ( #3251 ) ;
#6 = LINE ( 'NONE', #654, #3446 ) ;
#7 = CYLINDRICAL_SURFACE ( 'NONE', #1495, 1.000000000000001554 ) ;
#8 = ORIENTED_EDGE ( 'NONE', *, *, #5863, .T. ) ;
#9 = UNCERTAINTY_MEASURE_WITH_UNIT (LENGTH_MEASURE( 1.000000000000000082E-05 ), #2719, 'distance_accuracy_value', 'NONE');
#10 = DIRECTION ( 'NONE',  ( -0.0000000000000000000, 1.000000000000000000, -0.0000000000000000000 ) ) ;
#11 = DIRECTION ( 'NONE',  ( 0.0000000000000000000, -0.7071067811865721087, 0.7071067811865230368 ) ) ;
#12 = DIRECTION ( 'NONE',  ( -1.000000000000000000, 3.709206150687421386E-65, -5.304964758338859037E-17 ) ) ;
#13 = ORIENTED_EDGE ( 'NONE', *, *, #4819, .T. ) ;
#14 = DIRECTION ( 'NONE',  ( 0.0000000000000000000, 1.000000000000000000, 0.0000000000000000000 ) ) ;
#15 = SURFACE_STYLE_USAGE ( .BOTH. , #4543 ) ;
#16 = FILL_AREA_STYLE_COLOUR ( '', #3939 ) ;
#17 = ORIENTED_EDGE ( 'NONE', *, *, #2604, .F. ) ;
#18 = FACE_BOUND ( 'NONE', #2425, .T. ) ;
#19 = ORIENTED_EDGE ( 'NONE', *, *, #4980, .F. ) ;
#20 = CARTESIAN_POINT ( 'NONE',  ( -4.390184796894300331E-14, -12.19999999999999751, -8.225000000000157740 ) ) ;
#21 = DIRECTION ( 'NONE',  ( -1.000000000000000000, -0.0000000000000000000, -0.0000000000000000000 ) ) ;
#22 = MECHANICAL_DESIGN_GEOMETRIC_PRESENTATION_REPRESENTATION (  '', ( #5833 ), #6095 ) ;
#23 = CARTESIAN_POINT ( 'NONE',  ( 5.530452312324126041, 7.488015623777569931E-32, -11.64999999999999680 ) ) ;
#24 = EDGE_LOOP ( 'NONE', ( #3732, #6856, #5328, #2550, #390, #665, #6232 ) ) ;
#25 = LINE ( 'NONE', #5707, #6518 ) ;
#26 = DIRECTION ( 'NONE',  ( 1.000000000000000000, 0.0000000000000000000, 0.0000000000000000000 ) ) ;
#27 = DIRECTION ( 'NONE',  ( 0.0000000000000000000, 0.0000000000000000000, -1.000000000000000000 ) ) ;
#28 = AXIS2_PLACEMENT_3D ( 'NONE', #3998, #6294, #1174 ) ;
#29 = EDGE_LOOP ( 'NONE', ( #2667, #2549, #4304, #6079 ) ) ;
#30 = ADVANCED_FACE ( 'NONE', ( #6840 ), #6945, .F. ) ;
#31 = STYLED_ITEM ( 'NONE', ( #6675 ), #2261 ) ;
#32 = CARTESIAN_POINT ( 'NONE',  ( -14.97499993203147106, -18.61923881554287519, -8.225000000000077804 ) ) ;
#33 = DIRECTION ( 'NONE',  ( -1.000000000000000000, 0.0000000000000000000, -6.774548571579288900E-17 ) ) ;
#34 = EDGE_CURVE ( 'NONE', #4503, #724, #57, .T. ) ;
#35 = FACE_OUTER_BOUND ( 'NONE', #5151, .T. ) ;
#36 = VECTOR ( 'NONE', #1965, 1000.000000000000000 ) ;
#37 = ORIENTED_EDGE ( 'NONE', *, *, #3778, .F. ) ;
#38 = DIRECTION ( 'NONE',  ( 0.0000000000000000000, 1.000000000000000000, 0.0000000000000000000 ) ) ;
#39 = LINE ( 'NONE', #4754, #5196 ) ;
#40 = PLANE ( 'NONE',  #2370 ) ;
#41 = ORIENTED_EDGE ( 'NONE', *, *, #5902, .F. ) ;
#42 = DIRECTION ( 'NONE',  ( 1.000000000000000000, 0.0000000000000000000, -3.522823058906759608E-13 ) ) ;
#43 = DIRECTION ( 'NONE',  ( 0.0000000000000000000, -0.0000000000000000000, 1.000000000000000000 ) ) ;
#44 = EDGE_CURVE ( 'NONE', #4260, #1300, #3452, .T. ) ;
#45 = CARTESIAN_POINT ( 'NONE',  ( 7.241003607157344035, 7.488015623777569931E-32, -10.14999999999999503 ) ) ;
#46 = ORIENTED_EDGE ( 'NONE', *, *, #2448, .T. ) ;
#47 = CARTESIAN_POINT ( 'NONE',  ( 11.49999999999999822, -0.09999999999999592548, -11.39999999999999503 ) ) ;
#48 = CARTESIAN_POINT ( 'NONE',  ( 9.230452312324132436, -9.900000000000003908, -12.14999999999999680 ) ) ;
#49 = ORIENTED_EDGE ( 'NONE', *, *, #1099, .F. ) ;
#50 = CARTESIAN_POINT ( 'NONE',  ( -14.32499996851770874, -12.20000000000000462, -5.724999986169907906 ) ) ;
#51 = ORIENTED_EDGE ( 'NONE', *, *, #3058, .F. ) ;
#52 = CYLINDRICAL_SURFACE ( 'NONE', #3989, 2.000000000000000000 ) ;
#53 = CARTESIAN_POINT ( 'NONE',  ( 8.530452312324126041, 7.488015623777569931E-32, -12.14999999999999680 ) ) ;
#54 = CARTESIAN_POINT ( 'NONE',  ( -14.35000000000000320, -12.59999999999999964, 8.150000000000003908 ) ) ;
#55 = VERTEX_POINT ( 'NONE', #4071 ) ;
#56 =( NAMED_UNIT ( * ) PLANE_ANGLE_UNIT ( ) SI_UNIT ( $, .RADIAN. ) );
#57 = LINE ( 'NONE', #1669, #3336 ) ;
#58 = EDGE_LOOP ( 'NONE', ( #596, #5703, #2973, #2801 ) ) ;
#59 = VECTOR ( 'NONE', #5257, 1000.000000000000000 ) ;
#60 =( NAMED_UNIT ( * ) SI_UNIT ( $, .STERADIAN. ) SOLID_ANGLE_UNIT ( ) );
#61 = CARTESIAN_POINT ( 'NONE',  ( 0.0000000000000000000, -12.30000000000000071, 0.0000000000000000000 ) ) ;
#62 = MECHANICAL_DESIGN_GEOMETRIC_PRESENTATION_REPRESENTATION (  '', ( #5526 ), #2178 ) ;
#63 = DIRECTION ( 'NONE',  ( 0.7071067811865398012, 0.0000000000000000000, 0.7071067811865552333 ) ) ;
#64 = SURFACE_SIDE_STYLE ('',( #590 ) ) ;
#65 = EDGE_CURVE ( 'NONE', #6118, #4207, #5169, .T. ) ;
#66 = EDGE_LOOP ( 'NONE', ( #5697, #4485, #5263, #2227 ) ) ;
#67 = DIRECTION ( 'NONE',  ( 9.130123557772656255E-16, 0.0000000000000000000, 1.000000000000000000 ) ) ;
#68 = PRESENTATION_STYLE_ASSIGNMENT (( #1202 ) ) ;
#69 = LINE ( 'NONE', #595, #5237 ) ;
#70 = EDGE_CURVE ( 'NONE', #4731, #888, #6378, .T. ) ;
#71 = VERTEX_POINT ( 'NONE', #2884 ) ;
#72 = STYLED_ITEM ( 'NONE', ( #1296 ), #4365 ) ;
#73 = ORIENTED_EDGE ( 'NONE', *, *, #7102, .T. ) ;
#74 = DIRECTION ( 'NONE',  ( 0.0000000000000000000, -1.000000000000000000, 0.0000000000000000000 ) ) ;
#75 = EDGE_CURVE ( 'NONE', #6622, #189, #4156, .T. ) ;
#76 = DIRECTION ( 'NONE',  ( -0.0000000000000000000, 1.000000000000000000, 0.0000000000000000000 ) ) ;
#77 = DIRECTION ( 'NONE',  ( -0.7071067811865536790, 0.0000000000000000000, -0.7071067811865414665 ) ) ;
#78 = AXIS2_PLACEMENT_3D ( 'NONE', #2817, #21, #2879 ) ;
#79 = ORIENTED_EDGE ( 'NONE', *, *, #2989, .T. ) ;
#80 = CARTESIAN_POINT ( 'NONE',  ( 7.965828276551891570E-16, -11.40000000000000036, -11.64999999999999680 ) ) ;
#81 = LINE ( 'NONE', #6297, #6225 ) ;
#82 = ADVANCED_FACE ( 'NONE', ( #3937, #6243 ), #6914, .T. ) ;
#83 = ORIENTED_EDGE ( 'NONE', *, *, #4097, .F. ) ;
#84 = EDGE_CURVE ( 'NONE', #558, #6285, #7058, .T. ) ;
#85 = ORIENTED_EDGE ( 'NONE', *, *, #5114, .F. ) ;
#86 = PLANE ( 'NONE',  #5180 ) ;
#87 = FACE_OUTER_BOUND ( 'NONE', #4842, .T. ) ;
#88 = CIRCLE ( 'NONE', #3623, 2.000000000000013767 ) ;
#89 = LINE ( 'NONE', #2325, #456 ) ;
#90 = VECTOR ( 'NONE', #2971, 1000.000000000000000 ) ;
#91 = VECTOR ( 'NONE', #3180, 1000.000000000000000 ) ;
#92 = ORIENTED_EDGE ( 'NONE', *, *, #3496, .T. ) ;
#93 = FILL_AREA_STYLE ('',( #2883 ) ) ;
#94 = COLOUR_RGB ( '',1.000000000000000000, 0.3960784313725490002, 0.1843137254901960898 ) ;
#95 = DIRECTION ( 'NONE',  ( 6.774548571579288900E-17, 6.162975822039153361E-33, -1.000000000000000000 ) ) ;
#96 = COLOUR_RGB ( '',0.0000000000000000000, 0.9372549019607843146, 0.3450980392156862697 ) ;
#97 =( NAMED_UNIT ( * ) SI_UNIT ( $, .STERADIAN. ) SOLID_ANGLE_UNIT ( ) );
#98 = ORIENTED_EDGE ( 'NONE', *, *, #2267, .T. ) ;
#99 = CARTESIAN_POINT ( 'NONE',  ( 5.530452312324126041, -9.689448705166794795, -12.14999999999999680 ) ) ;
#100 = AXIS2_PLACEMENT_3D ( 'NONE', #990, #430, #3315 ) ;
#101 = VECTOR ( 'NONE', #10, 1000.000000000000000 ) ;
#102 = AXIS2_PLACEMENT_3D ( 'NONE', #1946, #2537, #5978 ) ;
#103 = VECTOR ( 'NONE', #3008, 1000.000000000000000 ) ;
#104 = LINE ( 'NONE', #5903, #1856 ) ;
#105 = VECTOR ( 'NONE', #2747, 1000.000000000000000 ) ;
#106 = VECTOR ( 'NONE', #6568, 1000.000000000000000 ) ;
#107 = CARTESIAN_POINT ( 'NONE',  ( -4.616548321378394283E-14, -11.39999999999997193, -11.64999999999999680 ) ) ;
#108 = EDGE_LOOP ( 'NONE', ( #5312, #469, #1725, #6001 ) ) ;
#109 = CARTESIAN_POINT ( 'NONE',  ( -8.594011564216394561, -5.599999999999999645, -3.107656175016917821 ) ) ;
#110 = DIRECTION ( 'NONE',  ( -1.000000000000000000, 0.0000000000000000000, 0.0000000000000000000 ) ) ;
#111 = STYLED_ITEM ( 'NONE', ( #1352 ), #6366 ) ;
#112 = CARTESIAN_POINT ( 'NONE',  ( 0.2686831925543448074, -4.599999999999999645, 11.78745434496620526 ) ) ;
#113 = AXIS2_PLACEMENT_3D ( 'NONE', #5998, #2913, #5206 ) ;
#114 = EDGE_CURVE ( 'NONE', #6331, #1745, #1888, .T. ) ;
#115 = EDGE_LOOP ( 'NONE', ( #4093, #6916, #5142, #7173 ) ) ;
#116 = ORIENTED_EDGE ( 'NONE', *, *, #703, .F. ) ;
#117 = DIRECTION ( 'NONE',  ( 1.000000000000000000, 0.0000000000000000000, 6.774548571579288900E-17 ) ) ;
#118 = LINE ( 'NONE', #3922, #6441 ) ;
#119 = CARTESIAN_POINT ( 'NONE',  ( -13.39999992025019537, -6.899999999999999467, -9.449999999999997513 ) ) ;
#120 = EDGE_CURVE ( 'NONE', #6978, #3578, #755, .T. ) ;
#121 = ORIENTED_EDGE ( 'NONE', *, *, #2568, .T. ) ;
#122 = CARTESIAN_POINT ( 'NONE',  ( -1.987565705693877138, -9.900000000000002132, -11.14999999999999680 ) ) ;
#123 = CARTESIAN_POINT ( 'NONE',  ( -3.485777327012159255, 6.871718041573654458E-32, -10.14999999999999503 ) ) ;
#124 = ADVANCED_FACE ( 'NONE', ( #5286 ), #276, .T. ) ;
#125 = ORIENTED_EDGE ( 'NONE', *, *, #2359, .F. ) ;
#126 = ORIENTED_EDGE ( 'NONE', *, *, #6683, .T. ) ;
#127 = FILL_AREA_STYLE ('',( #6420 ) ) ;
#128 = PLANE ( 'NONE',  #3018 ) ;
#129 = CARTESIAN_POINT ( 'NONE',  ( 8.530452312324133146, -6.400000000000002132, -10.14999999999999503 ) ) ;
#130 = EDGE_CURVE ( 'NONE', #5687, #793, #1444, .T. ) ;
#131 = EDGE_LOOP ( 'NONE', ( #448, #830, #1531, #5063 ) ) ;
#132 = FACE_OUTER_BOUND ( 'NONE', #2376, .T. ) ;
#133 = ORIENTED_EDGE ( 'NONE', *, *, #6227, .F. ) ;
#134 = DIRECTION ( 'NONE',  ( -1.000000000000000000, 0.0000000000000000000, -6.774548571579288900E-17 ) ) ;
#135 = DIRECTION ( 'NONE',  ( -1.000000000000000000, 0.0000000000000000000, -8.807057647264946433E-14 ) ) ;
#136 = ORIENTED_EDGE ( 'NONE', *, *, #3658, .T. ) ;
#137 = CARTESIAN_POINT ( 'NONE',  ( -15.90000000000000036, -6.899999999999999467, -9.449999999999999289 ) ) ;
#138 = DIRECTION ( 'NONE',  ( 0.0000000000000000000, 0.0000000000000000000, 1.000000000000000000 ) ) ;
#139 = DIRECTION ( 'NONE',  ( 0.7071068463826079009, 0.0000000000000000000, -0.7071067159904811383 ) ) ;
#140 = CARTESIAN_POINT ( 'NONE',  ( 6.819901017490921369, -11.40000000000000036, -10.14999999999999503 ) ) ;
#141 = VECTOR ( 'NONE', #6900, 1000.000000000000227 ) ;
#142 = DIRECTION ( 'NONE',  ( -1.000000000000000000, 0.0000000000000000000, 1.334402673828022151E-15 ) ) ;
#143 = DIRECTION ( 'NONE',  ( -0.0000000000000000000, 1.000000000000000000, -0.0000000000000000000 ) ) ;
#144 = ORIENTED_EDGE ( 'NONE', *, *, #6800, .T. ) ;
#145 = VECTOR ( 'NONE', #5541, 1000.000000000000000 ) ;
#146 = CARTESIAN_POINT ( 'NONE',  ( 11.39999999999999503, 0.0000000000000000000, 0.0000000000000000000 ) ) ;
#147 = EDGE_LOOP ( 'NONE', ( #5494, #4464, #7294, #1797 ) ) ;
#148 = CARTESIAN_POINT ( 'NONE',  ( -3.485777327012159255, 6.871718041573654458E-32, -10.14999999999999503 ) ) ;
#149 = AXIS2_PLACEMENT_3D ( 'NONE', #4040, #95, #26 ) ;
#150 = DIRECTION ( 'NONE',  ( -3.269436954241216420E-49, 1.000000000000000000, 6.162975822039153361E-33 ) ) ;
#151 = DIRECTION ( 'NONE',  ( -5.304964758338859037E-17, 0.0000000000000000000, 1.000000000000000000 ) ) ;
#152 = ORIENTED_EDGE ( 'NONE', *, *, #2860, .T. ) ;
#153 = DIRECTION ( 'NONE',  ( 0.7071067000167851058, 0.0000000000000000000, 0.7071068623563007138 ) ) ;
#154 = DIRECTION ( 'NONE',  ( 0.0000000000000000000, -0.0000000000000000000, -1.000000000000000000 ) ) ;
#155 = ORIENTED_EDGE ( 'NONE', *, *, #6543, .T. ) ;
#156 = ORIENTED_EDGE ( 'NONE', *, *, #44, .F. ) ;
#157 = CARTESIAN_POINT ( 'NONE',  ( -0.4875657056938695888, -9.689448705166794795, -11.64999999999999680 ) ) ;
#158 = EDGE_CURVE ( 'NONE', #1478, #7016, #1362, .T. ) ;
#159 = CARTESIAN_POINT ( 'NONE',  ( -14.42499996851919519, -12.30000000000000071, -3.772756671481089937E-12 ) ) ;
#160 =( NAMED_UNIT ( * ) SI_UNIT ( $, .STERADIAN. ) SOLID_ANGLE_UNIT ( ) );
#161 = VERTEX_POINT ( 'NONE', #5855 ) ;
#162 = LINE ( 'NONE', #2010, #3693 ) ;
#163 = CARTESIAN_POINT ( 'NONE',  ( -14.42499993203135311, -12.30000000000000071, -8.125000000000085265 ) ) ;
#164 = PLANE ( 'NONE',  #3768 ) ;
#165 = ORIENTED_EDGE ( 'NONE', *, *, #4462, .T. ) ;
#166 = EDGE_CURVE ( 'NONE', #6827, #778, #7094, .T. ) ;
#167 = CARTESIAN_POINT ( 'NONE',  ( -8.594011564216394561, -4.599999999999999645, 6.398369318106219339 ) ) ;
#168 = DIRECTION ( 'NONE',  ( 0.0000000000000000000, -1.000000000000000000, 0.0000000000000000000 ) ) ;
#169 = CARTESIAN_POINT ( 'NONE',  ( 1.654122574073665937E-06, -6.899999999999999467, -4.149993731382910944 ) ) ;
#170 = CARTESIAN_POINT ( 'NONE',  ( 8.530452312324133146, -6.400000000000002132, -11.14999999999999680 ) ) ;
#171 = ADVANCED_FACE ( 'NONE', ( #1849 ), #4228, .F. ) ;
#172 = ORIENTED_EDGE ( 'NONE', *, *, #622, .F. ) ;
#173 = DIRECTION ( 'NONE',  ( 1.000000000000000000, 0.0000000000000000000, 6.774548571579288900E-17 ) ) ;
#174 = EDGE_CURVE ( 'NONE', #6734, #2749, #162, .T. ) ;
#175 = DIRECTION ( 'NONE',  ( -0.0000000000000000000, 1.000000000000000000, -0.0000000000000000000 ) ) ;
#176 = EDGE_LOOP ( 'NONE', ( #2832, #1215, #4941, #1663 ) ) ;
#177 = DIRECTION ( 'NONE',  ( -3.336006684570785074E-16, 0.0000000000000000000, 1.000000000000000000 ) ) ;
#178 = VERTEX_POINT ( 'NONE', #790 ) ;
#179 = PLANE ( 'NONE',  #3633 ) ;
#180 = MECHANICAL_DESIGN_GEOMETRIC_PRESENTATION_REPRESENTATION (  '', ( #6024 ), #4316 ) ;
#181 = DIRECTION ( 'NONE',  ( -0.7071067811865481278, 0.0000000000000000000, -0.7071067811865470176 ) ) ;
#182 = COLOUR_RGB ( '',0.0000000000000000000, 0.007843137254901960675, 0.02745098039215686236 ) ;
#183 =( NAMED_UNIT ( * ) SI_UNIT ( $, .STERADIAN. ) SOLID_ANGLE_UNIT ( ) );
#184 = APPLICATION_CONTEXT ( 'automotive_design' ) ;
#185 = VERTEX_POINT ( 'NONE', #5409 ) ;
#186 = DIRECTION ( 'NONE',  ( 0.0000000000000000000, -1.000000000000000000, 0.0000000000000000000 ) ) ;
#187 = PRESENTATION_LAYER_ASSIGNMENT (  '', '', ( #3376 ) ) ;
#188 = ORIENTED_EDGE ( 'NONE', *, *, #3689, .T. ) ;
#189 = VERTEX_POINT ( 'NONE', #3038 ) ;
#190 = DIRECTION ( 'NONE',  ( 6.774548571579288900E-17, 6.162975822039153361E-33, -1.000000000000000000 ) ) ;
#191 = PLANE ( 'NONE',  #5906 ) ;
#192 = PLANE ( 'NONE',  #1652 ) ;
#193 = VECTOR ( 'NONE', #607, 1000.000000000000000 ) ;
#194 = EDGE_CURVE ( 'NONE', #328, #7229, #5330, .T. ) ;
#195 = ORIENTED_EDGE ( 'NONE', *, *, #6168, .T. ) ;
#196 = CARTESIAN_POINT ( 'NONE',  ( 6.028068768760273421, -6.899999999999999467, 6.028068768760381779 ) ) ;
#197 = CARTESIAN_POINT ( 'NONE',  ( -11.39999999999999680, 0.0000000000000000000, 0.0000000000000000000 ) ) ;
#198 = LINE ( 'NONE', #4152, #1386 ) ;
#199 = ORIENTED_EDGE ( 'NONE', *, *, #4313, .F. ) ;
#200 =( LENGTH_UNIT ( ) NAMED_UNIT ( * ) SI_UNIT ( .MILLI., .METRE. ) );
#201 = DIRECTION ( 'NONE',  ( 2.891205793294677833E-16, -1.000000000000000000, 0.0000000000000000000 ) ) ;
#202 = DIRECTION ( 'NONE',  ( 2.891205793294679312E-16, 1.000000000000000000, 2.574958989914538807E-32 ) ) ;
#203 = PRESENTATION_LAYER_ASSIGNMENT (  '', '', ( #6394 ) ) ;
#204 = EDGE_CURVE ( 'NONE', #4759, #161, #6497, .T. ) ;
#205 = DIRECTION ( 'NONE',  ( 0.0000000000000000000, 0.0000000000000000000, -1.000000000000000000 ) ) ;
#206 = VERTEX_POINT ( 'NONE', #6540 ) ;
#207 = ORIENTED_EDGE ( 'NONE', *, *, #130, .T. ) ;
#208 = LINE ( 'NONE', #3723, #2798 ) ;
#209 = CARTESIAN_POINT ( 'NONE',  ( -13.40000000000000391, -6.899999999999999467, -11.64999999999999858 ) ) ;
#210 = VECTOR ( 'NONE', #4590, 1000.000000000000000 ) ;
#211 = EDGE_CURVE ( 'NONE', #7229, #531, #1408, .T. ) ;
#212 = ORIENTED_EDGE ( 'NONE', *, *, #1813, .F. ) ;
#213 =( LENGTH_UNIT ( ) NAMED_UNIT ( * ) SI_UNIT ( .MILLI., .METRE. ) );
#214 = AXIS2_PLACEMENT_3D ( 'NONE', #4840, #7146, #1527 ) ;
#215 = STYLED_ITEM ( 'NONE', ( #3492 ), #2948 ) ;
#216 = CARTESIAN_POINT ( 'NONE',  ( -9.549999954686082759, -7.425000022655690479, -12.99999997734408197 ) ) ;
#217 = MECHANICAL_DESIGN_GEOMETRIC_PRESENTATION_REPRESENTATION (  '', ( #3398 ), #4234 ) ;
#218 = DIRECTION ( 'NONE',  ( 0.0000000000000000000, 0.0000000000000000000, 1.000000000000000000 ) ) ;
#219 = MECHANICAL_DESIGN_GEOMETRIC_PRESENTATION_REPRESENTATION (  '', ( #4956 ), #2444 ) ;
#220 = VECTOR ( 'NONE', #175, 1000.000000000000000 ) ;
#221 = EDGE_CURVE ( 'NONE', #3144, #1338, #3710, .T. ) ;
#222 = STYLED_ITEM ( 'NONE', ( #4829 ), #3364 ) ;
#223 = VECTOR ( 'NONE', #6365, 1000.000000000000000 ) ;
#224 = ORIENTED_EDGE ( 'NONE', *, *, #5395, .F. ) ;
#225 = AXIS2_PLACEMENT_3D ( 'NONE', #1540, #2691, #1063 ) ;
#226 = FACE_BOUND ( 'NONE', #5162, .T. ) ;
#227 = ORIENTED_EDGE ( 'NONE', *, *, #5659, .F. ) ;
#228 = FACE_OUTER_BOUND ( 'NONE', #3543, .T. ) ;
#229 = FILL_AREA_STYLE_COLOUR ( '', #7273 ) ;
#230 = ORIENTED_EDGE ( 'NONE', *, *, #7084, .F. ) ;
#231 = CARTESIAN_POINT ( 'NONE',  ( 11.49999999999999822, -3.000000000000000000, -11.50000000000000000 ) ) ;
#232 =( LENGTH_UNIT ( ) NAMED_UNIT ( * ) SI_UNIT ( .MILLI., .METRE. ) );
#233 = VERTEX_POINT ( 'NONE', #3849 ) ;
#234 = EDGE_LOOP ( 'NONE', ( #269, #5711, #4999, #3610 ) ) ;
#235 = DIRECTION ( 'NONE',  ( 0.0000000000000000000, -0.0000000000000000000, -1.000000000000000000 ) ) ;
#236 = PLANE ( 'NONE',  #4868 ) ;
#237 = ORIENTED_EDGE ( 'NONE', *, *, #5951, .T. ) ;
#238 =( LENGTH_UNIT ( ) NAMED_UNIT ( * ) SI_UNIT ( .MILLI., .METRE. ) );
#239 = DIRECTION ( 'NONE',  ( 0.0000000000000000000, 0.0000000000000000000, 1.000000000000000000 ) ) ;
#240 = LINE ( 'NONE', #2480, #5548 ) ;
#241 = ORIENTED_EDGE ( 'NONE', *, *, #314, .F. ) ;
#242 =( NAMED_UNIT ( * ) PLANE_ANGLE_UNIT ( ) SI_UNIT ( $, .RADIAN. ) );
#243 = SURFACE_STYLE_FILL_AREA ( #5335 ) ;
#244 = CARTESIAN_POINT ( 'NONE',  ( 0.0000000000000000000, -4.599999999999999645, 9.287454344966207032 ) ) ;
#245 = PLANE ( 'NONE',  #3048 ) ;
#246 = DIRECTION ( 'NONE',  ( -1.000000000000000000, 0.0000000000000000000, 1.334402673828022151E-15 ) ) ;
#247 = CARTESIAN_POINT ( 'NONE',  ( 8.873110579618203757E-13, -6.899999999999999467, -10.07499999999860485 ) ) ;
#248 = ORIENTED_EDGE ( 'NONE', *, *, #5383, .F. ) ;
#249 = ORIENTED_EDGE ( 'NONE', *, *, #166, .F. ) ;
#250 = LINE ( 'NONE', #6510, #6056 ) ;
#251 = CARTESIAN_POINT ( 'NONE',  ( -14.35000000000000320, -4.599999999999999645, 10.15000000000000391 ) ) ;
#252 = ORIENTED_EDGE ( 'NONE', *, *, #538, .F. ) ;
#253 = LINE ( 'NONE', #7110, #6966 ) ;
#254 = EDGE_CURVE ( 'NONE', #2791, #2329, #6753, .T. ) ;
#255 = LINE ( 'NONE', #1387, #1937 ) ;
#256 = DIRECTION ( 'NONE',  ( 0.7071067811865721087, 0.7071067811865230368, -0.0000000000000000000 ) ) ;
#257 = ADVANCED_FACE ( 'NONE', ( #1522 ), #3194, .T. ) ;
#258 = AXIS2_PLACEMENT_3D ( 'NONE', #1070, #5623, #6611 ) ;
#259 = VERTEX_POINT ( 'NONE', #5481 ) ;
#260 = LINE ( 'NONE', #4650, #1945 ) ;
#261 = ORIENTED_EDGE ( 'NONE', *, *, #4403, .F. ) ;
#262 = DIRECTION ( 'NONE',  ( 1.000000000000000000, -0.0000000000000000000, 5.304964758338858421E-17 ) ) ;
#263 = ADVANCED_FACE ( 'NONE', ( #3304 ), #1043, .F. ) ;
#264 = ADVANCED_FACE ( 'NONE', ( #7171 ), #386, .F. ) ;
#265 = CARTESIAN_POINT ( 'NONE',  ( -5.459385576205934676, -6.899999999999999467, 5.459385576205964874 ) ) ;
#266 = ORIENTED_EDGE ( 'NONE', *, *, #2604, .T. ) ;
#267 =( NAMED_UNIT ( * ) SI_UNIT ( $, .STERADIAN. ) SOLID_ANGLE_UNIT ( ) );
#268 = SHAPE_DEFINITION_REPRESENTATION ( #4740, #3213 ) ;
#269 = ORIENTED_EDGE ( 'NONE', *, *, #2346, .T. ) ;
#270 = VERTEX_POINT ( 'NONE', #6124 ) ;
#271 = DIRECTION ( 'NONE',  ( 0.0000000000000000000, 0.0000000000000000000, 1.000000000000000000 ) ) ;
#272 = EDGE_CURVE ( 'NONE', #498, #7304, #2741, .T. ) ;
#273 =( NAMED_UNIT ( * ) SI_UNIT ( $, .STERADIAN. ) SOLID_ANGLE_UNIT ( ) );
#274 = PRESENTATION_STYLE_ASSIGNMENT (( #751 ) ) ;
#275 = EDGE_LOOP ( 'NONE', ( #3586, #7217, #2481, #125 ) ) ;
#276 = PLANE ( 'NONE',  #4755 ) ;
#277 = FACE_OUTER_BOUND ( 'NONE', #5884, .T. ) ;
#278 = DIRECTION ( 'NONE',  ( -0.0000000000000000000, 1.000000000000000000, -0.0000000000000000000 ) ) ;
#279 = ORIENTED_EDGE ( 'NONE', *, *, #1019, .T. ) ;
#280 = FACE_OUTER_BOUND ( 'NONE', #1488, .T. ) ;
#281 = CYLINDRICAL_SURFACE ( 'NONE', #3000, 1.000000000000003331 ) ;
#282 = LINE ( 'NONE', #2524, #1477 ) ;
#283 = DIRECTION ( 'NONE',  ( -1.000000000000000000, 0.0000000000000000000, 0.0000000000000000000 ) ) ;
#284 = DIRECTION ( 'NONE',  ( 2.668805347656626481E-15, 0.0000000000000000000, -1.000000000000000000 ) ) ;
#285 = CARTESIAN_POINT ( 'NONE',  ( 1.493683192554345673, -12.19999999999999751, 10.86245434496621165 ) ) ;
#286 = EDGE_LOOP ( 'NONE', ( #4605, #7283, #6596, #3473 ) ) ;
#287 = VERTEX_POINT ( 'NONE', #5447 ) ;
#288 = PRODUCT_RELATED_PRODUCT_CATEGORY ( 'part', '', ( #1957 ) ) ;
#289 = DIRECTION ( 'NONE',  ( 0.0000000000000000000, 0.0000000000000000000, -1.000000000000000000 ) ) ;
#290 = VERTEX_POINT ( 'NONE', #6715 ) ;
#291 = CARTESIAN_POINT ( 'NONE',  ( 0.0000000000000000000, -5.599999999999999645, 4.300192520074537228 ) ) ;
#292 = CARTESIAN_POINT ( 'NONE',  ( -2.856316807445651307, -12.19999999999999751, 10.21245434496620952 ) ) ;
#293 = FACE_OUTER_BOUND ( 'NONE', #1233, .T. ) ;
#294 = LINE ( 'NONE', #2538, #1255 ) ;
#295 = EDGE_CURVE ( 'NONE', #1464, #978, #354, .T. ) ;
#296 = VERTEX_POINT ( 'NONE', #529 ) ;
#297 = CARTESIAN_POINT ( 'NONE',  ( -16.35000000000000853, -4.599999999999999645, -12.14999999999999858 ) ) ;
#298 = VECTOR ( 'NONE', #4324, 1000.000000000000000 ) ;
#299 = COLOUR_RGB ( '',0.9686274509803921573, 0.9686274509803921573, 0.9686274509803921573 ) ;
#300 = UNCERTAINTY_MEASURE_WITH_UNIT (LENGTH_MEASURE( 1.000000000000000082E-05 ), #7093, 'distance_accuracy_value', 'NONE');
#301 = ORIENTED_EDGE ( 'NONE', *, *, #2853, .F. ) ;
#302 = DIRECTION ( 'NONE',  ( -2.054980117695600852E-13, 0.0000000000000000000, -1.000000000000000000 ) ) ;
#303 = LINE ( 'NONE', #2544, #7169 ) ;
#304 = EDGE_LOOP ( 'NONE', ( #4006, #6830, #4240, #85 ) ) ;
#305 = EDGE_CURVE ( 'NONE', #1645, #4684, #2247, .T. ) ;
#306 = CARTESIAN_POINT ( 'NONE',  ( -1.777014410860664695, -8.400000000000000355, -11.64999999999999680 ) ) ;
#307 =( LENGTH_UNIT ( ) NAMED_UNIT ( * ) SI_UNIT ( .MILLI., .METRE. ) );
#308 = ORIENTED_EDGE ( 'NONE', *, *, #4100, .F. ) ;
#309 = ORIENTED_EDGE ( 'NONE', *, *, #4641, .T. ) ;
#310 = DIRECTION ( 'NONE',  ( 0.0000000000000000000, 0.7071067811865230368, 0.7071067811865721087 ) ) ;
#311 = DIRECTION ( 'NONE',  ( 0.0000000000000000000, -1.000000000000000000, 0.0000000000000000000 ) ) ;
#312 = STYLED_ITEM ( 'NONE', ( #543 ), #4282 ) ;
#313 = VERTEX_POINT ( 'NONE', #6234 ) ;
#314 = EDGE_CURVE ( 'NONE', #793, #2724, #3960, .T. ) ;
#315 = EDGE_CURVE ( 'NONE', #5341, #1244, #5049, .T. ) ;
#316 = DIRECTION ( 'NONE',  ( 0.0000000000000000000, 1.000000000000000000, 0.0000000000000000000 ) ) ;
#317 = CARTESIAN_POINT ( 'NONE',  ( -14.97499993203133606, -6.899999999999999467, -7.575000000000077449 ) ) ;
#318 = VERTEX_POINT ( 'NONE', #48 ) ;
#319 = LINE ( 'NONE', #5453, #3272 ) ;
#320 = CARTESIAN_POINT ( 'NONE',  ( 11.40000000000000213, -3.000000000000000000, -11.50000000000000000 ) ) ;
#321 = SURFACE_STYLE_FILL_AREA ( #5899 ) ;
#322 = LINE ( 'NONE', #1451, #4959 ) ;
#323 = EDGE_CURVE ( 'NONE', #7182, #5473, #4004, .T. ) ;
#324 = ORIENTED_EDGE ( 'NONE', *, *, #3339, .F. ) ;
#325 = COLOUR_RGB ( '',0.0000000000000000000, 0.007843137254901960675, 0.02745098039215686236 ) ;
#326 = LINE ( 'NONE', #1339, #5929 ) ;
#327 = DIRECTION ( 'NONE',  ( 1.000000000000000000, 0.0000000000000000000, -1.224646799147353207E-16 ) ) ;
#328 = VERTEX_POINT ( 'NONE', #667 ) ;
#329 = LINE ( 'NONE', #1903, #1711 ) ;
#330 = DIRECTION ( 'NONE',  ( -0.7071067811865409114, 0.0000000000000000000, 0.7071067811865541231 ) ) ;
#331 = CIRCLE ( 'NONE', #1493, 2.000000000000013767 ) ;
#332 = PRESENTATION_LAYER_ASSIGNMENT (  '', '', ( #5782 ) ) ;
#333 = DIRECTION ( 'NONE',  ( 9.637352644315584889E-16, 1.000000000000000000, 0.0000000000000000000 ) ) ;
#334 = VECTOR ( 'NONE', #1429, 1000.000000000000000 ) ;
#335 = CARTESIAN_POINT ( 'NONE',  ( -14.87499996851773965, -12.30000000000000071, -5.174999986169893873 ) ) ;
#336 = VECTOR ( 'NONE', #7249, 1000.000000000000000 ) ;
#337 = VECTOR ( 'NONE', #5342, 1000.000000000000000 ) ;
#338 = ORIENTED_EDGE ( 'NONE', *, *, #4730, .T. ) ;
#339 = VERTEX_POINT ( 'NONE', #1106 ) ;
#340 = PLANE ( 'NONE',  #1622 ) ;
#341 = VECTOR ( 'NONE', #1333, 1000.000000000000000 ) ;
#342 = VECTOR ( 'NONE', #3504, 1000.000000000000000 ) ;
#343 = LINE ( 'NONE', #2133, #6928 ) ;
#344 = TOROIDAL_SURFACE ( 'NONE', #2450, 1.599999999999999645, 0.4000000000000000222 ) ;
#345 =( GEOMETRIC_REPRESENTATION_CONTEXT ( 3 ) GLOBAL_UNCERTAINTY_ASSIGNED_CONTEXT ( ( #3836 ) ) GLOBAL_UNIT_ASSIGNED_CONTEXT ( ( #4141, #4775, #4174 ) ) REPRESENTATION_CONTEXT ( 'NONE', 'WORKASPACE' ) );
#346 = DIRECTION ( 'NONE',  ( -1.000000000000000000, 0.0000000000000000000, -6.774548571579288900E-17 ) ) ;
#347 =( NAMED_UNIT ( * ) SI_UNIT ( $, .STERADIAN. ) SOLID_ANGLE_UNIT ( ) );
#348 = ORIENTED_EDGE ( 'NONE', *, *, #6551, .F. ) ;
#349 = VERTEX_POINT ( 'NONE', #5699 ) ;
#350 = CARTESIAN_POINT ( 'NONE',  ( 14.34999999999999609, -12.20000000000000107, 10.15000000000000391 ) ) ;
#351 = EDGE_CURVE ( 'NONE', #5134, #6027, #6937, .T. ) ;
#352 = EDGE_CURVE ( 'NONE', #6093, #1047, #6333, .T. ) ;
#353 = CARTESIAN_POINT ( 'NONE',  ( 8.231076514468834183E-16, -9.689448705166794795, -12.14999999999999680 ) ) ;
#354 = LINE ( 'NONE', #3410, #3921 ) ;
#355 = DIRECTION ( 'NONE',  ( -1.000000000000000000, 0.0000000000000000000, -6.774548571579288900E-17 ) ) ;
#356 = CARTESIAN_POINT ( 'NONE',  ( -0.4875657056938695888, -10.11055129483321835, -11.64999999999999680 ) ) ;
#357 = ORIENTED_EDGE ( 'NONE', *, *, #6876, .F. ) ;
#358 = DIRECTION ( 'NONE',  ( -0.0000000000000000000, 1.000000000000000000, -0.0000000000000000000 ) ) ;
#359 = FILL_AREA_STYLE_COLOUR ( '', #5033 ) ;
#360 =( LENGTH_UNIT ( ) NAMED_UNIT ( * ) SI_UNIT ( .MILLI., .METRE. ) );
#361 = LINE ( 'NONE', #6582, #3880 ) ;
#362 = EDGE_CURVE ( 'NONE', #3795, #5518, #2838, .T. ) ;
#363 =( LENGTH_UNIT ( ) NAMED_UNIT ( * ) SI_UNIT ( .MILLI., .METRE. ) );
#364 = ORIENTED_EDGE ( 'NONE', *, *, #1730, .T. ) ;
#365 = EDGE_LOOP ( 'NONE', ( #3026, #2129, #644, #2640 ) ) ;
#366 = CARTESIAN_POINT ( 'NONE',  ( -1.931316807445654371, -6.899999999999999467, 11.48745434496620632 ) ) ;
#367 = FILL_AREA_STYLE_COLOUR ( '', #3275 ) ;
#368 = FACE_OUTER_BOUND ( 'NONE', #1430, .T. ) ;
#369 = LINE ( 'NONE', #5912, #5507 ) ;
#370 = DIRECTION ( 'NONE',  ( 0.0000000000000000000, -1.000000000000000000, 0.0000000000000000000 ) ) ;
#371 = ADVANCED_FACE ( 'NONE', ( #6828 ), #4479, .F. ) ;
#372 = FACE_OUTER_BOUND ( 'NONE', #1, .T. ) ;
#373 = DIRECTION ( 'NONE',  ( -0.0000000000000000000, 1.000000000000000000, -0.0000000000000000000 ) ) ;
#374 = ORIENTED_EDGE ( 'NONE', *, *, #1769, .F. ) ;
#375 = UNCERTAINTY_MEASURE_WITH_UNIT (LENGTH_MEASURE( 1.000000000000000082E-05 ), #4715, 'distance_accuracy_value', 'NONE');
#376 = VERTEX_POINT ( 'NONE', #2812 ) ;
#377 = FACE_OUTER_BOUND ( 'NONE', #958, .T. ) ;
#378 = PLANE ( 'NONE',  #6100 ) ;
#379 = CARTESIAN_POINT ( 'NONE',  ( -1.970877871630487110, -11.31456106418477070, 9.327015409151046654 ) ) ;
#380 = DIRECTION ( 'NONE',  ( 1.000000000000000000, 0.0000000000000000000, -5.337610695312117003E-15 ) ) ;
#381 = EDGE_LOOP ( 'NONE', ( #6210, #3485, #2034, #928 ) ) ;
#382 = LINE ( 'NONE', #6610, #2554 ) ;
#383 = FACE_OUTER_BOUND ( 'NONE', #2952, .T. ) ;
#384 = ORIENTED_EDGE ( 'NONE', *, *, #4128, .F. ) ;
#385 =( NAMED_UNIT ( * ) SI_UNIT ( $, .STERADIAN. ) SOLID_ANGLE_UNIT ( ) );
#386 = PLANE ( 'NONE',  #5498 ) ;
#387 = CARTESIAN_POINT ( 'NONE',  ( 9.418078673088574604, -4.599999999999999645, 6.869388599297004738 ) ) ;
#388 = EDGE_CURVE ( 'NONE', #7157, #879, #2281, .T. ) ;
#389 = VECTOR ( 'NONE', #316, 1000.000000000000000 ) ;
#390 = ORIENTED_EDGE ( 'NONE', *, *, #894, .F. ) ;
#391 = FACE_OUTER_BOUND ( 'NONE', #5372, .T. ) ;
#392 = DIRECTION ( 'NONE',  ( 0.0000000000000000000, -1.000000000000000000, 0.0000000000000000000 ) ) ;
#393 = LINE ( 'NONE', #6098, #4111 ) ;
#394 = CARTESIAN_POINT ( 'NONE',  ( -3.225000000000091571, -6.899999999999999467, 3.225000000000055156 ) ) ;
#395 = ORIENTED_EDGE ( 'NONE', *, *, #2154, .F. ) ;
#396 = EDGE_LOOP ( 'NONE', ( #758, #7278, #1438, #5989, #6696 ) ) ;
#397 = CARTESIAN_POINT ( 'NONE',  ( -3.485777327012159255, -6.400000000000000355, -11.14999999999999680 ) ) ;
#398 = EDGE_CURVE ( 'NONE', #5350, #6842, #81, .T. ) ;
#399 = ORIENTED_EDGE ( 'NONE', *, *, #3141, .T. ) ;
#400 = LINE ( 'NONE', #5464, #2387 ) ;
#401 = ADVANCED_FACE ( 'NONE', ( #2351, #1178, #3891, #6199 ), #3441, .T. ) ;
#402 = DIRECTION ( 'NONE',  ( -0.7071067811865403563, 0.0000000000000000000, -0.7071067811865546782 ) ) ;
#403 = DIRECTION ( 'NONE',  ( 0.0000000000000000000, -1.000000000000000000, 0.0000000000000000000 ) ) ;
#404 = AXIS2_PLACEMENT_3D ( 'NONE', #7202, #459, #5450 ) ;
#405 = EDGE_CURVE ( 'NONE', #6103, #4149, #781, .T. ) ;
#406 = ORIENTED_EDGE ( 'NONE', *, *, #7133, .T. ) ;
#407 = SURFACE_STYLE_USAGE ( .BOTH. , #2653 ) ;
#408 = VERTEX_POINT ( 'NONE', #1838 ) ;
#409 = DIRECTION ( 'NONE',  ( 5.304964758338859037E-17, 0.0000000000000000000, -1.000000000000000000 ) ) ;
#410 = SURFACE_STYLE_FILL_AREA ( #4430 ) ;
#411 = LINE ( 'NONE', #3221, #4583 ) ;
#412 = ORIENTED_EDGE ( 'NONE', *, *, #3508, .F. ) ;
#413 = SURFACE_STYLE_USAGE ( .BOTH. , #1439 ) ;
#414 = PRESENTATION_LAYER_ASSIGNMENT (  '', '', ( #2402 ) ) ;
#415 = DIRECTION ( 'NONE',  ( 1.000000000000000000, 0.0000000000000000000, 0.0000000000000000000 ) ) ;
#416 = DIRECTION ( 'NONE',  ( -1.000000000000000000, -2.891205793294677833E-16, -5.304964758338859037E-17 ) ) ;
#417 = CARTESIAN_POINT ( 'NONE',  ( 13.35751266122969128, -4.599999999999999645, 4.300192520074537228 ) ) ;
#418 = VERTEX_POINT ( 'NONE', #1400 ) ;
#419 = DIRECTION ( 'NONE',  ( -0.7071067811865721087, 0.7071067811865230368, -1.849387751815030025E-13 ) ) ;
#420 = DIRECTION ( 'NONE',  ( 0.7071067811865721087, -0.7071067811865230368, 1.421085471520200056E-14 ) ) ;
#421 = CIRCLE ( 'NONE', #3487, 2.000000000000000000 ) ;
#422 = EDGE_CURVE ( 'NONE', #5604, #2882, #5279, .T. ) ;
#423 = CARTESIAN_POINT ( 'NONE',  ( -1.543801589100889604, -15.88748478165549116, 7.174969563310965803 ) ) ;
#424 = ORIENTED_EDGE ( 'NONE', *, *, #6052, .T. ) ;
#425 = VERTEX_POINT ( 'NONE', #745 ) ;
#426 = LINE ( 'NONE', #3205, #1833 ) ;
#427 = VERTEX_POINT ( 'NONE', #3025 ) ;
#428 = CYLINDRICAL_SURFACE ( 'NONE', #6733, 2.199999999999999289 ) ;
#429 = ADVANCED_FACE ( 'NONE', ( #2508 ), #7050, .T. ) ;
#430 = DIRECTION ( 'NONE',  ( -1.000000000000000000, 0.0000000000000000000, 0.0000000000000000000 ) ) ;
#431 = VECTOR ( 'NONE', #4517, 1000.000000000000000 ) ;
#432 = EDGE_CURVE ( 'NONE', #1392, #2039, #6972, .T. ) ;
#433 = EDGE_LOOP ( 'NONE', ( #6585, #6137, #5934, #6726 ) ) ;
#434 = UNCERTAINTY_MEASURE_WITH_UNIT (LENGTH_MEASURE( 1.000000000000000082E-05 ), #6617, 'distance_accuracy_value', 'NONE');
#435 = STYLED_ITEM ( 'NONE', ( #3041 ), #4974 ) ;
#436 = ORIENTED_EDGE ( 'NONE', *, *, #3664, .T. ) ;
#437 = EDGE_CURVE ( 'NONE', #2093, #4390, #5321, .T. ) ;
#438 = CIRCLE ( 'NONE', #2567, 0.3999999999999993006 ) ;
#439 = LINE ( 'NONE', #2069, #145 ) ;
#440 = AXIS2_PLACEMENT_3D ( 'NONE', #3308, #2745, #1146 ) ;
#441 = ADVANCED_FACE ( 'NONE', ( #4811 ), #5240, .T. ) ;
#442 = VECTOR ( 'NONE', #983, 1000.000000000000000 ) ;
#443 = AXIS2_PLACEMENT_3D ( 'NONE', #2296, #4562, #2790 ) ;
#444 = AXIS2_PLACEMENT_3D ( 'NONE', #2711, #6757, #2150 ) ;
#445 = CARTESIAN_POINT ( 'NONE',  ( -14.97499993203147106, -12.19999999999999751, -8.225000000000077804 ) ) ;
#446 = PLANE ( 'NONE',  #4001 ) ;
#447 = AXIS2_PLACEMENT_3D ( 'NONE', #455, #1071, #6748 ) ;
#448 = ORIENTED_EDGE ( 'NONE', *, *, #4196, .T. ) ;
#449 = VECTOR ( 'NONE', #3400, 1000.000000000000000 ) ;
#450 = UNCERTAINTY_MEASURE_WITH_UNIT (LENGTH_MEASURE( 1.000000000000000082E-05 ), #1196, 'distance_accuracy_value', 'NONE');
#451 = DIRECTION ( 'NONE',  ( -1.427755947306013918E-16, -0.0000000000000000000, -1.000000000000000000 ) ) ;
#452 = MECHANICAL_DESIGN_GEOMETRIC_PRESENTATION_REPRESENTATION (  '', ( #2577 ), #1385 ) ;
#453 = VECTOR ( 'NONE', #1502, 1000.000000000000000 ) ;
#454 = ADVANCED_FACE ( 'NONE', ( #1917 ), #5933, .T. ) ;
#455 = CARTESIAN_POINT ( 'NONE',  ( 2.043683192554357042, -12.30000000000000071, 1.363548158301256253E-15 ) ) ;
#456 = VECTOR ( 'NONE', #4592, 1000.000000000000000 ) ;
#457 = ORIENTED_EDGE ( 'NONE', *, *, #1230, .T. ) ;
#458 = DIRECTION ( 'NONE',  ( 0.0000000000000000000, 0.0000000000000000000, -1.000000000000000000 ) ) ;
#459 = DIRECTION ( 'NONE',  ( 0.0000000000000000000, 0.0000000000000000000, 1.000000000000000000 ) ) ;
#460 = ORIENTED_EDGE ( 'NONE', *, *, #7292, .F. ) ;
#461 = FACE_OUTER_BOUND ( 'NONE', #6146, .T. ) ;
#462 = ORIENTED_EDGE ( 'NONE', *, *, #4773, .F. ) ;
#463 = DIRECTION ( 'NONE',  ( 5.304964758338859037E-17, 0.0000000000000000000, -1.000000000000000000 ) ) ;
#464 = CARTESIAN_POINT ( 'NONE',  ( 0.0000000000000000000, 0.0000000000000000000, 11.39999999999999858 ) ) ;
#465 = VECTOR ( 'NONE', #3692, 1000.000000000000000 ) ;
#466 = DIRECTION ( 'NONE',  ( 1.000000000000000000, 0.0000000000000000000, 6.774548571579288900E-17 ) ) ;
#467 = EDGE_LOOP ( 'NONE', ( #4692, #5361, #2226, #1865 ) ) ;
#468 = FACE_OUTER_BOUND ( 'NONE', #2352, .T. ) ;
#469 = ORIENTED_EDGE ( 'NONE', *, *, #954, .T. ) ;
#470 = LINE ( 'NONE', #4557, #3009 ) ;
#471 = SURFACE_STYLE_USAGE ( .BOTH. , #4281 ) ;
#472 = FACE_OUTER_BOUND ( 'NONE', #3791, .T. ) ;
#473 = ADVANCED_FACE ( 'NONE', ( #3703 ), #446, .F. ) ;
#474 = ORIENTED_EDGE ( 'NONE', *, *, #4100, .T. ) ;
#475 = FILL_AREA_STYLE ('',( #1576 ) ) ;
#476 = ORIENTED_EDGE ( 'NONE', *, *, #593, .F. ) ;
#477 = CARTESIAN_POINT ( 'NONE',  ( 8.530452312324126041, 7.488015623777569931E-32, -11.64999999999999680 ) ) ;
#478 = CYLINDRICAL_SURFACE ( 'NONE', #3322, 2.000000000000013767 ) ;
#479 = CARTESIAN_POINT ( 'NONE',  ( 5.530452312324126041, -10.11055129483321835, -11.14999999999999680 ) ) ;
#480 = CARTESIAN_POINT ( 'NONE',  ( 8.530452312324126041, 7.488015623777569931E-32, -11.64999999999999680 ) ) ;
#481 = ADVANCED_FACE ( 'NONE', ( #969 ), #3812, .T. ) ;
#482 = EDGE_LOOP ( 'NONE', ( #5667, #1311, #37, #1187 ) ) ;
#483 = EDGE_CURVE ( 'NONE', #6461, #7066, #5435, .T. ) ;
#484 = FILL_AREA_STYLE ('',( #1583 ) ) ;
#485 = LINE ( 'NONE', #2704, #2028 ) ;
#486 = ORIENTED_EDGE ( 'NONE', *, *, #5710, .F. ) ;
#487 = FILL_AREA_STYLE ('',( #4003 ) ) ;
#488 = CARTESIAN_POINT ( 'NONE',  ( -11.50000000000000000, -3.000000000000000000, 11.50000000000000178 ) ) ;
#489 = EDGE_CURVE ( 'NONE', #1577, #5103, #2590, .T. ) ;
#490 = VERTEX_POINT ( 'NONE', #2137 ) ;
#491 = EDGE_CURVE ( 'NONE', #3851, #4149, #6640, .T. ) ;
#492 = PLANE ( 'NONE',  #6273 ) ;
#493 = ORIENTED_EDGE ( 'NONE', *, *, #1414, .T. ) ;
#494 = PLANE ( 'NONE',  #440 ) ;
#495 = VECTOR ( 'NONE', #5045, 1000.000000000000000 ) ;
#496 = CARTESIAN_POINT ( 'NONE',  ( -10.39999994562513486, -12.59999999999999964, -11.74999999999999822 ) ) ;
#497 = CARTESIAN_POINT ( 'NONE',  ( -3.383356960561786399E-14, -8.399999999999971934, -11.14999999999999680 ) ) ;
#498 = VERTEX_POINT ( 'NONE', #4367 ) ;
#499 = DIRECTION ( 'NONE',  ( -3.269436954241216420E-49, 1.000000000000000000, 6.162975822039153361E-33 ) ) ;
#500 = ORIENTED_EDGE ( 'NONE', *, *, #1193, .F. ) ;
#501 = ORIENTED_EDGE ( 'NONE', *, *, #120, .T. ) ;
#502 = DIRECTION ( 'NONE',  ( -0.0000000000000000000, 1.000000000000000000, -0.0000000000000000000 ) ) ;
#503 = ORIENTED_EDGE ( 'NONE', *, *, #7353, .T. ) ;
#504 = DIRECTION ( 'NONE',  ( -1.000000000000000000, 0.0000000000000000000, 0.0000000000000000000 ) ) ;
#505 = VECTOR ( 'NONE', #5368, 1000.000000000000000 ) ;
#506 = DIRECTION ( 'NONE',  ( -1.000000000000000000, 0.0000000000000000000, -2.668805347656623326E-15 ) ) ;
#507 = EDGE_CURVE ( 'NONE', #3776, #4140, #2659, .T. ) ;
#508 = FILL_AREA_STYLE ('',( #548 ) ) ;
#509 = VERTEX_POINT ( 'NONE', #6117 ) ;
#510 = LINE ( 'NONE', #3942, #4774 ) ;
#511 = SURFACE_SIDE_STYLE ('',( #5617 ) ) ;
#512 = CARTESIAN_POINT ( 'NONE',  ( -1.777014410860662252, 5.137714359448481921E-16, -11.64999999999999680 ) ) ;
#513 = CARTESIAN_POINT ( 'NONE',  ( 16.34999999999999787, -3.000000000000000000, -12.14999999999999680 ) ) ;
#514 = CIRCLE ( 'NONE', #1324, 2.000000000000000000 ) ;
#515 = DIRECTION ( 'NONE',  ( 0.5773502691895436856, -0.5773502691897884898, 0.5773502691895451289 ) ) ;
#516 = VECTOR ( 'NONE', #959, 1000.000000000000000 ) ;
#517 = ORIENTED_EDGE ( 'NONE', *, *, #1609, .T. ) ;
#518 = UNCERTAINTY_MEASURE_WITH_UNIT (LENGTH_MEASURE( 1.000000000000000082E-05 ), #546, 'distance_accuracy_value', 'NONE');
#519 = VERTEX_POINT ( 'NONE', #1514 ) ;
#520 = DIRECTION ( 'NONE',  ( 0.0000000000000000000, -1.000000000000000000, 0.0000000000000000000 ) ) ;
#521 = FILL_AREA_STYLE ('',( #3816 ) ) ;
#522 = LINE ( 'NONE', #3817, #806 ) ;
#523 = EDGE_CURVE ( 'NONE', #3704, #1956, #1001, .T. ) ;
#524 = VECTOR ( 'NONE', #38, 1000.000000000000000 ) ;
#525 = PRESENTATION_LAYER_ASSIGNMENT (  '', '', ( #6607 ) ) ;
#526 = AXIS2_PLACEMENT_3D ( 'NONE', #3674, #5219, #4717 ) ;
#527 = EDGE_LOOP ( 'NONE', ( #4412, #2851, #5536, #5911, #6991, #324, #2488, #6867, #5501, #1598, #2125, #3435, #771, #2127, #1610, #5150 ) ) ;
#528 = DIRECTION ( 'NONE',  ( -5.304964758338859037E-17, 0.0000000000000000000, 1.000000000000000000 ) ) ;
#529 = CARTESIAN_POINT ( 'NONE',  ( -11.50000000000000000, -0.09999999999999592548, 11.40000000000000568 ) ) ;
#530 = CARTESIAN_POINT ( 'NONE',  ( 7.323256856488931154E-15, -6.899999999999999467, 9.287454344966208808 ) ) ;
#531 = VERTEX_POINT ( 'NONE', #3254 ) ;
#532 = PRESENTATION_STYLE_ASSIGNMENT (( #5874 ) ) ;
#533 = VERTEX_POINT ( 'NONE', #3781 ) ;
#534 = FACE_OUTER_BOUND ( 'NONE', #131, .T. ) ;
#535 = AXIS2_PLACEMENT_3D ( 'NONE', #2564, #3198, #7175 ) ;
#536 = DIRECTION ( 'NONE',  ( -0.0000000000000000000, 1.000000000000000000, -0.0000000000000000000 ) ) ;
#537 = ADVANCED_FACE ( 'NONE', ( #4400 ), #1546, .T. ) ;
#538 = EDGE_CURVE ( 'NONE', #3779, #6331, #2004, .T. ) ;
#539 = VERTEX_POINT ( 'NONE', #1619 ) ;
#540 = VERTEX_POINT ( 'NONE', #5829 ) ;
#541 = LINE ( 'NONE', #5819, #6169 ) ;
#542 = ORIENTED_EDGE ( 'NONE', *, *, #4248, .T. ) ;
#543 = PRESENTATION_STYLE_ASSIGNMENT (( #2128 ) ) ;
#544 = VECTOR ( 'NONE', #5832, 1000.000000000000000 ) ;
#545 = DIRECTION ( 'NONE',  ( 0.0000000000000000000, 0.0000000000000000000, 1.000000000000000000 ) ) ;
#546 =( LENGTH_UNIT ( ) NAMED_UNIT ( * ) SI_UNIT ( .MILLI., .METRE. ) );
#547 = AXIS2_PLACEMENT_3D ( 'NONE', #2445, #875, #2602 ) ;
#548 = FILL_AREA_STYLE_COLOUR ( '', #1500 ) ;
#549 = ORIENTED_EDGE ( 'NONE', *, *, #5941, .T. ) ;
#550 = CARTESIAN_POINT ( 'NONE',  ( -3.778227730679330852E-12, -18.61923881554287519, -10.72500000000519726 ) ) ;
#551 = DIRECTION ( 'NONE',  ( 1.577021341797096821E-15, 0.0000000000000000000, 1.000000000000000000 ) ) ;
#552 = TOROIDAL_SURFACE ( 'NONE', #4326, 1.599999999999999645, 0.4000000000000000222 ) ;
#553 = PLANE ( 'NONE',  #5726 ) ;
#554 = VECTOR ( 'NONE', #3900, 1000.000000000000000 ) ;
#555 = FACE_OUTER_BOUND ( 'NONE', #2245, .T. ) ;
#556 = VECTOR ( 'NONE', #3852, 1000.000000000000000 ) ;
#557 = ORIENTED_EDGE ( 'NONE', *, *, #6353, .F. ) ;
#558 = VERTEX_POINT ( 'NONE', #3360 ) ;
#559 = CARTESIAN_POINT ( 'NONE',  ( 8.530452312324126041, -10.11055129483321835, -12.14999999999999680 ) ) ;
#560 = FACE_OUTER_BOUND ( 'NONE', #2539, .T. ) ;
#561 = STYLED_ITEM ( 'NONE', ( #3387 ), #3458 ) ;
#562 = FILL_AREA_STYLE_COLOUR ( '', #6175 ) ;
#563 = ORIENTED_EDGE ( 'NONE', *, *, #362, .F. ) ;
#564 = VECTOR ( 'NONE', #2168, 1000.000000000000000 ) ;
#565 = COLOUR_RGB ( '',0.0000000000000000000, 0.007843137254901960675, 0.02745098039215686236 ) ;
#566 = LINE ( 'NONE', #1659, #690 ) ;
#567 = CARTESIAN_POINT ( 'NONE',  ( -0.4875657056938695888, -9.689448705166794795, -12.14999999999999680 ) ) ;
#568 = VERTEX_POINT ( 'NONE', #170 ) ;
#569 = AXIS2_PLACEMENT_3D ( 'NONE', #4520, #6839, #1705 ) ;
#570 =( LENGTH_UNIT ( ) NAMED_UNIT ( * ) SI_UNIT ( .MILLI., .METRE. ) );
#571 = AXIS2_PLACEMENT_3D ( 'NONE', #5954, #1983, #4242 ) ;
#572 = VERTEX_POINT ( 'NONE', #6191 ) ;
#573 = DIRECTION ( 'NONE',  ( -0.0000000000000000000, 1.000000000000000000, -0.0000000000000000000 ) ) ;
#574 = EDGE_CURVE ( 'NONE', #879, #3136, #6786, .T. ) ;
#575 = LINE ( 'NONE', #3967, #4680 ) ;
#576 = VECTOR ( 'NONE', #692, 1000.000000000000000 ) ;
#577 = EDGE_CURVE ( 'NONE', #4589, #1351, #1866, .T. ) ;
#578 = VECTOR ( 'NONE', #4450, 1000.000000000000000 ) ;
#579 = ORIENTED_EDGE ( 'NONE', *, *, #1230, .F. ) ;
#580 = EDGE_LOOP ( 'NONE', ( #266, #2625, #7076, #7136, #5970, #2520 ) ) ;
#581 = CARTESIAN_POINT ( 'NONE',  ( -13.40000000000000391, -6.899999999999999467, -11.64999999999999858 ) ) ;
#582 = AXIS2_PLACEMENT_3D ( 'NONE', #608, #1666, #2358 ) ;
#583 = ORIENTED_EDGE ( 'NONE', *, *, #3792, .T. ) ;
#584 =( GEOMETRIC_REPRESENTATION_CONTEXT ( 3 ) GLOBAL_UNCERTAINTY_ASSIGNED_CONTEXT ( ( #1310 ) ) GLOBAL_UNIT_ASSIGNED_CONTEXT ( ( #232, #6486, #267 ) ) REPRESENTATION_CONTEXT ( 'NONE', 'WORKASPACE' ) );
#585 = EDGE_CURVE ( 'NONE', #2583, #5089, #1651, .T. ) ;
#586 =( NAMED_UNIT ( * ) SI_UNIT ( $, .STERADIAN. ) SOLID_ANGLE_UNIT ( ) );
#587 = ADVANCED_FACE ( 'NONE', ( #5226 ), #1066, .F. ) ;
#588 = DIRECTION ( 'NONE',  ( 0.0000000000000000000, 0.0000000000000000000, -1.000000000000000000 ) ) ;
#589 = LINE ( 'NONE', #6284, #2432 ) ;
#590 = SURFACE_STYLE_FILL_AREA ( #3388 ) ;
#591 = ORIENTED_EDGE ( 'NONE', *, *, #3419, .F. ) ;
#592 = SURFACE_STYLE_FILL_AREA ( #475 ) ;
#593 = EDGE_CURVE ( 'NONE', #4991, #259, #3884, .T. ) ;
#594 = DIRECTION ( 'NONE',  ( -1.000000000000000000, 0.0000000000000000000, 0.0000000000000000000 ) ) ;
#595 = CARTESIAN_POINT ( 'NONE',  ( 7.241003607157344035, 7.488015623777569931E-32, -12.14999999999999680 ) ) ;
#596 = ORIENTED_EDGE ( 'NONE', *, *, #5758, .F. ) ;
#597 = DIRECTION ( 'NONE',  ( -1.000000000000000000, 4.119479477319223187E-15, 0.0000000000000000000 ) ) ;
#598 = CARTESIAN_POINT ( 'NONE',  ( 0.0000000000000000000, -6.899999999999999467, -11.64999999999999858 ) ) ;
#599 = CARTESIAN_POINT ( 'NONE',  ( -1.777014410860662252, 5.137714359448481921E-16, -12.14999999999999680 ) ) ;
#600 = ORIENTED_EDGE ( 'NONE', *, *, #1649, .F. ) ;
#601 = DIRECTION ( 'NONE',  ( -0.7071067811865168196, 9.614813431917210180E-17, -0.7071067811865782149 ) ) ;
#602 = DIRECTION ( 'NONE',  ( -0.7071067811865495711, 0.0000000000000000000, 0.7071067811865454633 ) ) ;
#603 = PRESENTATION_STYLE_ASSIGNMENT (( #3411 ) ) ;
#604 = ORIENTED_EDGE ( 'NONE', *, *, #3460, .F. ) ;
#605 = ORIENTED_EDGE ( 'NONE', *, *, #6505, .T. ) ;
#606 = LINE ( 'NONE', #5021, #4218 ) ;
#607 = DIRECTION ( 'NONE',  ( 1.000000000000000000, 0.0000000000000000000, 6.774548571579288900E-17 ) ) ;
#608 = CARTESIAN_POINT ( 'NONE',  ( 0.0000000000000000000, 0.0000000000000000000, 0.0000000000000000000 ) ) ;
#609 = ADVANCED_FACE ( 'NONE', ( #3493 ), #3950, .T. ) ;
#610 = ORIENTED_EDGE ( 'NONE', *, *, #1238, .F. ) ;
#611 = CARTESIAN_POINT ( 'NONE',  ( 7.700580038634947971E-16, 7.488015623777569931E-32, -11.14999999999999680 ) ) ;
#612 = ORIENTED_EDGE ( 'NONE', *, *, #5714, .F. ) ;
#613 = CARTESIAN_POINT ( 'NONE',  ( 14.34999999999999609, -12.20000000000000107, 10.15000000000000391 ) ) ;
#614 = PRESENTATION_LAYER_ASSIGNMENT (  '', '', ( #6805 ) ) ;
#615 = ORIENTED_EDGE ( 'NONE', *, *, #703, .T. ) ;
#616 = DIRECTION ( 'NONE',  ( -1.427755947306013918E-16, -0.0000000000000000000, -1.000000000000000000 ) ) ;
#617 = MECHANICAL_DESIGN_GEOMETRIC_PRESENTATION_REPRESENTATION (  '', ( #7048 ), #6324 ) ;
#618 = DIRECTION ( 'NONE',  ( 0.0000000000000000000, 0.0000000000000000000, -1.000000000000000000 ) ) ;
#619 = EDGE_CURVE ( 'NONE', #5350, #3901, #3323, .T. ) ;
#620 = PLANE ( 'NONE',  #1366 ) ;
#621 = SURFACE_STYLE_USAGE ( .BOTH. , #2373 ) ;
#622 = EDGE_CURVE ( 'NONE', #5545, #4217, #7289, .T. ) ;
#623 = VECTOR ( 'NONE', #1290, 1000.000000000000000 ) ;
#624 = EDGE_LOOP ( 'NONE', ( #5930, #670, #699, #7036 ) ) ;
#625 =( NAMED_UNIT ( * ) PLANE_ANGLE_UNIT ( ) SI_UNIT ( $, .RADIAN. ) );
#626 = ADVANCED_FACE ( 'NONE', ( #555 ), #7320, .F. ) ;
#627 = CARTESIAN_POINT ( 'NONE',  ( -4.431316807445652373, -6.899999999999999467, 0.0000000000000000000 ) ) ;
#628 = ORIENTED_EDGE ( 'NONE', *, *, #7263, .F. ) ;
#629 = CARTESIAN_POINT ( 'NONE',  ( -0.4875657056938695888, -10.11055129483321835, -12.14999999999999680 ) ) ;
#630 = AXIS2_PLACEMENT_3D ( 'NONE', #5253, #4670, #134 ) ;
#631 = LINE ( 'NONE', #4539, #495 ) ;
#632 = LINE ( 'NONE', #6934, #3174 ) ;
#633 = ORIENTED_EDGE ( 'NONE', *, *, #1974, .F. ) ;
#634 = CARTESIAN_POINT ( 'NONE',  ( 0.2124342943061220679, -9.900000000000002132, -11.14999999999999680 ) ) ;
#635 = FILL_AREA_STYLE_COLOUR ( '', #7178 ) ;
#636 = VERTEX_POINT ( 'NONE', #4431 ) ;
#637 = EDGE_LOOP ( 'NONE', ( #3088, #7087, #6679, #83 ) ) ;
#638 = FACE_OUTER_BOUND ( 'NONE', #6011, .T. ) ;
#639 = CARTESIAN_POINT ( 'NONE',  ( -13.69999990937522405, -6.899999999999999467, -9.149999999999996803 ) ) ;
#640 = DIRECTION ( 'NONE',  ( -1.000000000000000000, 3.709206150687421386E-65, -5.304964758338859037E-17 ) ) ;
#641 = ORIENTED_EDGE ( 'NONE', *, *, #1744, .F. ) ;
#642 = DIRECTION ( 'NONE',  ( 0.0000000000000000000, 1.000000000000000000, 0.0000000000000000000 ) ) ;
#643 = PRESENTATION_STYLE_ASSIGNMENT (( #3453 ) ) ;
#644 = ORIENTED_EDGE ( 'NONE', *, *, #4508, .F. ) ;
#645 = CIRCLE ( 'NONE', #1461, 1.000000000000001554 ) ;
#646 = AXIS2_PLACEMENT_3D ( 'NONE', #6591, #370, #1459 ) ;
#647 = CARTESIAN_POINT ( 'NONE',  ( 8.530452312324131370, -4.599999999999999645, -11.14999999999999680 ) ) ;
#648 =( NAMED_UNIT ( * ) PLANE_ANGLE_UNIT ( ) SI_UNIT ( $, .RADIAN. ) );
#649 = ADVANCED_FACE ( 'NONE', ( #6995 ), #5868, .T. ) ;
#650 = LINE ( 'NONE', #6217, #3158 ) ;
#651 = ORIENTED_EDGE ( 'NONE', *, *, #2031, .F. ) ;
#652 = ADVANCED_FACE ( 'NONE', ( #5785 ), #7, .F. ) ;
#653 = DIRECTION ( 'NONE',  ( 0.0000000000000000000, 0.0000000000000000000, -1.000000000000000000 ) ) ;
#654 = CARTESIAN_POINT ( 'NONE',  ( -4.187565705693876872, -9.900000000000002132, -11.14999999999999680 ) ) ;
#655 = EDGE_CURVE ( 'NONE', #3722, #3564, #6821, .T. ) ;
#656 = AXIS2_PLACEMENT_3D ( 'NONE', #5611, #4911, #504 ) ;
#657 = ORIENTED_EDGE ( 'NONE', *, *, #4508, .T. ) ;
#658 = UNCERTAINTY_MEASURE_WITH_UNIT (LENGTH_MEASURE( 1.000000000000000082E-05 ), #5698, 'distance_accuracy_value', 'NONE');
#659 = PRESENTATION_LAYER_ASSIGNMENT (  '', '', ( #4082 ) ) ;
#660 = DIRECTION ( 'NONE',  ( 1.000000000000000000, -3.709206150687421386E-65, 5.304964758338859037E-17 ) ) ;
#661 = EDGE_CURVE ( 'NONE', #4207, #4494, #2374, .T. ) ;
#662 = CARTESIAN_POINT ( 'NONE',  ( -11.39999999999999858, 0.0000000000000000000, -1.513274595042151338 ) ) ;
#663 = PRESENTATION_STYLE_ASSIGNMENT (( #4656 ) ) ;
#664 = AXIS2_PLACEMENT_3D ( 'NONE', #5849, #749, #2475 ) ;
#665 = ORIENTED_EDGE ( 'NONE', *, *, #1550, .F. ) ;
#666 = DIRECTION ( 'NONE',  ( -2.891205793294677833E-16, 1.000000000000000000, -1.342363825506707313E-32 ) ) ;
#667 = CARTESIAN_POINT ( 'NONE',  ( -14.97499993203133606, -12.19999999999999751, -7.575000000000077449 ) ) ;
#668 = DIRECTION ( 'NONE',  ( 1.000000000000000000, 0.0000000000000000000, 0.0000000000000000000 ) ) ;
#669 = ORIENTED_EDGE ( 'NONE', *, *, #405, .F. ) ;
#670 = ORIENTED_EDGE ( 'NONE', *, *, #7350, .T. ) ;
#671 = CARTESIAN_POINT ( 'NONE',  ( -14.42499996012495522, -12.30000000000000071, -10.62500000000012790 ) ) ;
#672 = DIRECTION ( 'NONE',  ( 1.000000000000000000, 0.0000000000000000000, 3.202566417188799645E-14 ) ) ;
#673 = VECTOR ( 'NONE', #6990, 1000.000000000000000 ) ;
#674 = EDGE_CURVE ( 'NONE', #4990, #5693, #1816, .T. ) ;
#675 = VECTOR ( 'NONE', #1294, 1000.000000000000000 ) ;
#676 = DIRECTION ( 'NONE',  ( -0.0000000000000000000, 1.000000000000000000, -0.0000000000000000000 ) ) ;
#677 = AXIS2_PLACEMENT_3D ( 'NONE', #6833, #1664, #3373 ) ;
#678 = ORIENTED_EDGE ( 'NONE', *, *, #6302, .T. ) ;
#679 = SURFACE_STYLE_USAGE ( .BOTH. , #1964 ) ;
#680 =( GEOMETRIC_REPRESENTATION_CONTEXT ( 3 ) GLOBAL_UNCERTAINTY_ASSIGNED_CONTEXT ( ( #300 ) ) GLOBAL_UNIT_ASSIGNED_CONTEXT ( ( #7093, #1887, #4783 ) ) REPRESENTATION_CONTEXT ( 'NONE', 'WORKASPACE' ) );
#681 = ORIENTED_EDGE ( 'NONE', *, *, #6918, .F. ) ;
#682 = STYLED_ITEM ( 'NONE', ( #532 ), #5115 ) ;
#683 = CARTESIAN_POINT ( 'NONE',  ( -14.32499996851787927, -6.899999999999999467, -5.074999986169887123 ) ) ;
#684 = ORIENTED_EDGE ( 'NONE', *, *, #398, .T. ) ;
#685 = SURFACE_SIDE_STYLE ('',( #4015 ) ) ;
#686 = PRESENTATION_STYLE_ASSIGNMENT (( #1221 ) ) ;
#687 = AXIS2_PLACEMENT_3D ( 'NONE', #6109, #5500, #333 ) ;
#688 = VECTOR ( 'NONE', #826, 1000.000000000000000 ) ;
#689 = CARTESIAN_POINT ( 'NONE',  ( -3.525001217843515278, -6.899999999999999467, 3.525000567825193443 ) ) ;
#690 = VECTOR ( 'NONE', #2811, 1000.000000000000000 ) ;
#691 = CIRCLE ( 'NONE', #5448, 2.000000000000013767 ) ;
#692 = DIRECTION ( 'NONE',  ( 2.891205793294679312E-16, 1.000000000000000000, 2.574958989914538807E-32 ) ) ;
#693 = VECTOR ( 'NONE', #6133, 1000.000000000000000 ) ;
#694 = VECTOR ( 'NONE', #6252, 1000.000000000000000 ) ;
#695 = DIRECTION ( 'NONE',  ( -1.000000000000000000, 0.0000000000000000000, 0.0000000000000000000 ) ) ;
#696 = STYLED_ITEM ( 'NONE', ( #4142 ), #441 ) ;
#697 =( LENGTH_UNIT ( ) NAMED_UNIT ( * ) SI_UNIT ( .MILLI., .METRE. ) );
#698 = CARTESIAN_POINT ( 'NONE',  ( 2.143683192554353134, -18.61923881554287519, 1.430268291992668937E-15 ) ) ;
#699 = ORIENTED_EDGE ( 'NONE', *, *, #5153, .T. ) ;
#700 = SURFACE_SIDE_STYLE ('',( #3537 ) ) ;
#701 = FACE_OUTER_BOUND ( 'NONE', #2111, .T. ) ;
#702 = CARTESIAN_POINT ( 'NONE',  ( -3.380704478182616440E-14, -8.399999999999971934, -11.64999999999999680 ) ) ;
#703 = EDGE_CURVE ( 'NONE', #5282, #6308, #6391, .T. ) ;
#704 = ORIENTED_EDGE ( 'NONE', *, *, #5531, .F. ) ;
#705 = CARTESIAN_POINT ( 'NONE',  ( 0.0000000000000000000, -12.19999999999999751, 10.86245434496620632 ) ) ;
#706 = DIRECTION ( 'NONE',  ( 0.0000000000000000000, 0.0000000000000000000, -1.000000000000000000 ) ) ;
#707 = DIRECTION ( 'NONE',  ( 1.000000000000000000, -2.478176394252580648E-16, 5.304964758338859037E-17 ) ) ;
#708 = LINE ( 'NONE', #5156, #3878 ) ;
#709 = ORIENTED_EDGE ( 'NONE', *, *, #4041, .F. ) ;
#710 = EDGE_CURVE ( 'NONE', #2457, #418, #4127, .T. ) ;
#711 = CARTESIAN_POINT ( 'NONE',  ( -1.777014410860665139, -9.689448705166794795, -12.14999999999999680 ) ) ;
#712 = DIRECTION ( 'NONE',  ( -2.891205793294677833E-16, 1.000000000000000000, -1.342363825506707313E-32 ) ) ;
#713 = ORIENTED_EDGE ( 'NONE', *, *, #4330, .F. ) ;
#714 = EDGE_LOOP ( 'NONE', ( #4801, #2321, #6860, #995 ) ) ;
#715 = CARTESIAN_POINT ( 'NONE',  ( 1.625302452293983432E-13, -18.61923881554287519, -5.074999986169428823 ) ) ;
#716 = LINE ( 'NONE', #159, #5662 ) ;
#717 = SURFACE_STYLE_USAGE ( .BOTH. , #4068 ) ;
#718 = ORIENTED_EDGE ( 'NONE', *, *, #1283, .T. ) ;
#719 = EDGE_CURVE ( 'NONE', #2052, #498, #6156, .T. ) ;
#720 = DIRECTION ( 'NONE',  ( 0.0000000000000000000, 0.0000000000000000000, -1.000000000000000000 ) ) ;
#721 = EDGE_CURVE ( 'NONE', #753, #2132, #3169, .T. ) ;
#722 = LINE ( 'NONE', #1851, #1691 ) ;
#723 = DIRECTION ( 'NONE',  ( 0.0000000000000000000, 0.0000000000000000000, -1.000000000000000000 ) ) ;
#724 = VERTEX_POINT ( 'NONE', #1941 ) ;
#725 = FILL_AREA_STYLE ('',( #5747 ) ) ;
#726 = CARTESIAN_POINT ( 'NONE',  ( -2.856316807445651307, -6.899999999999999467, 0.0000000000000000000 ) ) ;
#727 = CARTESIAN_POINT ( 'NONE',  ( -1.987565705693877138, -9.900000000000002132, -11.14999999999999680 ) ) ;
#728 = DIRECTION ( 'NONE',  ( 0.0000000000000000000, 0.0000000000000000000, -1.000000000000000000 ) ) ;
#729 = PLANE ( 'NONE',  #571 ) ;
#730 = CARTESIAN_POINT ( 'NONE',  ( -14.87499996851659390, -12.30000000000000071, 3.294973795376653515E-12 ) ) ;
#731 = ORIENTED_EDGE ( 'NONE', *, *, #7303, .F. ) ;
#732 = CARTESIAN_POINT ( 'NONE',  ( 11.49999999999999822, -0.09999999999999592548, -11.39999999999999503 ) ) ;
#733 = VECTOR ( 'NONE', #4024, 1000.000000000000000 ) ;
#734 = LINE ( 'NONE', #853, #3990 ) ;
#735 = VECTOR ( 'NONE', #5736, 1000.000000000000000 ) ;
#736 = ORIENTED_EDGE ( 'NONE', *, *, #483, .F. ) ;
#737 =( NAMED_UNIT ( * ) PLANE_ANGLE_UNIT ( ) SI_UNIT ( $, .RADIAN. ) );
#738 = CARTESIAN_POINT ( 'NONE',  ( 7.241003607157344035, -11.40000000000000213, -11.64999999999999680 ) ) ;
#739 = ORIENTED_EDGE ( 'NONE', *, *, #5248, .T. ) ;
#740 = CARTESIAN_POINT ( 'NONE',  ( -5.459385576205934676, -4.599999999999999645, 5.459385576205964874 ) ) ;
#741 = EDGE_CURVE ( 'NONE', #3365, #2360, #1455, .T. ) ;
#742 = PRESENTATION_LAYER_ASSIGNMENT (  '', '', ( #3928 ) ) ;
#743 = ORIENTED_EDGE ( 'NONE', *, *, #5004, .T. ) ;
#744 = FILL_AREA_STYLE_COLOUR ( '', #2693 ) ;
#745 = CARTESIAN_POINT ( 'NONE',  ( -10.39999994562513486, -12.20000000000000107, -8.149999999999998579 ) ) ;
#746 = ORIENTED_EDGE ( 'NONE', *, *, #3663, .T. ) ;
#747 = VERTEX_POINT ( 'NONE', #209 ) ;
#748 = CARTESIAN_POINT ( 'NONE',  ( -2.856316807445651307, -12.19999999999999751, 10.21245434496620952 ) ) ;
#749 = DIRECTION ( 'NONE',  ( 4.119479477319223187E-15, 1.000000000000000000, 2.185369344987866193E-31 ) ) ;
#750 = EDGE_CURVE ( 'NONE', #2873, #1244, #1985, .T. ) ;
#751 = SURFACE_STYLE_USAGE ( .BOTH. , #6535 ) ;
#752 = EDGE_CURVE ( 'NONE', #425, #4473, #438, .T. ) ;
#753 = VERTEX_POINT ( 'NONE', #3053 ) ;
#754 = CARTESIAN_POINT ( 'NONE',  ( 5.530452312324134034, -6.400000000000002132, -10.14999999999999503 ) ) ;
#755 = LINE ( 'NONE', #2996, #5244 ) ;
#756 =( LENGTH_UNIT ( ) NAMED_UNIT ( * ) SI_UNIT ( .MILLI., .METRE. ) );
#757 = FACE_OUTER_BOUND ( 'NONE', #6484, .T. ) ;
#758 = ORIENTED_EDGE ( 'NONE', *, *, #1697, .F. ) ;
#759 = SURFACE_STYLE_USAGE ( .BOTH. , #5859 ) ;
#760 = CARTESIAN_POINT ( 'NONE',  ( 5.530452312324134034, -6.400000000000002132, -11.14999999999999680 ) ) ;
#761 = DIRECTION ( 'NONE',  ( -5.304964758338859037E-17, 0.0000000000000000000, 1.000000000000000000 ) ) ;
#762 = EDGE_CURVE ( 'NONE', #71, #4779, #924, .T. ) ;
#763 = CARTESIAN_POINT ( 'NONE',  ( -4.624505768515902265E-14, -11.39999999999997193, -10.14999999999999503 ) ) ;
#764 =( LENGTH_UNIT ( ) NAMED_UNIT ( * ) SI_UNIT ( .MILLI., .METRE. ) );
#765 = VECTOR ( 'NONE', #7227, 1000.000000000000000 ) ;
#766 = VECTOR ( 'NONE', #402, 1000.000000000000114 ) ;
#767 = EDGE_LOOP ( 'NONE', ( #4074, #2014, #6851 ) ) ;
#768 = EDGE_LOOP ( 'NONE', ( #1637, #2259, #2264, #2712 ) ) ;
#769 = LINE ( 'NONE', #2970, #6983 ) ;
#770 = DIRECTION ( 'NONE',  ( 5.304964758338859037E-17, -0.0000000000000000000, -1.000000000000000000 ) ) ;
#771 = ORIENTED_EDGE ( 'NONE', *, *, #5016, .F. ) ;
#772 =( NAMED_UNIT ( * ) PLANE_ANGLE_UNIT ( ) SI_UNIT ( $, .RADIAN. ) );
#773 = EDGE_CURVE ( 'NONE', #6630, #572, #4162, .T. ) ;
#774 =( GEOMETRIC_REPRESENTATION_CONTEXT ( 3 ) GLOBAL_UNCERTAINTY_ASSIGNED_CONTEXT ( ( #2131 ) ) GLOBAL_UNIT_ASSIGNED_CONTEXT ( ( #3726, #4372, #5591 ) ) REPRESENTATION_CONTEXT ( 'NONE', 'WORKASPACE' ) );
#775 = CARTESIAN_POINT ( 'NONE',  ( -0.4875657056938695888, -9.689448705166794795, -11.64999999999999680 ) ) ;
#776 = ORIENTED_EDGE ( 'NONE', *, *, #2460, .F. ) ;
#777 = FILL_AREA_STYLE_COLOUR ( '', #96 ) ;
#778 = VERTEX_POINT ( 'NONE', #7108 ) ;
#779 = DIRECTION ( 'NONE',  ( 5.304964758338859037E-17, 0.0000000000000000000, -1.000000000000000000 ) ) ;
#780 = LINE ( 'NONE', #6967, #3439 ) ;
#781 = LINE ( 'NONE', #4705, #4114 ) ;
#782 = MECHANICAL_DESIGN_GEOMETRIC_PRESENTATION_REPRESENTATION (  '', ( #5540 ), #6030 ) ;
#783 = ORIENTED_EDGE ( 'NONE', *, *, #5215, .F. ) ;
#784 = EDGE_LOOP ( 'NONE', ( #1276, #2118, #1156, #3917 ) ) ;
#785 = PLANE ( 'NONE',  #4454 ) ;
#786 = CARTESIAN_POINT ( 'NONE',  ( 0.0000000000000000000, -4.599999999999999645, 0.0000000000000000000 ) ) ;
#787 =( LENGTH_UNIT ( ) NAMED_UNIT ( * ) SI_UNIT ( .MILLI., .METRE. ) );
#788 = AXIS2_PLACEMENT_3D ( 'NONE', #4067, #3374, #672 ) ;
#789 = VERTEX_POINT ( 'NONE', #7034 ) ;
#790 = CARTESIAN_POINT ( 'NONE',  ( -14.97499996851784942, -12.20000000000000462, -5.724999986169907018 ) ) ;
#791 = SURFACE_SIDE_STYLE ('',( #6946 ) ) ;
#792 = EDGE_CURVE ( 'NONE', #6868, #427, #3612, .T. ) ;
#793 = VERTEX_POINT ( 'NONE', #6076 ) ;
#794 = VECTOR ( 'NONE', #3459, 1000.000000000000000 ) ;
#795 = DIRECTION ( 'NONE',  ( -0.0000000000000000000, -1.000000000000000000, -0.0000000000000000000 ) ) ;
#796 = CARTESIAN_POINT ( 'NONE',  ( 7.241003607157344035, -9.689448705166794795, -10.14999999999999503 ) ) ;
#797 = PRESENTATION_LAYER_ASSIGNMENT (  '', '', ( #6641 ) ) ;
#798 =( GEOMETRIC_REPRESENTATION_CONTEXT ( 3 ) GLOBAL_UNCERTAINTY_ASSIGNED_CONTEXT ( ( #6479 ) ) GLOBAL_UNIT_ASSIGNED_CONTEXT ( ( #3706, #4894, #7167 ) ) REPRESENTATION_CONTEXT ( 'NONE', 'WORKASPACE' ) );
#799 = CARTESIAN_POINT ( 'NONE',  ( -7.639455289210539317E-15, -18.61923881554287519, -5.724999986169926558 ) ) ;
#800 = AXIS2_PLACEMENT_3D ( 'NONE', #196, #4669, #5216 ) ;
#801 = PRESENTATION_LAYER_ASSIGNMENT (  '', '', ( #5920 ) ) ;
#802 = CARTESIAN_POINT ( 'NONE',  ( -14.97499996012517975, -18.61923881554287519, -10.07499999999992291 ) ) ;
#803 = ORIENTED_EDGE ( 'NONE', *, *, #3192, .F. ) ;
#804 = ORIENTED_EDGE ( 'NONE', *, *, #130, .F. ) ;
#805 = ADVANCED_FACE ( 'NONE', ( #7149 ), #5992, .T. ) ;
#806 = VECTOR ( 'NONE', #4435, 1000.000000000000000 ) ;
#807 = DIRECTION ( 'NONE',  ( 6.672013369141553384E-16, 0.0000000000000000000, -1.000000000000000000 ) ) ;
#808 = VECTOR ( 'NONE', #117, 1000.000000000000000 ) ;
#809 = ADVANCED_FACE ( 'NONE', ( #3684 ), #3690, .T. ) ;
#810 = ORIENTED_EDGE ( 'NONE', *, *, #7232, .F. ) ;
#811 = CARTESIAN_POINT ( 'NONE',  ( 2.143683192554345140, -12.19999999999999751, 10.86245434496621343 ) ) ;
#812 = VECTOR ( 'NONE', #415, 1000.000000000000000 ) ;
#813 = VECTOR ( 'NONE', #5389, 1000.000000000000000 ) ;
#814 = VECTOR ( 'NONE', #4744, 1000.000000000000000 ) ;
#815 = PLANE ( 'NONE',  #102 ) ;
#816 = VECTOR ( 'NONE', #4659, 1000.000000000000000 ) ;
#817 = EDGE_CURVE ( 'NONE', #3734, #6418, #6700, .T. ) ;
#818 = ADVANCED_FACE ( 'NONE', ( #3242 ), #6142, .T. ) ;
#819 = EDGE_LOOP ( 'NONE', ( #1272, #41, #2391, #678 ) ) ;
#820 = AXIS2_PLACEMENT_3D ( 'NONE', #6546, #2603, #1973 ) ;
#821 =( NAMED_UNIT ( * ) SI_UNIT ( $, .STERADIAN. ) SOLID_ANGLE_UNIT ( ) );
#822 = COLOUR_RGB ( '',0.0000000000000000000, 0.007843137254901960675, 0.02745098039215686236 ) ;
#823 = DIRECTION ( 'NONE',  ( 0.0000000000000000000, -0.0000000000000000000, -1.000000000000000000 ) ) ;
#824 = UNCERTAINTY_MEASURE_WITH_UNIT (LENGTH_MEASURE( 1.000000000000000082E-05 ), #3383, 'distance_accuracy_value', 'NONE');
#825 = ORIENTED_EDGE ( 'NONE', *, *, #6683, .F. ) ;
#826 = DIRECTION ( 'NONE',  ( -1.000000000000000000, 0.0000000000000000000, 0.0000000000000000000 ) ) ;
#827 =( NAMED_UNIT ( * ) PLANE_ANGLE_UNIT ( ) SI_UNIT ( $, .RADIAN. ) );
#828 = CARTESIAN_POINT ( 'NONE',  ( 0.0000000000000000000, -4.599999999999999645, 0.0000000000000000000 ) ) ;
#829 = VERTEX_POINT ( 'NONE', #5425 ) ;
#830 = ORIENTED_EDGE ( 'NONE', *, *, #1697, .T. ) ;
#831 = CARTESIAN_POINT ( 'NONE',  ( 0.0000000000000000000, -5.599999999999999645, 6.869388599297004738 ) ) ;
#832 = CARTESIAN_POINT ( 'NONE',  ( -14.35000000000000320, -12.59999999999999964, 12.15000000000000391 ) ) ;
#833 = FILL_AREA_STYLE ('',( #2476 ) ) ;
#834 = EDGE_LOOP ( 'NONE', ( #5830, #7240, #501, #4668 ) ) ;
#835 = CARTESIAN_POINT ( 'NONE',  ( -15.90000000000000391, -6.899999999999999467, 0.0000000000000000000 ) ) ;
#836 =( NAMED_UNIT ( * ) SI_UNIT ( $, .STERADIAN. ) SOLID_ANGLE_UNIT ( ) );
#837 = FACE_OUTER_BOUND ( 'NONE', #147, .T. ) ;
#838 = SURFACE_STYLE_FILL_AREA ( #6498 ) ;
#839 = VERTEX_POINT ( 'NONE', #923 ) ;
#840 = CARTESIAN_POINT ( 'NONE',  ( 0.0000000000000000000, 0.0000000000000000000, 0.0000000000000000000 ) ) ;
#841 = LINE ( 'NONE', #5456, #4206 ) ;
#842 =( NAMED_UNIT ( * ) SI_UNIT ( $, .STERADIAN. ) SOLID_ANGLE_UNIT ( ) );
#843 = ADVANCED_FACE ( 'NONE', ( #372 ), #3281, .F. ) ;
#844 = DIRECTION ( 'NONE',  ( -0.0000000000000000000, 1.000000000000000000, -0.0000000000000000000 ) ) ;
#845 =( NAMED_UNIT ( * ) SI_UNIT ( $, .STERADIAN. ) SOLID_ANGLE_UNIT ( ) );
#846 = EDGE_LOOP ( 'NONE', ( #7097, #6263, #4147, #6361 ) ) ;
#847 = CARTESIAN_POINT ( 'NONE',  ( -2.956316807445647399, -12.30000000000000071, 0.0000000000000000000 ) ) ;
#848 =( NAMED_UNIT ( * ) SI_UNIT ( $, .STERADIAN. ) SOLID_ANGLE_UNIT ( ) );
#849 = ORIENTED_EDGE ( 'NONE', *, *, #1236, .T. ) ;
#850 = DIRECTION ( 'NONE',  ( -0.7071067811865658914, 0.7071067811865292541, 0.0000000000000000000 ) ) ;
#851 = LINE ( 'NONE', #3687, #2993 ) ;
#852 = ADVANCED_FACE ( 'NONE', ( #5573 ), #961, .T. ) ;
#853 = CARTESIAN_POINT ( 'NONE',  ( -0.3563168074456526391, -6.899999999999999467, 0.0000000000000000000 ) ) ;
#854 = ADVANCED_FACE ( 'NONE', ( #3175 ), #2614, .T. ) ;
#855 = CARTESIAN_POINT ( 'NONE',  ( -9.916666621355803457, -17.25833331067692100, -12.63333331067650178 ) ) ;
#856 = ORIENTED_EDGE ( 'NONE', *, *, #4641, .F. ) ;
#857 = FILL_AREA_STYLE ('',( #1997 ) ) ;
#858 = ORIENTED_EDGE ( 'NONE', *, *, #4498, .T. ) ;
#859 = DIRECTION ( 'NONE',  ( 1.000000000000000000, 0.0000000000000000000, -0.0000000000000000000 ) ) ;
#860 = EDGE_CURVE ( 'NONE', #5089, #3953, #4958, .T. ) ;
#861 = DIRECTION ( 'NONE',  ( 1.000000000000000000, 0.0000000000000000000, 0.0000000000000000000 ) ) ;
#862 = ADVANCED_FACE ( 'NONE', ( #5532 ), #2684, .F. ) ;
#863 = AXIS2_PLACEMENT_3D ( 'NONE', #2201, #2861, #4470 ) ;
#864 = ORIENTED_EDGE ( 'NONE', *, *, #2650, .F. ) ;
#865 = FILL_AREA_STYLE_COLOUR ( '', #6291 ) ;
#866 = ORIENTED_EDGE ( 'NONE', *, *, #3952, .F. ) ;
#867 = MECHANICAL_DESIGN_GEOMETRIC_PRESENTATION_REPRESENTATION (  '', ( #4628 ), #6813 ) ;
#868 = DIRECTION ( 'NONE',  ( 6.774548571579288900E-17, 6.162975822039151993E-33, -1.000000000000000000 ) ) ;
#869 =( LENGTH_UNIT ( ) NAMED_UNIT ( * ) SI_UNIT ( .MILLI., .METRE. ) );
#870 = CARTESIAN_POINT ( 'NONE',  ( -3.406316807445663120, -12.30000000000000071, 2.272699127880909565E-15 ) ) ;
#871 = DIRECTION ( 'NONE',  ( 0.0000000000000000000, -1.000000000000000000, 0.0000000000000000000 ) ) ;
#872 = DIRECTION ( 'NONE',  ( 1.000000000000000000, 0.0000000000000000000, 0.0000000000000000000 ) ) ;
#873 = ORIENTED_EDGE ( 'NONE', *, *, #1405, .F. ) ;
#874 = DIRECTION ( 'NONE',  ( -0.7071067811865660024, -0.0000000000000000000, -0.7071067811865291430 ) ) ;
#875 = DIRECTION ( 'NONE',  ( 1.887130358994985580E-15, -0.7071067811865230368, -0.7071067811865721087 ) ) ;
#876 = CARTESIAN_POINT ( 'NONE',  ( -8.594011564216394561, -5.599999999999999645, 6.398369318106219339 ) ) ;
#877 = AXIS2_PLACEMENT_3D ( 'NONE', #1523, #3790, #2709 ) ;
#878 = EDGE_LOOP ( 'NONE', ( #3483, #4115, #1442, #7026 ) ) ;
#879 = VERTEX_POINT ( 'NONE', #5032 ) ;
#880 = DIRECTION ( 'NONE',  ( 0.0000000000000000000, 0.0000000000000000000, -1.000000000000000000 ) ) ;
#881 =( NAMED_UNIT ( * ) PLANE_ANGLE_UNIT ( ) SI_UNIT ( $, .RADIAN. ) );
#882 = EDGE_CURVE ( 'NONE', #539, #2361, #7313, .T. ) ;
#883 = EDGE_LOOP ( 'NONE', ( #5020, #4653, #5746, #6533 ) ) ;
#884 = CARTESIAN_POINT ( 'NONE',  ( -0.2375445382971071717, -12.08122773085143642, 10.09368207581766441 ) ) ;
#885 = LINE ( 'NONE', #1492, #6245 ) ;
#886 = CARTESIAN_POINT ( 'NONE',  ( 0.0000000000000000000, -12.30000000000000071, 0.0000000000000000000 ) ) ;
#887 = EDGE_CURVE ( 'NONE', #5380, #1300, #3904, .T. ) ;
#888 = VERTEX_POINT ( 'NONE', #4558 ) ;
#889 = CARTESIAN_POINT ( 'NONE',  ( 3.068683192554345851, -6.899999999999999467, 11.78745434496620703 ) ) ;
#890 = MECHANICAL_DESIGN_GEOMETRIC_PRESENTATION_REPRESENTATION (  '', ( #6607 ), #6357 ) ;
#891 = UNCERTAINTY_MEASURE_WITH_UNIT (LENGTH_MEASURE( 1.000000000000000082E-05 ), #3066, 'distance_accuracy_value', 'NONE');
#892 = ORIENTED_EDGE ( 'NONE', *, *, #4248, .F. ) ;
#893 = CARTESIAN_POINT ( 'NONE',  ( -0.4875657056938695888, -10.11055129483321835, -12.14999999999999680 ) ) ;
#894 = EDGE_CURVE ( 'NONE', #636, #3059, #5926, .T. ) ;
#895 = CARTESIAN_POINT ( 'NONE',  ( -2.898977624452177652E-14, -6.899999999999999467, 10.86245434496620810 ) ) ;
#896 = CARTESIAN_POINT ( 'NONE',  ( -11.40000000000000568, -3.000000000000000000, -11.50000000000000000 ) ) ;
#897 = EDGE_LOOP ( 'NONE', ( #6560, #51, #3743, #6982 ) ) ;
#898 = ADVANCED_FACE ( 'NONE', ( #4457 ), #5645, .F. ) ;
#899 = ORIENTED_EDGE ( 'NONE', *, *, #3317, .F. ) ;
#900 = FILL_AREA_STYLE ('',( #971 ) ) ;
#901 =( GEOMETRIC_REPRESENTATION_CONTEXT ( 3 ) GLOBAL_UNCERTAINTY_ASSIGNED_CONTEXT ( ( #3775 ) ) GLOBAL_UNIT_ASSIGNED_CONTEXT ( ( #1758, #6223, #2859 ) ) REPRESENTATION_CONTEXT ( 'NONE', 'WORKASPACE' ) );
#902 = AXIS2_PLACEMENT_3D ( 'NONE', #689, #139, #2367 ) ;
#903 =( NAMED_UNIT ( * ) PLANE_ANGLE_UNIT ( ) SI_UNIT ( $, .RADIAN. ) );
#904 = CARTESIAN_POINT ( 'NONE',  ( 6.819901017490917816, 1.971773733146600697E-15, -10.14999999999999503 ) ) ;
#905 = PLANE ( 'NONE',  #4932 ) ;
#906 = ORIENTED_EDGE ( 'NONE', *, *, #5756, .F. ) ;
#907 = EDGE_CURVE ( 'NONE', #4503, #7304, #2313, .T. ) ;
#908 = DIRECTION ( 'NONE',  ( 0.0000000000000000000, 0.0000000000000000000, -1.000000000000000000 ) ) ;
#909 = LINE ( 'NONE', #4306, #6847 ) ;
#910 = FACE_OUTER_BOUND ( 'NONE', #4965, .T. ) ;
#911 = DIRECTION ( 'NONE',  ( 5.304964758338859037E-17, 0.0000000000000000000, -1.000000000000000000 ) ) ;
#912 = AXIS2_PLACEMENT_3D ( 'NONE', #6950, #4122, #6277 ) ;
#913 = CARTESIAN_POINT ( 'NONE',  ( -14.32499996012638199, -18.61923881554287519, -1.911531824937471808E-12 ) ) ;
#914 = VECTOR ( 'NONE', #502, 1000.000000000000000 ) ;
#915 = ORIENTED_EDGE ( 'NONE', *, *, #6138, .T. ) ;
#916 = ORIENTED_EDGE ( 'NONE', *, *, #987, .T. ) ;
#917 = VECTOR ( 'NONE', #6534, 1000.000000000000000 ) ;
#918 = DIRECTION ( 'NONE',  ( 0.0000000000000000000, -1.000000000000000000, 0.0000000000000000000 ) ) ;
#919 = LINE ( 'NONE', #3686, #516 ) ;
#920 = LINE ( 'NONE', #1990, #7079 ) ;
#921 = PRESENTATION_LAYER_ASSIGNMENT (  '', '', ( #2196 ) ) ;
#922 = AXIS2_PLACEMENT_3D ( 'NONE', #6276, #4556, #4075 ) ;
#923 = CARTESIAN_POINT ( 'NONE',  ( 9.418078673088574604, -5.599999999999999645, 6.869388599297004738 ) ) ;
#924 = CIRCLE ( 'NONE', #6750, 2.000000000000000000 ) ;
#925 = AXIS2_PLACEMENT_3D ( 'NONE', #6490, #3223, #3630 ) ;
#926 = DIRECTION ( 'NONE',  ( 6.774548571579288900E-17, 6.162975822039153361E-33, -1.000000000000000000 ) ) ;
#927 = VECTOR ( 'NONE', #4747, 999.9999999999998863 ) ;
#928 = ORIENTED_EDGE ( 'NONE', *, *, #523, .T. ) ;
#929 = DIRECTION ( 'NONE',  ( -0.0000000000000000000, 1.000000000000000000, -0.0000000000000000000 ) ) ;
#930 = ORIENTED_EDGE ( 'NONE', *, *, #7084, .T. ) ;
#931 = CARTESIAN_POINT ( 'NONE',  ( -14.32499993203150623, -6.899999999999999467, -7.575000000000057909 ) ) ;
#932 = COLOUR_RGB ( '',0.0000000000000000000, 0.007843137254901960675, 0.02745098039215686236 ) ;
#933 = AXIS2_PLACEMENT_3D ( 'NONE', #4137, #4613, #1790 ) ;
#934 = DIRECTION ( 'NONE',  ( 0.0000000000000000000, -0.0000000000000000000, -1.000000000000000000 ) ) ;
#935 = AXIS2_PLACEMENT_3D ( 'NONE', #5229, #256, #5960 ) ;
#936 =( GEOMETRIC_REPRESENTATION_CONTEXT ( 3 ) GLOBAL_UNCERTAINTY_ASSIGNED_CONTEXT ( ( #6193 ) ) GLOBAL_UNIT_ASSIGNED_CONTEXT ( ( #1670, #2850, #97 ) ) REPRESENTATION_CONTEXT ( 'NONE', 'WORKASPACE' ) );
#937 = EDGE_CURVE ( 'NONE', #1867, #636, #6523, .T. ) ;
#938 = VECTOR ( 'NONE', #2846, 1000.000000000000000 ) ;
#939 = DIRECTION ( 'NONE',  ( -3.549511112383315657E-13, 0.0000000000000000000, 1.000000000000000000 ) ) ;
#940 = PRESENTATION_LAYER_ASSIGNMENT (  '', '', ( #696 ) ) ;
#941 = DIRECTION ( 'NONE',  ( 0.7071067811865352493, -0.0000000000000000000, 0.7071067811865597852 ) ) ;
#942 = ORIENTED_EDGE ( 'NONE', *, *, #3337, .T. ) ;
#943 = PRESENTATION_STYLE_ASSIGNMENT (( #413 ) ) ;
#944 = FACE_OUTER_BOUND ( 'NONE', #6208, .T. ) ;
#945 = DIRECTION ( 'NONE',  ( -3.269436954241216420E-49, 1.000000000000000000, 6.162975822039153361E-33 ) ) ;
#946 = ADVANCED_FACE ( 'NONE', ( #6281, #5070 ), #1752, .T. ) ;
#947 =( NAMED_UNIT ( * ) PLANE_ANGLE_UNIT ( ) SI_UNIT ( $, .RADIAN. ) );
#948 = CARTESIAN_POINT ( 'NONE',  ( -11.39999999999999680, 0.0000000000000000000, 0.0000000000000000000 ) ) ;
#949 = ORIENTED_EDGE ( 'NONE', *, *, #3868, .F. ) ;
#950 = PLANE ( 'NONE',  #4944 ) ;
#951 = LINE ( 'NONE', #320, #2654 ) ;
#952 = PRESENTATION_STYLE_ASSIGNMENT (( #4900 ) ) ;
#953 = DIRECTION ( 'NONE',  ( -0.0000000000000000000, -0.0000000000000000000, 1.000000000000000000 ) ) ;
#954 = EDGE_CURVE ( 'NONE', #5422, #6118, #7281, .T. ) ;
#955 = ORIENTED_EDGE ( 'NONE', *, *, #7303, .T. ) ;
#956 = ORIENTED_EDGE ( 'NONE', *, *, #5347, .F. ) ;
#957 = FACE_OUTER_BOUND ( 'NONE', #6964, .T. ) ;
#958 = EDGE_LOOP ( 'NONE', ( #5211, #1042, #6085, #1243 ) ) ;
#959 = DIRECTION ( 'NONE',  ( 1.000000000000000000, 0.0000000000000000000, -0.0000000000000000000 ) ) ;
#960 = CARTESIAN_POINT ( 'NONE',  ( -5.237565705693876694, -13.40000000000000036, -11.14999999999999680 ) ) ;
#961 = PLANE ( 'NONE',  #5187 ) ;
#962 = SURFACE_STYLE_USAGE ( .BOTH. , #3872 ) ;
#963 = VERTEX_POINT ( 'NONE', #6248 ) ;
#964 = CARTESIAN_POINT ( 'NONE',  ( 1.593683192554341543, -12.30000000000000071, 0.0000000000000000000 ) ) ;
#965 = UNCERTAINTY_MEASURE_WITH_UNIT (LENGTH_MEASURE( 1.000000000000000082E-05 ), #5415, 'distance_accuracy_value', 'NONE');
#966 = ORIENTED_EDGE ( 'NONE', *, *, #619, .T. ) ;
#967 = LINE ( 'NONE', #3777, #6693 ) ;
#968 = DIRECTION ( 'NONE',  ( 1.000000000000000000, -0.0000000000000000000, 2.668805347656532354E-13 ) ) ;
#969 = FACE_OUTER_BOUND ( 'NONE', #4168, .T. ) ;
#970 = VERTEX_POINT ( 'NONE', #2825 ) ;
#971 = FILL_AREA_STYLE_COLOUR ( '', #565 ) ;
#972 = EDGE_CURVE ( 'NONE', #888, #531, #2229, .T. ) ;
#973 = LINE ( 'NONE', #4931, #4616 ) ;
#974 = FACE_OUTER_BOUND ( 'NONE', #784, .T. ) ;
#975 = CARTESIAN_POINT ( 'NONE',  ( 7.241003607157344035, -10.11055129483321835, -11.14999999999999680 ) ) ;
#976 = CARTESIAN_POINT ( 'NONE',  ( -14.32499996851787927, -18.61923881554287519, -5.074999986169887123 ) ) ;
#977 = AXIS2_PLACEMENT_3D ( 'NONE', #1928, #6980, #3560 ) ;
#978 = VERTEX_POINT ( 'NONE', #4490 ) ;
#979 = FACE_OUTER_BOUND ( 'NONE', #1009, .T. ) ;
#980 = ADVANCED_FACE ( 'NONE', ( #2162 ), #3427, .T. ) ;
#981 = PLANE ( 'NONE',  #5194 ) ;
#982 = EDGE_CURVE ( 'NONE', #4714, #185, #4019, .T. ) ;
#983 = DIRECTION ( 'NONE',  ( -0.0000000000000000000, 1.000000000000000000, -0.0000000000000000000 ) ) ;
#984 = EDGE_LOOP ( 'NONE', ( #6664, #2541, #2900, #6344 ) ) ;
#985 = FILL_AREA_STYLE ('',( #1530 ) ) ;
#986 = VERTEX_POINT ( 'NONE', #1194 ) ;
#987 = EDGE_CURVE ( 'NONE', #6442, #531, #5105, .T. ) ;
#988 =( LENGTH_UNIT ( ) NAMED_UNIT ( * ) SI_UNIT ( .MILLI., .METRE. ) );
#989 = EDGE_CURVE ( 'NONE', #1829, #1437, #3457, .T. ) ;
#990 = CARTESIAN_POINT ( 'NONE',  ( -2.856316807445651307, -18.61923881554287519, 0.0000000000000000000 ) ) ;
#991 = MECHANICAL_DESIGN_GEOMETRIC_PRESENTATION_REPRESENTATION (  '', ( #1206 ), #4640 ) ;
#992 = CARTESIAN_POINT ( 'NONE',  ( 10.28045231232413137, -13.40000000000000391, -10.14999999999999503 ) ) ;
#993 = ORIENTED_EDGE ( 'NONE', *, *, #2469, .T. ) ;
#994 = CARTESIAN_POINT ( 'NONE',  ( -14.32499996012503907, -12.20000000000000462, -10.07499999999986606 ) ) ;
#995 = ORIENTED_EDGE ( 'NONE', *, *, #5531, .T. ) ;
#996 =( LENGTH_UNIT ( ) NAMED_UNIT ( * ) SI_UNIT ( .MILLI., .METRE. ) );
#997 = VECTOR ( 'NONE', #173, 1000.000000000000000 ) ;
#998 = FILL_AREA_STYLE_COLOUR ( '', #1344 ) ;
#999 = CARTESIAN_POINT ( 'NONE',  ( 14.85000000000000675, -3.000000000000000000, 1.000000000000003331 ) ) ;
#1000 = PRESENTATION_LAYER_ASSIGNMENT (  '', '', ( #2528 ) ) ;
#1001 = LINE ( 'NONE', #4927, #106 ) ;
#1002 = VECTOR ( 'NONE', #6033, 1000.000000000000000 ) ;
#1003 = EDGE_LOOP ( 'NONE', ( #1882, #4577, #7181, #4907 ) ) ;
#1004 = CARTESIAN_POINT ( 'NONE',  ( -12.20598832703387693, -5.599999999999999645, 6.398369318106219339 ) ) ;
#1005 = CARTESIAN_POINT ( 'NONE',  ( 11.49999999999999822, -3.000000000000000000, 11.50000000000000178 ) ) ;
#1006 = CARTESIAN_POINT ( 'NONE',  ( -8.594011564216394561, -5.599999999999999645, -3.107656175016917821 ) ) ;
#1007 = CARTESIAN_POINT ( 'NONE',  ( -14.87499996012515524, -12.30000000000000071, -10.17499999999990301 ) ) ;
#1008 = CARTESIAN_POINT ( 'NONE',  ( -10.39999994562513486, -4.599999999999999645, -10.14999999999999858 ) ) ;
#1009 = EDGE_LOOP ( 'NONE', ( #2297, #3421, #1931, #6773 ) ) ;
#1010 = ORIENTED_EDGE ( 'NONE', *, *, #1179, .F. ) ;
#1011 = DIRECTION ( 'NONE',  ( 0.0000000000000000000, 0.0000000000000000000, -1.000000000000000000 ) ) ;
#1012 = LINE ( 'NONE', #2777, #4356 ) ;
#1013 = EDGE_CURVE ( 'NONE', #4519, #1219, #4525, .T. ) ;
#1014 = VERTEX_POINT ( 'NONE', #5715 ) ;
#1015 = CARTESIAN_POINT ( 'NONE',  ( 7.023125181477018465E-16, -4.599999999999999645, -10.14999999999999503 ) ) ;
#1016 = ORIENTED_EDGE ( 'NONE', *, *, #1876, .T. ) ;
#1017 = CARTESIAN_POINT ( 'NONE',  ( -5.759385576205928281, -6.899999999999999467, 5.759385576205937163 ) ) ;
#1018 = EDGE_CURVE ( 'NONE', #2279, #4707, #3867, .T. ) ;
#1019 = EDGE_CURVE ( 'NONE', #4929, #4219, #2854, .T. ) ;
#1020 = CARTESIAN_POINT ( 'NONE',  ( -0.4563168074456555035, -12.30000000000000071, 10.86245434496620987 ) ) ;
#1021 = ORIENTED_EDGE ( 'NONE', *, *, #5756, .T. ) ;
#1022 =( NAMED_UNIT ( * ) SI_UNIT ( $, .STERADIAN. ) SOLID_ANGLE_UNIT ( ) );
#1023 = CIRCLE ( 'NONE', #3859, 1.599999999999998979 ) ;
#1024 = UNCERTAINTY_MEASURE_WITH_UNIT (LENGTH_MEASURE( 1.000000000000000082E-05 ), #6437, 'distance_accuracy_value', 'NONE');
#1025 =( GEOMETRIC_REPRESENTATION_CONTEXT ( 3 ) GLOBAL_UNCERTAINTY_ASSIGNED_CONTEXT ( ( #3098 ) ) GLOBAL_UNIT_ASSIGNED_CONTEXT ( ( #200, #242, #1970 ) ) REPRESENTATION_CONTEXT ( 'NONE', 'WORKASPACE' ) );
#1026 = VERTEX_POINT ( 'NONE', #2890 ) ;
#1027 = LINE ( 'NONE', #5079, #4358 ) ;
#1028 = VECTOR ( 'NONE', #6625, 1000.000000000000000 ) ;
#1029 = AXIS2_PLACEMENT_3D ( 'NONE', #3522, #190, #6975 ) ;
#1030 = EDGE_CURVE ( 'NONE', #6642, #1051, #5339, .T. ) ;
#1031 =( GEOMETRIC_REPRESENTATION_CONTEXT ( 3 ) GLOBAL_UNCERTAINTY_ASSIGNED_CONTEXT ( ( #4964 ) ) GLOBAL_UNIT_ASSIGNED_CONTEXT ( ( #6307, #3451, #2186 ) ) REPRESENTATION_CONTEXT ( 'NONE', 'WORKASPACE' ) );
#1032 = DIRECTION ( 'NONE',  ( -0.0000000000000000000, 1.000000000000000000, -0.0000000000000000000 ) ) ;
#1033 = AXIS2_PLACEMENT_3D ( 'NONE', #1059, #3977, #2193 ) ;
#1034 = ORIENTED_EDGE ( 'NONE', *, *, #6559, .T. ) ;
#1035 = UNCERTAINTY_MEASURE_WITH_UNIT (LENGTH_MEASURE( 1.000000000000000082E-05 ), #238, 'distance_accuracy_value', 'NONE');
#1036 = PRESENTATION_STYLE_ASSIGNMENT (( #6152 ) ) ;
#1037 = VECTOR ( 'NONE', #7330, 1000.000000000000000 ) ;
#1038 = VECTOR ( 'NONE', #1490, 1000.000000000000000 ) ;
#1039 = DIRECTION ( 'NONE',  ( 0.7071067811865414665, 0.0000000000000000000, -0.7071067811865536790 ) ) ;
#1040 = AXIS2_PLACEMENT_3D ( 'NONE', #3855, #5523, #420 ) ;
#1041 = VECTOR ( 'NONE', #6503, 1000.000000000000000 ) ;
#1042 = ORIENTED_EDGE ( 'NONE', *, *, #5401, .F. ) ;
#1043 = PLANE ( 'NONE',  #1087 ) ;
#1044 =( NAMED_UNIT ( * ) PLANE_ANGLE_UNIT ( ) SI_UNIT ( $, .RADIAN. ) );
#1045 = ORIENTED_EDGE ( 'NONE', *, *, #1058, .F. ) ;
#1046 = FACE_OUTER_BOUND ( 'NONE', #4347, .T. ) ;
#1047 = VERTEX_POINT ( 'NONE', #5950 ) ;
#1048 = DIRECTION ( 'NONE',  ( -0.0000000000000000000, 1.000000000000000000, -0.0000000000000000000 ) ) ;
#1049 = CARTESIAN_POINT ( 'NONE',  ( 8.231076514468834183E-16, -10.11055129483321835, -12.14999999999999680 ) ) ;
#1050 = TOROIDAL_SURFACE ( 'NONE', #5207, 1.600000000000014300, 0.4000000000000000222 ) ;
#1051 = VERTEX_POINT ( 'NONE', #5175 ) ;
#1052 = EDGE_LOOP ( 'NONE', ( #5729, #4285, #7270, #6066 ) ) ;
#1053 = ORIENTED_EDGE ( 'NONE', *, *, #3505, .T. ) ;
#1054 = PLANE ( 'NONE',  #5796 ) ;
#1055 = VERTEX_POINT ( 'NONE', #1780 ) ;
#1056 = SURFACE_STYLE_USAGE ( .BOTH. , #3170 ) ;
#1057 =( NAMED_UNIT ( * ) PLANE_ANGLE_UNIT ( ) SI_UNIT ( $, .RADIAN. ) );
#1058 = EDGE_CURVE ( 'NONE', #3782, #3705, #1861, .T. ) ;
#1059 = CARTESIAN_POINT ( 'NONE',  ( 5.699999999999603162, 5.699999999999998401, 0.0000000000000000000 ) ) ;
#1060 = CARTESIAN_POINT ( 'NONE',  ( -9.549999979010362239, -7.425000010493573832, -10.49999997567601184 ) ) ;
#1061 = ORIENTED_EDGE ( 'NONE', *, *, #6543, .F. ) ;
#1062 = DIRECTION ( 'NONE',  ( -9.637352644315584889E-16, 1.000000000000000000, 0.0000000000000000000 ) ) ;
#1063 = DIRECTION ( 'NONE',  ( 0.0000000000000000000, 0.0000000000000000000, -1.000000000000000000 ) ) ;
#1064 = PLANE ( 'NONE',  #7207 ) ;
#1065 = EDGE_CURVE ( 'NONE', #6027, #1956, #4157, .T. ) ;
#1066 = PLANE ( 'NONE',  #5203 ) ;
#1067 = ORIENTED_EDGE ( 'NONE', *, *, #1682, .T. ) ;
#1068 = EDGE_CURVE ( 'NONE', #1464, #3365, #5293, .T. ) ;
#1069 = EDGE_CURVE ( 'NONE', #6296, #5296, #5780, .T. ) ;
#1070 = CARTESIAN_POINT ( 'NONE',  ( 0.0000000000000000000, -4.599999999999999645, 0.0000000000000000000 ) ) ;
#1071 = DIRECTION ( 'NONE',  ( 0.7071067811865721087, -0.7071067811865230368, 4.717825897487460006E-16 ) ) ;
#1072 = AXIS2_PLACEMENT_3D ( 'NONE', #1207, #5201, #6363 ) ;
#1073 = ORIENTED_EDGE ( 'NONE', *, *, #2968, .F. ) ;
#1074 = DIRECTION ( 'NONE',  ( -3.269436954241216420E-49, 1.000000000000000000, 6.162975822039153361E-33 ) ) ;
#1075 = DIRECTION ( 'NONE',  ( 0.5773502691896126304, 0.5773502691896522654, -0.5773502691896121863 ) ) ;
#1076 = DIRECTION ( 'NONE',  ( -1.000000000000000000, -0.0000000000000000000, -0.0000000000000000000 ) ) ;
#1077 = ORIENTED_EDGE ( 'NONE', *, *, #4778, .F. ) ;
#1078 = FACE_OUTER_BOUND ( 'NONE', #1211, .T. ) ;
#1079 = ORIENTED_EDGE ( 'NONE', *, *, #710, .F. ) ;
#1080 = DIRECTION ( 'NONE',  ( -3.269436954241216420E-49, 1.000000000000000000, 6.162975822039153361E-33 ) ) ;
#1081 = LINE ( 'NONE', #3343, #5297 ) ;
#1082 = CARTESIAN_POINT ( 'NONE',  ( 1.493683192554345673, -18.61923881554287519, 10.86245434496621165 ) ) ;
#1083 = ORIENTED_EDGE ( 'NONE', *, *, #1018, .T. ) ;
#1084 = LINE ( 'NONE', #581, #4463 ) ;
#1085 = ORIENTED_EDGE ( 'NONE', *, *, #3112, .F. ) ;
#1086 = FILL_AREA_STYLE_COLOUR ( '', #3842 ) ;
#1087 = AXIS2_PLACEMENT_3D ( 'NONE', #3788, #416, #5596 ) ;
#1088 = CARTESIAN_POINT ( 'NONE',  ( 14.34999999999999609, -12.20000000000000107, 8.549999999999997158 ) ) ;
#1089 = SURFACE_STYLE_USAGE ( .BOTH. , #5177 ) ;
#1090 = FILL_AREA_STYLE_COLOUR ( '', #2204 ) ;
#1091 = VERTEX_POINT ( 'NONE', #140 ) ;
#1092 = DIRECTION ( 'NONE',  ( -3.336006684570785074E-16, 0.0000000000000000000, 1.000000000000000000 ) ) ;
#1093 = PLANE ( 'NONE',  #3012 ) ;
#1094 = DIRECTION ( 'NONE',  ( 0.5773502691896121863, -0.5773502691896525985, -0.5773502691896125194 ) ) ;
#1095 = VECTOR ( 'NONE', #1631, 1000.000000000000000 ) ;
#1096 = CARTESIAN_POINT ( 'NONE',  ( -0.4875657056938695888, -9.689448705166794795, -11.64999999999999680 ) ) ;
#1097 = STYLED_ITEM ( 'NONE', ( #5268 ), #4018 ) ;
#1098 = ORIENTED_EDGE ( 'NONE', *, *, #3933, .F. ) ;
#1099 = EDGE_CURVE ( 'NONE', #1749, #3136, #2406, .T. ) ;
#1100 = LINE ( 'NONE', #5546, #6882 ) ;
#1101 = DIRECTION ( 'NONE',  ( -1.000000000000000000, 0.0000000000000000000, -2.668805347656626481E-15 ) ) ;
#1102 = CARTESIAN_POINT ( 'NONE',  ( 7.170083562801061759E-16, -13.40000000000000036, -10.14999999999999503 ) ) ;
#1103 = VECTOR ( 'NONE', #2027, 1000.000000000000000 ) ;
#1104 = ORIENTED_EDGE ( 'NONE', *, *, #6314, .F. ) ;
#1105 = DIRECTION ( 'NONE',  ( 0.7071067811865658914, 2.775557561562891967E-17, 0.7071067811865292541 ) ) ;
#1106 = CARTESIAN_POINT ( 'NONE',  ( -14.32499996012503907, -6.899999999999999467, -10.07499999999986606 ) ) ;
#1107 =( NAMED_UNIT ( * ) PLANE_ANGLE_UNIT ( ) SI_UNIT ( $, .RADIAN. ) );
#1108 = ORIENTED_EDGE ( 'NONE', *, *, #7222, .F. ) ;
#1109 = EDGE_LOOP ( 'NONE', ( #4177, #5805, #4410, #8 ) ) ;
#1110 = DIRECTION ( 'NONE',  ( -0.7071067811865721087, 0.7071067811865230368, 0.0000000000000000000 ) ) ;
#1111 = DIRECTION ( 'NONE',  ( 0.0000000000000000000, 0.0000000000000000000, -1.000000000000000000 ) ) ;
#1112 = VECTOR ( 'NONE', #3807, 1000.000000000000000 ) ;
#1113 = CARTESIAN_POINT ( 'NONE',  ( -14.32499996012495203, -12.20000000000000462, -10.72500000000015064 ) ) ;
#1114 = ORIENTED_EDGE ( 'NONE', *, *, #3153, .F. ) ;
#1115 = FACE_OUTER_BOUND ( 'NONE', #5384, .T. ) ;
#1116 = EDGE_CURVE ( 'NONE', #3782, #1796, #3045, .T. ) ;
#1117 = FILL_AREA_STYLE ('',( #1773 ) ) ;
#1118 = EDGE_LOOP ( 'NONE', ( #486, #5420, #3138, #249 ) ) ;
#1119 = CIRCLE ( 'NONE', #7314, 2.000000000000000000 ) ;
#1120 = MECHANICAL_DESIGN_GEOMETRIC_PRESENTATION_REPRESENTATION (  '', ( #6621 ), #901 ) ;
#1121 = CARTESIAN_POINT ( 'NONE',  ( 0.0000000000000000000, 0.0000000000000000000, -11.39999999999999680 ) ) ;
#1122 = PLANE ( 'NONE',  #7115 ) ;
#1123 = VERTEX_POINT ( 'NONE', #4637 ) ;
#1124 = CARTESIAN_POINT ( 'NONE',  ( -2.856316807445651307, -18.61923881554287519, 10.86245434496620632 ) ) ;
#1125 = LINE ( 'NONE', #5376, #6177 ) ;
#1126 = AXIS2_PLACEMENT_3D ( 'NONE', #6976, #6941, #5164 ) ;
#1127 = PLANE ( 'NONE',  #3091 ) ;
#1128 = AXIS2_PLACEMENT_3D ( 'NONE', #394, #2715, #3858 ) ;
#1129 = VECTOR ( 'NONE', #6880, 1000.000000000000000 ) ;
#1130 = ORIENTED_EDGE ( 'NONE', *, *, #3691, .F. ) ;
#1131 = DIRECTION ( 'NONE',  ( -1.000000000000000000, 0.0000000000000000000, 0.0000000000000000000 ) ) ;
#1132 = EDGE_CURVE ( 'NONE', #5341, #3974, #104, .T. ) ;
#1133 =( NAMED_UNIT ( * ) SI_UNIT ( $, .STERADIAN. ) SOLID_ANGLE_UNIT ( ) );
#1134 = MECHANICAL_DESIGN_GEOMETRIC_PRESENTATION_REPRESENTATION (  '', ( #6394 ), #680 ) ;
#1135 = VECTOR ( 'NONE', #6658, 999.9999999999998863 ) ;
#1136 = PLANE ( 'NONE',  #6887 ) ;
#1137 = ORIENTED_EDGE ( 'NONE', *, *, #3558, .T. ) ;
#1138 = AXIS2_PLACEMENT_3D ( 'NONE', #6588, #4877, #2491 ) ;
#1139 = PRESENTATION_LAYER_ASSIGNMENT (  '', '', ( #4697 ) ) ;
#1140 = DIRECTION ( 'NONE',  ( 1.000000000000000000, 0.0000000000000000000, 5.304964758338859037E-17 ) ) ;
#1141 = ORIENTED_EDGE ( 'NONE', *, *, #489, .F. ) ;
#1142 = AXIS2_PLACEMENT_3D ( 'NONE', #1822, #3662, #4765 ) ;
#1143 = CARTESIAN_POINT ( 'NONE',  ( 0.0000000000000000000, -4.599999999999999645, 0.0000000000000000000 ) ) ;
#1144 =( GEOMETRIC_REPRESENTATION_CONTEXT ( 3 ) GLOBAL_UNCERTAINTY_ASSIGNED_CONTEXT ( ( #4652 ) ) GLOBAL_UNIT_ASSIGNED_CONTEXT ( ( #7216, #1535, #2194 ) ) REPRESENTATION_CONTEXT ( 'NONE', 'WORKASPACE' ) );
#1145 = ORIENTED_EDGE ( 'NONE', *, *, #6873, .T. ) ;
#1146 = DIRECTION ( 'NONE',  ( 1.334402673827726470E-13, 0.0000000000000000000, -1.000000000000000000 ) ) ;
#1147 = LINE ( 'NONE', #4550, #4088 ) ;
#1148 = EDGE_CURVE ( 'NONE', #4202, #2607, #2685, .T. ) ;
#1149 = VECTOR ( 'NONE', #618, 1000.000000000000000 ) ;
#1150 = LINE ( 'NONE', #3418, #4467 ) ;
#1151 = VECTOR ( 'NONE', #3469, 1000.000000000000000 ) ;
#1152 =( GEOMETRIC_REPRESENTATION_CONTEXT ( 3 ) GLOBAL_UNCERTAINTY_ASSIGNED_CONTEXT ( ( #5877 ) ) GLOBAL_UNIT_ASSIGNED_CONTEXT ( ( #1554, #3193, #385 ) ) REPRESENTATION_CONTEXT ( 'NONE', 'WORKASPACE' ) );
#1153 = EDGE_CURVE ( 'NONE', #3782, #2419, #1267, .T. ) ;
#1154 = EDGE_LOOP ( 'NONE', ( #4814, #1785 ) ) ;
#1155 = SURFACE_STYLE_FILL_AREA ( #6913 ) ;
#1156 = ORIENTED_EDGE ( 'NONE', *, *, #4876, .T. ) ;
#1157 = SURFACE_STYLE_FILL_AREA ( #6274 ) ;
#1158 = COLOUR_RGB ( '',0.9686274509803921573, 0.9686274509803921573, 0.9686274509803921573 ) ;
#1159 = ORIENTED_EDGE ( 'NONE', *, *, #4823, .T. ) ;
#1160 = CIRCLE ( 'NONE', #1863, 1.599999999999998979 ) ;
#1161 = VECTOR ( 'NONE', #2427, 1000.000000000000000 ) ;
#1162 = FILL_AREA_STYLE ('',( #3456 ) ) ;
#1163 = EDGE_CURVE ( 'NONE', #778, #7044, #1812, .T. ) ;
#1164 = EDGE_CURVE ( 'NONE', #2724, #4955, #5825, .T. ) ;
#1165 = DIRECTION ( 'NONE',  ( 0.0000000000000000000, 0.0000000000000000000, 1.000000000000000000 ) ) ;
#1166 = LINE ( 'NONE', #3428, #1723 ) ;
#1167 = CARTESIAN_POINT ( 'NONE',  ( 5.530452312324126041, -9.689448705166794795, -11.64999999999999680 ) ) ;
#1168 = ORIENTED_EDGE ( 'NONE', *, *, #5486, .T. ) ;
#1169 = CARTESIAN_POINT ( 'NONE',  ( -14.32499996012638199, -6.899999999999999467, -1.911531824937471808E-12 ) ) ;
#1170 = DIRECTION ( 'NONE',  ( 1.000000000000000000, 0.0000000000000000000, 6.774548571579288900E-17 ) ) ;
#1171 = FACE_OUTER_BOUND ( 'NONE', #7299, .T. ) ;
#1172 = ORIENTED_EDGE ( 'NONE', *, *, #6396, .T. ) ;
#1173 = LINE ( 'NONE', #5761, #6400 ) ;
#1174 = DIRECTION ( 'NONE',  ( 0.0000000000000000000, 0.0000000000000000000, -1.000000000000000000 ) ) ;
#1175 = DIRECTION ( 'NONE',  ( 5.304964758338859037E-17, -0.0000000000000000000, -1.000000000000000000 ) ) ;
#1176 = ORIENTED_EDGE ( 'NONE', *, *, #577, .T. ) ;
#1177 = CARTESIAN_POINT ( 'NONE',  ( -5.237565705693876694, 7.488015623777569931E-32, -10.14999999999999503 ) ) ;
#1178 = FACE_OUTER_BOUND ( 'NONE', #527, .T. ) ;
#1179 = EDGE_CURVE ( 'NONE', #3627, #2882, #5261, .T. ) ;
#1180 = ORIENTED_EDGE ( 'NONE', *, *, #5941, .F. ) ;
#1181 = ORIENTED_EDGE ( 'NONE', *, *, #5217, .T. ) ;
#1182 = CARTESIAN_POINT ( 'NONE',  ( 0.0000000000000000000, -5.599999999999999645, 0.0000000000000000000 ) ) ;
#1183 = DIRECTION ( 'NONE',  ( 0.0000000000000000000, 0.0000000000000000000, -1.000000000000000000 ) ) ;
#1184 = PLANE ( 'NONE',  #3043 ) ;
#1185 = ORIENTED_EDGE ( 'NONE', *, *, #6729, .F. ) ;
#1186 = PLANE ( 'NONE',  #4817 ) ;
#1187 = ORIENTED_EDGE ( 'NONE', *, *, #1132, .F. ) ;
#1188 = CARTESIAN_POINT ( 'NONE',  ( 14.35000000000000142, -4.599999999999999645, -10.14999999999999858 ) ) ;
#1189 = EDGE_CURVE ( 'NONE', #2025, #5625, #3987, .T. ) ;
#1190 = AXIS2_PLACEMENT_3D ( 'NONE', #3622, #1313, #5880 ) ;
#1191 = ORIENTED_EDGE ( 'NONE', *, *, #5024, .F. ) ;
#1192 = SURFACE_SIDE_STYLE ('',( #4599 ) ) ;
#1193 = EDGE_CURVE ( 'NONE', #4390, #519, #6988, .T. ) ;
#1194 = CARTESIAN_POINT ( 'NONE',  ( -2.198117000527087583, -10.11055129483321835, -11.64999999999999680 ) ) ;
#1195 = LINE ( 'NONE', #5685, #6638 ) ;
#1196 =( LENGTH_UNIT ( ) NAMED_UNIT ( * ) SI_UNIT ( .MILLI., .METRE. ) );
#1197 = EDGE_CURVE ( 'NONE', #1091, #1055, #3649, .T. ) ;
#1198 = COLOUR_RGB ( '',0.9686274509803921573, 0.9686274509803921573, 0.9686274509803921573 ) ;
#1199 = ORIENTED_EDGE ( 'NONE', *, *, #1963, .T. ) ;
#1200 = LINE ( 'NONE', #4565, #4173 ) ;
#1201 = CARTESIAN_POINT ( 'NONE',  ( -3.506316807445652106, -12.19999999999999751, 10.21245434496620774 ) ) ;
#1202 = SURFACE_STYLE_USAGE ( .BOTH. , #5039 ) ;
#1203 = DIRECTION ( 'NONE',  ( -0.0000000000000000000, 1.000000000000000000, -0.0000000000000000000 ) ) ;
#1204 = EDGE_LOOP ( 'NONE', ( #4254, #6922 ) ) ;
#1205 = DIRECTION ( 'NONE',  ( 0.7071067811865435759, 0.0000000000000000000, 0.7071067811865515695 ) ) ;
#1206 = STYLED_ITEM ( 'NONE', ( #5160 ), #3213 ) ;
#1207 = CARTESIAN_POINT ( 'NONE',  ( 0.0000000000000000000, -18.61923881554287519, 10.21245434496621307 ) ) ;
#1208 = PLANE ( 'NONE',  #2922 ) ;
#1209 = LINE ( 'NONE', #3516, #7248 ) ;
#1210 = ORIENTED_EDGE ( 'NONE', *, *, #3416, .T. ) ;
#1211 = EDGE_LOOP ( 'NONE', ( #2477, #6832, #1383, #364 ) ) ;
#1212 = DIRECTION ( 'NONE',  ( 0.0000000000000000000, -1.000000000000000000, 0.0000000000000000000 ) ) ;
#1213 = CARTESIAN_POINT ( 'NONE',  ( 0.0000000000000000000, -4.599999999999999645, 6.869388599297004738 ) ) ;
#1214 = AXIS2_PLACEMENT_3D ( 'NONE', #550, #2792, #5077 ) ;
#1215 = ORIENTED_EDGE ( 'NONE', *, *, #3378, .T. ) ;
#1216 = PRESENTATION_STYLE_ASSIGNMENT (( #5100 ) ) ;
#1217 = VERTEX_POINT ( 'NONE', #6465 ) ;
#1218 = CARTESIAN_POINT ( 'NONE',  ( -2.198117000527087583, -8.400000000000000355, -11.64999999999999680 ) ) ;
#1219 = VERTEX_POINT ( 'NONE', #3607 ) ;
#1220 = VECTOR ( 'NONE', #4355, 1000.000000000000000 ) ;
#1221 = SURFACE_STYLE_USAGE ( .BOTH. , #6346 ) ;
#1222 = ADVANCED_FACE ( 'NONE', ( #3569 ), #5862, .T. ) ;
#1223 = DIRECTION ( 'NONE',  ( -0.0000000000000000000, 1.000000000000000000, -0.0000000000000000000 ) ) ;
#1224 = DIRECTION ( 'NONE',  ( -9.637352644315584889E-16, -1.000000000000000000, -7.145168941239318192E-32 ) ) ;
#1225 = DIRECTION ( 'NONE',  ( 1.060992951667771931E-16, 0.0000000000000000000, -1.000000000000000000 ) ) ;
#1226 = DIRECTION ( 'NONE',  ( 0.7071067683702687567, 0.0000000000000000000, -0.7071067940028260557 ) ) ;
#1227 = EDGE_LOOP ( 'NONE', ( #4849, #116, #6487, #4388 ) ) ;
#1228 = DIRECTION ( 'NONE',  ( 0.7071067811865435759, 0.0000000000000000000, 0.7071067811865515695 ) ) ;
#1229 = CARTESIAN_POINT ( 'NONE',  ( 4.778068768760270757, -6.899999999999999467, 4.778068768760243223 ) ) ;
#1230 = EDGE_CURVE ( 'NONE', #3130, #6300, #7064, .T. ) ;
#1231 = DIRECTION ( 'NONE',  ( 0.7071067811865546782, 0.0000000000000000000, -0.7071067811865403563 ) ) ;
#1232 = EDGE_CURVE ( 'NONE', #6978, #4519, #2206, .T. ) ;
#1233 = EDGE_LOOP ( 'NONE', ( #4617, #384, #395, #2586 ) ) ;
#1234 = ORIENTED_EDGE ( 'NONE', *, *, #4587, .T. ) ;
#1235 = CARTESIAN_POINT ( 'NONE',  ( -5.237565705693876694, 7.488015623777569931E-32, -10.14999999999999503 ) ) ;
#1236 = EDGE_CURVE ( 'NONE', #963, #4380, #3259, .T. ) ;
#1237 = FACE_OUTER_BOUND ( 'NONE', #6405, .T. ) ;
#1238 = EDGE_CURVE ( 'NONE', #1658, #2305, #522, .T. ) ;
#1239 = CARTESIAN_POINT ( 'NONE',  ( -1.006316807445652328, -12.19999999999999041, 10.21245434496620952 ) ) ;
#1240 = ORIENTED_EDGE ( 'NONE', *, *, #655, .T. ) ;
#1241 = LINE ( 'NONE', #2030, #2001 ) ;
#1242 = DIRECTION ( 'NONE',  ( 0.7071068623563007138, 0.0000000000000000000, -0.7071067000167851058 ) ) ;
#1243 = ORIENTED_EDGE ( 'NONE', *, *, #7035, .T. ) ;
#1244 = VERTEX_POINT ( 'NONE', #2173 ) ;
#1245 = DIRECTION ( 'NONE',  ( 0.0000000000000000000, -0.0000000000000000000, -1.000000000000000000 ) ) ;
#1246 = CARTESIAN_POINT ( 'NONE',  ( -14.32499996851920621, -12.20000000000000462, -3.746602379074059162E-12 ) ) ;
#1247 = COLOUR_RGB ( '',0.0000000000000000000, 0.007843137254901960675, 0.02745098039215686236 ) ;
#1248 = VECTOR ( 'NONE', #2482, 1000.000000000000000 ) ;
#1249 = CARTESIAN_POINT ( 'NONE',  ( 11.49999999999999822, -3.000000000000000000, -11.39999999999999503 ) ) ;
#1250 =( GEOMETRIC_REPRESENTATION_CONTEXT ( 3 ) GLOBAL_UNCERTAINTY_ASSIGNED_CONTEXT ( ( #6857 ) ) GLOBAL_UNIT_ASSIGNED_CONTEXT ( ( #3212, #3833, #4357 ) ) REPRESENTATION_CONTEXT ( 'NONE', 'WORKASPACE' ) );
#1251 = VECTOR ( 'NONE', #6204, 1000.000000000000000 ) ;
#1252 = ORIENTED_EDGE ( 'NONE', *, *, #6305, .T. ) ;
#1253 = CARTESIAN_POINT ( 'NONE',  ( -4.431316807445652373, -6.899999999999999467, 0.0000000000000000000 ) ) ;
#1254 = EDGE_LOOP ( 'NONE', ( #942, #2185, #2837, #2256 ) ) ;
#1255 = VECTOR ( 'NONE', #4800, 1000.000000000000114 ) ;
#1256 =( NAMED_UNIT ( * ) PLANE_ANGLE_UNIT ( ) SI_UNIT ( $, .RADIAN. ) );
#1257 = CARTESIAN_POINT ( 'NONE',  ( 0.0000000000000000000, -4.599999999999999645, -11.64999999999999858 ) ) ;
#1258 = ORIENTED_EDGE ( 'NONE', *, *, #2224, .T. ) ;
#1259 = DIRECTION ( 'NONE',  ( -0.0000000000000000000, 1.000000000000000000, -0.0000000000000000000 ) ) ;
#1260 = DIRECTION ( 'NONE',  ( -0.0000000000000000000, 1.000000000000000000, -0.0000000000000000000 ) ) ;
#1261 = VECTOR ( 'NONE', #3533, 1000.000000000000000 ) ;
#1262 = VECTOR ( 'NONE', #2866, 1000.000000000000000 ) ;
#1263 = SURFACE_STYLE_FILL_AREA ( #4600 ) ;
#1264 = VECTOR ( 'NONE', #1074, 1000.000000000000000 ) ;
#1265 = AXIS2_PLACEMENT_3D ( 'NONE', #613, #4597, #4013 ) ;
#1266 = STYLED_ITEM ( 'NONE', ( #1394 ), #5145 ) ;
#1267 = LINE ( 'NONE', #2336, #4458 ) ;
#1268 = MECHANICAL_DESIGN_GEOMETRIC_PRESENTATION_REPRESENTATION (  '', ( #2324 ), #5080 ) ;
#1269 = VECTOR ( 'NONE', #5949, 1000.000000000000000 ) ;
#1270 = CARTESIAN_POINT ( 'NONE',  ( 5.530452312324135811, -4.599999999999999645, -10.14999999999999503 ) ) ;
#1271 = ADVANCED_FACE ( 'NONE', ( #7265 ), #6682, .T. ) ;
#1272 = ORIENTED_EDGE ( 'NONE', *, *, #3691, .T. ) ;
#1273 = PLANE ( 'NONE',  #2060 ) ;
#1274 = ORIENTED_EDGE ( 'NONE', *, *, #7100, .F. ) ;
#1275 = DIRECTION ( 'NONE',  ( 1.000000000000000000, 0.0000000000000000000, 0.0000000000000000000 ) ) ;
#1276 = ORIENTED_EDGE ( 'NONE', *, *, #1608, .F. ) ;
#1277 = CARTESIAN_POINT ( 'NONE',  ( -10.39999994562513486, -4.599999999999999645, -8.149999999999998579 ) ) ;
#1278 = EDGE_CURVE ( 'NONE', #540, #5473, #5593, .T. ) ;
#1279 = FILL_AREA_STYLE ('',( #229 ) ) ;
#1280 = ORIENTED_EDGE ( 'NONE', *, *, #6259, .F. ) ;
#1281 = LINE ( 'NONE', #3548, #813 ) ;
#1282 = CARTESIAN_POINT ( 'NONE',  ( 13.35751266122969128, -5.599999999999999645, 0.0000000000000000000 ) ) ;
#1283 = EDGE_CURVE ( 'NONE', #5545, #3119, #5624, .T. ) ;
#1284 = ORIENTED_EDGE ( 'NONE', *, *, #6824, .F. ) ;
#1285 = EDGE_CURVE ( 'NONE', #1123, #4052, #6089, .T. ) ;
#1286 = EDGE_LOOP ( 'NONE', ( #2033, #7147, #6717, #4472 ) ) ;
#1287 = SURFACE_STYLE_FILL_AREA ( #127 ) ;
#1288 = ORIENTED_EDGE ( 'NONE', *, *, #398, .F. ) ;
#1289 = FACE_OUTER_BOUND ( 'NONE', #5324, .T. ) ;
#1290 = DIRECTION ( 'NONE',  ( 0.0000000000000000000, 1.000000000000000000, 0.0000000000000000000 ) ) ;
#1291 = CARTESIAN_POINT ( 'NONE',  ( 7.241003607157344035, 7.488015623777569931E-32, -12.14999999999999680 ) ) ;
#1292 = CARTESIAN_POINT ( 'NONE',  ( 7.323256856488931154E-15, -6.899999999999999467, 9.287454344966208808 ) ) ;
#1293 = VERTEX_POINT ( 'NONE', #2705 ) ;
#1294 = DIRECTION ( 'NONE',  ( 0.0000000000000000000, 1.000000000000000000, 0.0000000000000000000 ) ) ;
#1295 = LINE ( 'NONE', #5897, #4182 ) ;
#1296 = PRESENTATION_STYLE_ASSIGNMENT (( #4674 ) ) ;
#1297 = DIRECTION ( 'NONE',  ( 1.000000000000000000, -4.119479477319231864E-15, 6.774548571579288900E-17 ) ) ;
#1298 = VECTOR ( 'NONE', #4475, 1000.000000000000227 ) ;
#1299 = LINE ( 'NONE', #802, #4448 ) ;
#1300 = VERTEX_POINT ( 'NONE', #1626 ) ;
#1301 = VERTEX_POINT ( 'NONE', #7293 ) ;
#1302 = FACE_OUTER_BOUND ( 'NONE', #3843, .T. ) ;
#1303 = CARTESIAN_POINT ( 'NONE',  ( -0.4893540843755935232, -4.599999999999999645, -10.14999999999999503 ) ) ;
#1304 = EDGE_LOOP ( 'NONE', ( #46, #5366, #5221, #6930 ) ) ;
#1305 = CARTESIAN_POINT ( 'NONE',  ( -3.225000000000091571, -6.899999999999999467, 3.225000000000055156 ) ) ;
#1306 = AXIS2_PLACEMENT_3D ( 'NONE', #2037, #4853, #7286 ) ;
#1307 = CARTESIAN_POINT ( 'NONE',  ( -3.506316807445651662, -12.19999999999999751, 10.86245434496620632 ) ) ;
#1308 = ORIENTED_EDGE ( 'NONE', *, *, #6491, .T. ) ;
#1309 = DIRECTION ( 'NONE',  ( 0.0000000000000000000, 0.0000000000000000000, 1.000000000000000000 ) ) ;
#1310 = UNCERTAINTY_MEASURE_WITH_UNIT (LENGTH_MEASURE( 1.000000000000000082E-05 ), #232, 'distance_accuracy_value', 'NONE');
#1311 = ORIENTED_EDGE ( 'NONE', *, *, #750, .F. ) ;
#1312 = LINE ( 'NONE', #1235, #342 ) ;
#1313 = DIRECTION ( 'NONE',  ( -0.0000000000000000000, 1.000000000000000000, -0.0000000000000000000 ) ) ;
#1314 = EDGE_CURVE ( 'NONE', #287, #6489, #6649, .T. ) ;
#1315 = ORIENTED_EDGE ( 'NONE', *, *, #1572, .T. ) ;
#1316 = FILL_AREA_STYLE ('',( #4738 ) ) ;
#1317 = DIRECTION ( 'NONE',  ( 0.0000000000000000000, -0.0000000000000000000, -1.000000000000000000 ) ) ;
#1318 = EDGE_CURVE ( 'NONE', #1478, #3795, #2526, .T. ) ;
#1319 = ORIENTED_EDGE ( 'NONE', *, *, #1963, .F. ) ;
#1320 = ORIENTED_EDGE ( 'NONE', *, *, #4730, .F. ) ;
#1321 = CARTESIAN_POINT ( 'NONE',  ( -8.594011564216394561, -5.599999999999999645, -3.107656175016917821 ) ) ;
#1322 = CARTESIAN_POINT ( 'NONE',  ( -0.4875657056938695888, -10.11055129483321835, -11.64999999999999680 ) ) ;
#1323 = ADVANCED_FACE ( 'NONE', ( #974 ), #2141, .F. ) ;
#1324 = AXIS2_PLACEMENT_3D ( 'NONE', #1008, #7269, #5554 ) ;
#1325 = VERTEX_POINT ( 'NONE', #1978 ) ;
#1326 = CARTESIAN_POINT ( 'NONE',  ( 8.530452312324126041, -9.689448705166794795, -11.64999999999999680 ) ) ;
#1327 = SURFACE_STYLE_USAGE ( .BOTH. , #5101 ) ;
#1328 = PLANE ( 'NONE',  #4532 ) ;
#1329 = PLANE ( 'NONE',  #4087 ) ;
#1330 = ORIENTED_EDGE ( 'NONE', *, *, #4051, .F. ) ;
#1331 =( NAMED_UNIT ( * ) SI_UNIT ( $, .STERADIAN. ) SOLID_ANGLE_UNIT ( ) );
#1332 = DIRECTION ( 'NONE',  ( -1.000000000000000000, 0.0000000000000000000, 0.0000000000000000000 ) ) ;
#1333 = DIRECTION ( 'NONE',  ( 3.269436954241216420E-49, -1.000000000000000000, -6.162975822039153361E-33 ) ) ;
#1334 = ADVANCED_FACE ( 'NONE', ( #4476 ), #6154, .T. ) ;
#1335 = DIRECTION ( 'NONE',  ( 0.0000000000000000000, 1.000000000000000000, 0.0000000000000000000 ) ) ;
#1336 = VECTOR ( 'NONE', #3811, 1000.000000000000114 ) ;
#1337 = ORIENTED_EDGE ( 'NONE', *, *, #1927, .F. ) ;
#1338 = VERTEX_POINT ( 'NONE', #2910 ) ;
#1339 = CARTESIAN_POINT ( 'NONE',  ( 7.241003607157344035, -11.40000000000000213, -10.14999999999999503 ) ) ;
#1340 =( LENGTH_UNIT ( ) NAMED_UNIT ( * ) SI_UNIT ( .MILLI., .METRE. ) );
#1341 = EDGE_LOOP ( 'NONE', ( #6822, #3803, #5865, #3023, #1767, #5360, #2944 ) ) ;
#1342 = CARTESIAN_POINT ( 'NONE',  ( -8.594011564216394561, -5.599999999999999645, -3.107656175016917821 ) ) ;
#1343 = DIRECTION ( 'NONE',  ( 1.000000000000000000, 0.0000000000000000000, 6.774548571579288900E-17 ) ) ;
#1344 = COLOUR_RGB ( '',0.0000000000000000000, 0.007843137254901960675, 0.02745098039215686236 ) ;
#1345 = LINE ( 'NONE', #3498, #3873 ) ;
#1346 = ORIENTED_EDGE ( 'NONE', *, *, #5956, .F. ) ;
#1347 =( NAMED_UNIT ( * ) SI_UNIT ( $, .STERADIAN. ) SOLID_ANGLE_UNIT ( ) );
#1348 = EDGE_LOOP ( 'NONE', ( #2090, #6935, #79 ) ) ;
#1349 = LINE ( 'NONE', #893, #688 ) ;
#1350 = CARTESIAN_POINT ( 'NONE',  ( -15.60000000000000675, -6.899999999999999467, -9.149999999999998579 ) ) ;
#1351 = VERTEX_POINT ( 'NONE', #119 ) ;
#1352 = PRESENTATION_STYLE_ASSIGNMENT (( #2507 ) ) ;
#1353 = AXIS2_PLACEMENT_3D ( 'NONE', #3079, #6619, #5375 ) ;
#1354 = ORIENTED_EDGE ( 'NONE', *, *, #6911, .T. ) ;
#1355 = ORIENTED_EDGE ( 'NONE', *, *, #4017, .T. ) ;
#1356 = CARTESIAN_POINT ( 'NONE',  ( -0.3563168074456526391, -12.19999999999999041, 10.86245434496620987 ) ) ;
#1357 =( LENGTH_UNIT ( ) NAMED_UNIT ( * ) SI_UNIT ( .MILLI., .METRE. ) );
#1358 = CARTESIAN_POINT ( 'NONE',  ( -16.35000000000000497, -4.599999999999999645, 12.15000000000000036 ) ) ;
#1359 = VECTOR ( 'NONE', #5127, 1000.000000000000000 ) ;
#1360 = ORIENTED_EDGE ( 'NONE', *, *, #5846, .F. ) ;
#1361 = DIRECTION ( 'NONE',  ( 0.7071067811865537900, 0.0000000000000000000, -0.7071067811865412445 ) ) ;
#1362 = LINE ( 'NONE', #5943, #389 ) ;
#1363 = DIRECTION ( 'NONE',  ( -1.000000000000000000, 0.0000000000000000000, 0.0000000000000000000 ) ) ;
#1364 = DIRECTION ( 'NONE',  ( -1.000000000000000000, 0.0000000000000000000, -1.060992951667771931E-16 ) ) ;
#1365 = EDGE_LOOP ( 'NONE', ( #2174, #5099, #5412, #1061 ) ) ;
#1366 = AXIS2_PLACEMENT_3D ( 'NONE', #2452, #6507, #4124 ) ;
#1367 = PLANE ( 'NONE',  #5915 ) ;
#1368 = DIRECTION ( 'NONE',  ( 0.0000000000000000000, 0.0000000000000000000, 1.000000000000000000 ) ) ;
#1369 = EDGE_CURVE ( 'NONE', #1942, #3953, #632, .T. ) ;
#1370 = SURFACE_STYLE_USAGE ( .BOTH. , #4835 ) ;
#1371 = CARTESIAN_POINT ( 'NONE',  ( 0.2686831925543448074, -6.899999999999999467, 11.78745434496620526 ) ) ;
#1372 = PRESENTATION_LAYER_ASSIGNMENT (  '', '', ( #6994 ) ) ;
#1373 = VECTOR ( 'NONE', #3591, 1000.000000000000000 ) ;
#1374 = ADVANCED_FACE ( 'NONE', ( #4509 ), #2870, .T. ) ;
#1375 = DIRECTION ( 'NONE',  ( -1.000000000000000000, 0.0000000000000000000, 0.0000000000000000000 ) ) ;
#1376 = LINE ( 'NONE', #247, #1969 ) ;
#1377 = ORIENTED_EDGE ( 'NONE', *, *, #6183, .F. ) ;
#1378 = CARTESIAN_POINT ( 'NONE',  ( 7.241003607157344035, -11.40000000000000213, -11.64999999999999680 ) ) ;
#1379 = AXIS2_PLACEMENT_3D ( 'NONE', #4881, #4315, #2647 ) ;
#1380 = CARTESIAN_POINT ( 'NONE',  ( 0.0000000000000000000, -6.899999999999999467, 9.287454344966207032 ) ) ;
#1381 = VECTOR ( 'NONE', #779, 1000.000000000000000 ) ;
#1382 = EDGE_CURVE ( 'NONE', #6367, #5687, #5804, .T. ) ;
#1383 = ORIENTED_EDGE ( 'NONE', *, *, #2734, .F. ) ;
#1384 = CARTESIAN_POINT ( 'NONE',  ( -14.35000000000000320, -12.20000000000000107, 10.15000000000000391 ) ) ;
#1385 =( GEOMETRIC_REPRESENTATION_CONTEXT ( 3 ) GLOBAL_UNCERTAINTY_ASSIGNED_CONTEXT ( ( #3467 ) ) GLOBAL_UNIT_ASSIGNED_CONTEXT ( ( #6614, #903, #3152 ) ) REPRESENTATION_CONTEXT ( 'NONE', 'WORKASPACE' ) );
#1386 = VECTOR ( 'NONE', #1364, 1000.000000000000000 ) ;
#1387 = CARTESIAN_POINT ( 'NONE',  ( 7.700580038634947971E-16, -10.11055129483321835, -11.14999999999999680 ) ) ;
#1388 = VECTOR ( 'NONE', #5166, 1000.000000000000000 ) ;
#1389 = CARTESIAN_POINT ( 'NONE',  ( -10.39999994562513486, -12.20000000000000107, -10.14999999999999858 ) ) ;
#1390 = CIRCLE ( 'NONE', #5571, 1.000000000000003331 ) ;
#1391 = DIRECTION ( 'NONE',  ( 0.0000000000000000000, 1.000000000000000000, 0.0000000000000000000 ) ) ;
#1392 = VERTEX_POINT ( 'NONE', #2311 ) ;
#1393 = AXIS2_PLACEMENT_3D ( 'NONE', #231, #1916, #3105 ) ;
#1394 = PRESENTATION_STYLE_ASSIGNMENT (( #407 ) ) ;
#1395 = VECTOR ( 'NONE', #3669, 1000.000000000000000 ) ;
#1396 = UNCERTAINTY_MEASURE_WITH_UNIT (LENGTH_MEASURE( 1.000000000000000082E-05 ), #3028, 'distance_accuracy_value', 'NONE');
#1397 = VERTEX_POINT ( 'NONE', #5236 ) ;
#1398 = DIRECTION ( 'NONE',  ( 0.0000000000000000000, 0.0000000000000000000, -1.000000000000000000 ) ) ;
#1399 = ORIENTED_EDGE ( 'NONE', *, *, #2050, .F. ) ;
#1400 = CARTESIAN_POINT ( 'NONE',  ( -15.90000000000000391, -4.599999999999999645, -4.150000068874811099 ) ) ;
#1401 = ORIENTED_EDGE ( 'NONE', *, *, #4183, .T. ) ;
#1402 = ORIENTED_EDGE ( 'NONE', *, *, #2702, .T. ) ;
#1403 = DIRECTION ( 'NONE',  ( -0.5773502691895890937, 0.5773502691896691408, 0.5773502691896191807 ) ) ;
#1404 = CARTESIAN_POINT ( 'NONE',  ( 1.493683192554345673, -12.19999999999999751, 10.21245434496621307 ) ) ;
#1405 = EDGE_CURVE ( 'NONE', #3303, #6300, #708, .T. ) ;
#1406 = EDGE_LOOP ( 'NONE', ( #4318, #4440, #5505, #2810 ) ) ;
#1407 =( NAMED_UNIT ( * ) SI_UNIT ( $, .STERADIAN. ) SOLID_ANGLE_UNIT ( ) );
#1408 = LINE ( 'NONE', #7137, #5005 ) ;
#1409 =( NAMED_UNIT ( * ) PLANE_ANGLE_UNIT ( ) SI_UNIT ( $, .RADIAN. ) );
#1410 = ORIENTED_EDGE ( 'NONE', *, *, #1813, .T. ) ;
#1411 = PLANE ( 'NONE',  #4091 ) ;
#1412 = CARTESIAN_POINT ( 'NONE',  ( -11.44999999999970441, -3.000000000000000000, 11.45000000000030127 ) ) ;
#1413 = CARTESIAN_POINT ( 'NONE',  ( -1.931316807445654371, -4.599999999999999645, 11.48745434496620632 ) ) ;
#1414 = EDGE_CURVE ( 'NONE', #3466, #2988, #4540, .T. ) ;
#1415 = LINE ( 'NONE', #4792, #2793 ) ;
#1416 = ORIENTED_EDGE ( 'NONE', *, *, #7153, .F. ) ;
#1417 = ORIENTED_EDGE ( 'NONE', *, *, #5700, .T. ) ;
#1418 = CARTESIAN_POINT ( 'NONE',  ( 6.819901017490921369, -11.40000000000000036, -11.14999999999999680 ) ) ;
#1419 = COLOUR_RGB ( '',0.9686274509803921573, 0.9686274509803921573, 0.9686274509803921573 ) ;
#1420 = ADVANCED_FACE ( 'NONE', ( #2807 ), #1136, .T. ) ;
#1421 = EDGE_LOOP ( 'NONE', ( #3503, #2722, #4585, #6949 ) ) ;
#1422 = DIRECTION ( 'NONE',  ( 5.304964758338859037E-17, -0.0000000000000000000, -1.000000000000000000 ) ) ;
#1423 = LINE ( 'NONE', #3209, #1103 ) ;
#1424 = EDGE_CURVE ( 'NONE', #1244, #4750, #5120, .T. ) ;
#1425 = ADVANCED_FACE ( 'NONE', ( #6863 ), #6968, .F. ) ;
#1426 = PLANE ( 'NONE',  #3657 ) ;
#1427 = AXIS2_PLACEMENT_3D ( 'NONE', #3585, #2384, #4170 ) ;
#1428 = EDGE_LOOP ( 'NONE', ( #7165, #2617, #2737, #3084 ) ) ;
#1429 = DIRECTION ( 'NONE',  ( 5.304964758338859037E-17, 0.0000000000000000000, -1.000000000000000000 ) ) ;
#1430 = EDGE_LOOP ( 'NONE', ( #4172, #1016, #6798, #4888, #2779, #3629, #1899 ) ) ;
#1431 = DIRECTION ( 'NONE',  ( 4.910394106148385440E-14, -0.7071067811865230368, -0.7071067811865721087 ) ) ;
#1432 = DIRECTION ( 'NONE',  ( -0.0000000000000000000, 1.000000000000000000, -0.0000000000000000000 ) ) ;
#1433 = LINE ( 'NONE', #6446, #6689 ) ;
#1434 = AXIS2_PLACEMENT_3D ( 'NONE', #7194, #2588, #7162 ) ;
#1435 = CARTESIAN_POINT ( 'NONE',  ( 16.34999999999999787, -4.599999999999999645, 12.15000000000000391 ) ) ;
#1436 = CARTESIAN_POINT ( 'NONE',  ( 6.819901017490920481, -8.400000000000000355, -11.64999999999999680 ) ) ;
#1437 = VERTEX_POINT ( 'NONE', #5202 ) ;
#1438 = ORIENTED_EDGE ( 'NONE', *, *, #4690, .T. ) ;
#1439 = SURFACE_SIDE_STYLE ('',( #2007 ) ) ;
#1440 = VECTOR ( 'NONE', #1479, 1000.000000000000000 ) ;
#1441 = CARTESIAN_POINT ( 'NONE',  ( 3.068683192554345851, -4.599999999999999645, 9.287454344966207032 ) ) ;
#1442 = ORIENTED_EDGE ( 'NONE', *, *, #3831, .F. ) ;
#1443 = FILL_AREA_STYLE_COLOUR ( '', #3635 ) ;
#1444 = LINE ( 'NONE', #6459, #623 ) ;
#1445 = FACE_OUTER_BOUND ( 'NONE', #819, .T. ) ;
#1446 = DIRECTION ( 'NONE',  ( 0.0000000000000000000, -0.0000000000000000000, -1.000000000000000000 ) ) ;
#1447 = ORIENTED_EDGE ( 'NONE', *, *, #3465, .T. ) ;
#1448 = CARTESIAN_POINT ( 'NONE',  ( -14.97499996851658288, -6.899999999999999467, 3.317124879762201059E-12 ) ) ;
#1449 = SURFACE_STYLE_FILL_AREA ( #4339 ) ;
#1450 = CARTESIAN_POINT ( 'NONE',  ( 6.819901017490920481, -9.689448705166794795, -11.64999999999999680 ) ) ;
#1451 = CARTESIAN_POINT ( 'NONE',  ( 6.819901017490920481, -9.689448705166794795, -10.14999999999999503 ) ) ;
#1452 = LINE ( 'NONE', #3794, #442 ) ;
#1453 = VERTEX_POINT ( 'NONE', #2835 ) ;
#1454 = VECTOR ( 'NONE', #3725, 1000.000000000000000 ) ;
#1455 = LINE ( 'NONE', #1901, #1028 ) ;
#1456 = ORIENTED_EDGE ( 'NONE', *, *, #4176, .T. ) ;
#1457 = CARTESIAN_POINT ( 'NONE',  ( -11.39999999999999680, 0.0000000000000000000, 1.513274595042175541 ) ) ;
#1458 = ADVANCED_FACE ( 'NONE', ( #2947 ), #6231, .T. ) ;
#1459 = DIRECTION ( 'NONE',  ( 0.0000000000000000000, -0.0000000000000000000, -1.000000000000000000 ) ) ;
#1460 = FILL_AREA_STYLE ('',( #6593 ) ) ;
#1461 = AXIS2_PLACEMENT_3D ( 'NONE', #4982, #2366, #3566 ) ;
#1462 = VECTOR ( 'NONE', #2646, 1000.000000000000000 ) ;
#1463 = LINE ( 'NONE', #5467, #4244 ) ;
#1464 = VERTEX_POINT ( 'NONE', #6826 ) ;
#1465 = AXIS2_PLACEMENT_3D ( 'NONE', #5454, #4867, #3643 ) ;
#1466 = UNCERTAINTY_MEASURE_WITH_UNIT (LENGTH_MEASURE( 1.000000000000000082E-05 ), #3413, 'distance_accuracy_value', 'NONE');
#1467 = ORIENTED_EDGE ( 'NONE', *, *, #2134, .T. ) ;
#1468 = CARTESIAN_POINT ( 'NONE',  ( -2.198117000527087583, -10.11055129483321835, -12.14999999999999680 ) ) ;
#1469 = EDGE_CURVE ( 'NONE', #206, #4437, #4615, .T. ) ;
#1470 = LINE ( 'NONE', #3737, #5489 ) ;
#1471 = ORIENTED_EDGE ( 'NONE', *, *, #4636, .F. ) ;
#1472 = CARTESIAN_POINT ( 'NONE',  ( 1.513274595042164439, 0.0000000000000000000, 11.39999999999999680 ) ) ;
#1473 = DIRECTION ( 'NONE',  ( 0.0000000000000000000, 1.000000000000000000, 0.0000000000000000000 ) ) ;
#1474 = VERTEX_POINT ( 'NONE', #2243 ) ;
#1475 = DIRECTION ( 'NONE',  ( -0.0000000000000000000, 1.000000000000000000, -0.0000000000000000000 ) ) ;
#1476 = EDGE_CURVE ( 'NONE', #1796, #5588, #5733, .T. ) ;
#1477 = VECTOR ( 'NONE', #4790, 1000.000000000000000 ) ;
#1478 = VERTEX_POINT ( 'NONE', #1239 ) ;
#1479 = DIRECTION ( 'NONE',  ( 1.000000000000000000, 0.0000000000000000000, 0.0000000000000000000 ) ) ;
#1480 = FACE_OUTER_BOUND ( 'NONE', #5093, .T. ) ;
#1481 = ORIENTED_EDGE ( 'NONE', *, *, #4528, .T. ) ;
#1482 = LINE ( 'NONE', #5019, #556 ) ;
#1483 = PLANE ( 'NONE',  #2548 ) ;
#1484 = CARTESIAN_POINT ( 'NONE',  ( 5.530452312324140252, -5.329891921643829109E-15, -10.14999999999999503 ) ) ;
#1485 = AXIS2_PLACEMENT_3D ( 'NONE', #5602, #2746, #5022 ) ;
#1486 = VECTOR ( 'NONE', #4671, 1000.000000000000000 ) ;
#1487 = ORIENTED_EDGE ( 'NONE', *, *, #3606, .T. ) ;
#1488 = EDGE_LOOP ( 'NONE', ( #3050, #5393, #4010 ) ) ;
#1489 = COLOUR_RGB ( '',1.000000000000000000, 0.3960784313725490002, 0.1843137254901960898 ) ;
#1490 = DIRECTION ( 'NONE',  ( 5.304964758338859037E-17, -0.0000000000000000000, -1.000000000000000000 ) ) ;
#1491 = CARTESIAN_POINT ( 'NONE',  ( -15.90000000000000391, -4.599999999999999645, -6.350000068874805059 ) ) ;
#1492 = CARTESIAN_POINT ( 'NONE',  ( 5.078068768760283014, -6.899999999999999467, 5.078068768760187979 ) ) ;
#1493 = AXIS2_PLACEMENT_3D ( 'NONE', #6777, #4020, #1675 ) ;
#1494 = CARTESIAN_POINT ( 'NONE',  ( 10.28045231232413315, -6.400000000000001243, -10.14999999999999503 ) ) ;
#1495 = AXIS2_PLACEMENT_3D ( 'NONE', #2239, #6742, #6352 ) ;
#1496 = MECHANICAL_DESIGN_GEOMETRIC_PRESENTATION_REPRESENTATION (  '', ( #4697 ), #798 ) ;
#1497 = PLANE ( 'NONE',  #3164 ) ;
#1498 = ADVANCED_FACE ( 'NONE', ( #3438 ), #1208, .F. ) ;
#1499 =( GEOMETRIC_REPRESENTATION_CONTEXT ( 3 ) GLOBAL_UNCERTAINTY_ASSIGNED_CONTEXT ( ( #3181 ) ) GLOBAL_UNIT_ASSIGNED_CONTEXT ( ( #6735, #6145, #1022 ) ) REPRESENTATION_CONTEXT ( 'NONE', 'WORKASPACE' ) );
#1500 = COLOUR_RGB ( '',0.0000000000000000000, 0.007843137254901960675, 0.02745098039215686236 ) ;
#1501 = ORIENTED_EDGE ( 'NONE', *, *, #70, .F. ) ;
#1502 = DIRECTION ( 'NONE',  ( 1.000000000000000000, 0.0000000000000000000, 0.0000000000000000000 ) ) ;
#1503 = ORIENTED_EDGE ( 'NONE', *, *, #1405, .T. ) ;
#1504 = FILL_AREA_STYLE_COLOUR ( '', #3765 ) ;
#1505 = AXIS2_PLACEMENT_3D ( 'NONE', #727, #4601, #4195 ) ;
#1506 = VECTOR ( 'NONE', #1549, 1000.000000000000000 ) ;
#1507 = CARTESIAN_POINT ( 'NONE',  ( -15.90000000000000391, -6.899999999999999467, 0.0000000000000000000 ) ) ;
#1508 = MECHANICAL_DESIGN_GEOMETRIC_PRESENTATION_REPRESENTATION (  '', ( #7233 ), #1152 ) ;
#1509 = VECTOR ( 'NONE', #5529, 999.9999999999998863 ) ;
#1510 = EDGE_CURVE ( 'NONE', #3894, #4929, #2424, .T. ) ;
#1511 = VECTOR ( 'NONE', #3344, 1000.000000000000000 ) ;
#1512 = VECTOR ( 'NONE', #4, 1000.000000000000000 ) ;
#1513 = DIRECTION ( 'NONE',  ( -1.000000000000000000, 0.0000000000000000000, -6.774548571579288900E-17 ) ) ;
#1514 = CARTESIAN_POINT ( 'NONE',  ( -15.90000000000000391, -4.599999999999999645, -8.850000000000006750 ) ) ;
#1515 = ORIENTED_EDGE ( 'NONE', *, *, #1476, .F. ) ;
#1516 = EDGE_CURVE ( 'NONE', #3797, #3412, #393, .T. ) ;
#1517 = CYLINDRICAL_SURFACE ( 'NONE', #3033, 1.000000000000003331 ) ;
#1518 = LINE ( 'NONE', #2663, #4392 ) ;
#1519 = EDGE_CURVE ( 'NONE', #6308, #4452, #4484, .T. ) ;
#1520 = SURFACE_STYLE_FILL_AREA ( #2144 ) ;
#1521 = EDGE_CURVE ( 'NONE', #6428, #1014, #1596, .T. ) ;
#1522 = FACE_OUTER_BOUND ( 'NONE', #5195, .T. ) ;
#1523 = CARTESIAN_POINT ( 'NONE',  ( 7.965828276551891570E-16, -8.400000000000000355, -11.64999999999999680 ) ) ;
#1524 = ORIENTED_EDGE ( 'NONE', *, *, #6238, .F. ) ;
#1525 = CARTESIAN_POINT ( 'NONE',  ( -15.90000000000000391, -6.899999999999999467, -11.64999999999999858 ) ) ;
#1526 = LINE ( 'NONE', #3756, #5798 ) ;
#1527 = DIRECTION ( 'NONE',  ( 6.672013369141570147E-16, 0.0000000000000000000, 1.000000000000000000 ) ) ;
#1528 = ORIENTED_EDGE ( 'NONE', *, *, #174, .F. ) ;
#1529 = ORIENTED_EDGE ( 'NONE', *, *, #4329, .T. ) ;
#1530 = FILL_AREA_STYLE_COLOUR ( '', #3874 ) ;
#1531 = ORIENTED_EDGE ( 'NONE', *, *, #2068, .T. ) ;
#1532 = DIRECTION ( 'NONE',  ( -1.000000000000000000, 0.0000000000000000000, 0.0000000000000000000 ) ) ;
#1533 = PLANE ( 'NONE',  #6132 ) ;
#1534 = DIRECTION ( 'NONE',  ( 1.000000000000000000, 0.0000000000000000000, 8.807057647264946433E-14 ) ) ;
#1535 =( NAMED_UNIT ( * ) PLANE_ANGLE_UNIT ( ) SI_UNIT ( $, .RADIAN. ) );
#1536 = ORIENTED_EDGE ( 'NONE', *, *, #6143, .F. ) ;
#1537 =( NAMED_UNIT ( * ) PLANE_ANGLE_UNIT ( ) SI_UNIT ( $, .RADIAN. ) );
#1538 = UNCERTAINTY_MEASURE_WITH_UNIT (LENGTH_MEASURE( 1.000000000000000082E-05 ), #3961, 'distance_accuracy_value', 'NONE');
#1539 = ORIENTED_EDGE ( 'NONE', *, *, #4667, .F. ) ;
#1540 = CARTESIAN_POINT ( 'NONE',  ( 14.35000000000000142, -12.20000000000000107, -10.14999999999999858 ) ) ;
#1541 = PLANE ( 'NONE',  #5418 ) ;
#1542 = FILL_AREA_STYLE_COLOUR ( '', #3329 ) ;
#1543 = ORIENTED_EDGE ( 'NONE', *, *, #5259, .T. ) ;
#1544 = VECTOR ( 'NONE', #1101, 1000.000000000000000 ) ;
#1545 = LINE ( 'NONE', #1435, #4745 ) ;
#1546 = PLANE ( 'NONE',  #7128 ) ;
#1547 = ORIENTED_EDGE ( 'NONE', *, *, #1116, .T. ) ;
#1548 = UNCERTAINTY_MEASURE_WITH_UNIT (LENGTH_MEASURE( 1.000000000000000082E-05 ), #3252, 'distance_accuracy_value', 'NONE');
#1549 = DIRECTION ( 'NONE',  ( 0.0000000000000000000, 1.000000000000000000, 0.0000000000000000000 ) ) ;
#1550 = EDGE_CURVE ( 'NONE', #3810, #636, #3289, .T. ) ;
#1551 = SURFACE_STYLE_USAGE ( .BOTH. , #7235 ) ;
#1552 = ADVANCED_FACE ( 'NONE', ( #2153 ), #344, .T. ) ;
#1553 = EDGE_LOOP ( 'NONE', ( #3468, #6414, #6902, #6275 ) ) ;
#1554 =( LENGTH_UNIT ( ) NAMED_UNIT ( * ) SI_UNIT ( .MILLI., .METRE. ) );
#1555 = DIRECTION ( 'NONE',  ( 1.000000000000000000, 0.0000000000000000000, 0.0000000000000000000 ) ) ;
#1556 = FACE_OUTER_BOUND ( 'NONE', #1553, .T. ) ;
#1557 = VECTOR ( 'NONE', #4302, 1000.000000000000000 ) ;
#1558 = ORIENTED_EDGE ( 'NONE', *, *, #2702, .F. ) ;
#1559 = FILL_AREA_STYLE_COLOUR ( '', #1489 ) ;
#1560 = DIRECTION ( 'NONE',  ( 0.0000000000000000000, 0.0000000000000000000, 1.000000000000000000 ) ) ;
#1561 = EDGE_CURVE ( 'NONE', #2591, #2560, #7247, .T. ) ;
#1562 = LINE ( 'NONE', #497, #5931 ) ;
#1563 = ADVANCED_FACE ( 'NONE', ( #2223 ), #981, .T. ) ;
#1564 = DIRECTION ( 'NONE',  ( -1.000000000000000000, 0.0000000000000000000, -1.334402673827726470E-13 ) ) ;
#1565 = ORIENTED_EDGE ( 'NONE', *, *, #2695, .F. ) ;
#1566 = VERTEX_POINT ( 'NONE', #3897 ) ;
#1567 = DIRECTION ( 'NONE',  ( 0.0000000000000000000, -0.0000000000000000000, 1.000000000000000000 ) ) ;
#1568 = ORIENTED_EDGE ( 'NONE', *, *, #3153, .T. ) ;
#1569 = CIRCLE ( 'NONE', #2161, 2.000000000000008882 ) ;
#1570 = FACE_OUTER_BOUND ( 'NONE', #7067, .T. ) ;
#1571 = EDGE_CURVE ( 'NONE', #4260, #2506, #6801, .T. ) ;
#1572 = EDGE_CURVE ( 'NONE', #425, #5765, #5603, .T. ) ;
#1573 = PRESENTATION_STYLE_ASSIGNMENT (( #471 ) ) ;
#1574 = SURFACE_STYLE_USAGE ( .BOTH. , #7189 ) ;
#1575 = ORIENTED_EDGE ( 'NONE', *, *, #989, .T. ) ;
#1576 = FILL_AREA_STYLE_COLOUR ( '', #6756 ) ;
#1577 = VERTEX_POINT ( 'NONE', #7206 ) ;
#1578 = DIRECTION ( 'NONE',  ( 1.000000000000000000, 0.0000000000000000000, 0.0000000000000000000 ) ) ;
#1579 = LINE ( 'NONE', #5583, #3248 ) ;
#1580 = CARTESIAN_POINT ( 'NONE',  ( 14.35000000000000142, -12.59999999999999964, -10.14999999999999858 ) ) ;
#1581 = CARTESIAN_POINT ( 'NONE',  ( -14.97499996012875556, -18.61923881554287519, -5.315392876641672077E-12 ) ) ;
#1582 = EDGE_LOOP ( 'NONE', ( #6687, #5669, #1739, #7209 ) ) ;
#1583 = FILL_AREA_STYLE_COLOUR ( '', #3283 ) ;
#1584 =( LENGTH_UNIT ( ) NAMED_UNIT ( * ) SI_UNIT ( .MILLI., .METRE. ) );
#1585 = PRESENTATION_STYLE_ASSIGNMENT (( #4935 ) ) ;
#1586 = ORIENTED_EDGE ( 'NONE', *, *, #5710, .T. ) ;
#1587 = SURFACE_STYLE_FILL_AREA ( #487 ) ;
#1588 = DIRECTION ( 'NONE',  ( -1.000000000000000000, 0.0000000000000000000, 0.0000000000000000000 ) ) ;
#1589 = DIRECTION ( 'NONE',  ( -0.0000000000000000000, 1.000000000000000000, -0.0000000000000000000 ) ) ;
#1590 = EDGE_CURVE ( 'NONE', #986, #5873, #6722, .T. ) ;
#1591 = VERTEX_POINT ( 'NONE', #6691 ) ;
#1592 = DIRECTION ( 'NONE',  ( 2.615429240703412178E-13, 0.0000000000000000000, -1.000000000000000000 ) ) ;
#1593 = VERTEX_POINT ( 'NONE', #6662 ) ;
#1594 = DIRECTION ( 'NONE',  ( 0.0000000000000000000, 1.000000000000000000, -0.0000000000000000000 ) ) ;
#1595 =( NAMED_UNIT ( * ) SI_UNIT ( $, .STERADIAN. ) SOLID_ANGLE_UNIT ( ) );
#1596 = LINE ( 'NONE', #464, #1511 ) ;
#1597 = ORIENTED_EDGE ( 'NONE', *, *, #2448, .F. ) ;
#1598 = ORIENTED_EDGE ( 'NONE', *, *, #4138, .F. ) ;
#1599 = DIRECTION ( 'NONE',  ( 1.000000000000000000, 0.0000000000000000000, 6.774548571579288900E-17 ) ) ;
#1600 = EDGE_CURVE ( 'NONE', #6477, #1686, #1562, .T. ) ;
#1601 = EDGE_LOOP ( 'NONE', ( #1908, #866, #731, #7256 ) ) ;
#1602 = VECTOR ( 'NONE', #5258, 1000.000000000000000 ) ;
#1603 = SURFACE_SIDE_STYLE ('',( #7308 ) ) ;
#1604 = EDGE_CURVE ( 'NONE', #6242, #5199, #3824, .T. ) ;
#1605 = DIRECTION ( 'NONE',  ( 5.304964758338859037E-17, -0.0000000000000000000, -1.000000000000000000 ) ) ;
#1606 = TOROIDAL_SURFACE ( 'NONE', #5778, 1.600000000000008304, 0.4000000000000000222 ) ;
#1607 = PLANE ( 'NONE',  #6885 ) ;
#1608 = EDGE_CURVE ( 'NONE', #3682, #5318, #6763, .T. ) ;
#1609 = EDGE_CURVE ( 'NONE', #2864, #3263, #1012, .T. ) ;
#1610 = ORIENTED_EDGE ( 'NONE', *, *, #6552, .T. ) ;
#1611 = CARTESIAN_POINT ( 'NONE',  ( -13.39999989850024775, -4.599999999999999645, -8.849999989125025834 ) ) ;
#1612 = AXIS2_PLACEMENT_3D ( 'NONE', #5826, #168, #728 ) ;
#1613 = AXIS2_PLACEMENT_3D ( 'NONE', #840, #795, #908 ) ;
#1614 = CARTESIAN_POINT ( 'NONE',  ( 0.0000000000000000000, -12.30000000000000071, 10.31245434496621272 ) ) ;
#1615 =( NAMED_UNIT ( * ) PLANE_ANGLE_UNIT ( ) SI_UNIT ( $, .RADIAN. ) );
#1616 = AXIS2_PLACEMENT_3D ( 'NONE', #4549, #6240, #1110 ) ;
#1617 = VECTOR ( 'NONE', #2995, 1000.000000000000000 ) ;
#1618 = EDGE_CURVE ( 'NONE', #4706, #4589, #3267, .T. ) ;
#1619 = CARTESIAN_POINT ( 'NONE',  ( -1.513274595042176207, 0.0000000000000000000, -11.39999999999999680 ) ) ;
#1620 = VECTOR ( 'NONE', #1713, 1000.000000000000000 ) ;
#1621 = ORIENTED_EDGE ( 'NONE', *, *, #2119, .F. ) ;
#1622 = AXIS2_PLACEMENT_3D ( 'NONE', #1950, #2587, #6599 ) ;
#1623 = UNCERTAINTY_MEASURE_WITH_UNIT (LENGTH_MEASURE( 1.000000000000000082E-05 ), #6190, 'distance_accuracy_value', 'NONE');
#1624 = CARTESIAN_POINT ( 'NONE',  ( -11.39999999999999680, 0.0000000000000000000, 11.39999999999999858 ) ) ;
#1625 = VECTOR ( 'NONE', #6157, 1000.000000000000000 ) ;
#1626 = CARTESIAN_POINT ( 'NONE',  ( 8.530452312324126041, -9.689448705166794795, -10.14999999999999503 ) ) ;
#1627 = VECTOR ( 'NONE', #4237, 1000.000000000000000 ) ;
#1628 = MECHANICAL_DESIGN_GEOMETRIC_PRESENTATION_REPRESENTATION (  '', ( #5574 ), #6661 ) ;
#1629 = EDGE_LOOP ( 'NONE', ( #5340, #2678, #3361, #1529 ) ) ;
#1630 = FILL_AREA_STYLE_COLOUR ( '', #4506 ) ;
#1631 = DIRECTION ( 'NONE',  ( -1.000000000000000000, 0.0000000000000000000, -2.668805347656626481E-15 ) ) ;
#1632 = EDGE_LOOP ( 'NONE', ( #2006, #604, #4856, #1766 ) ) ;
#1633 = CARTESIAN_POINT ( 'NONE',  ( 5.530452312324135811, -4.599999999999999645, -10.14999999999999503 ) ) ;
#1634 = ORIENTED_EDGE ( 'NONE', *, *, #4823, .F. ) ;
#1635 = LINE ( 'NONE', #2152, #1251 ) ;
#1636 = DIRECTION ( 'NONE',  ( -0.7071067811865536790, 0.0000000000000000000, -0.7071067811865414665 ) ) ;
#1637 = ORIENTED_EDGE ( 'NONE', *, *, #4313, .T. ) ;
#1638 = CARTESIAN_POINT ( 'NONE',  ( 11.39999999999999503, 0.0000000000000000000, 1.513274595042180204 ) ) ;
#1639 = ORIENTED_EDGE ( 'NONE', *, *, #4838, .T. ) ;
#1640 = DIRECTION ( 'NONE',  ( 0.5773502691896924555, -0.5773502691896139627, 0.5773502691895707750 ) ) ;
#1641 = EDGE_LOOP ( 'NONE', ( #4419, #6239, #3972, #3857 ) ) ;
#1642 = FACE_OUTER_BOUND ( 'NONE', #5720, .T. ) ;
#1643 = DIRECTION ( 'NONE',  ( 6.774548571579288900E-17, 6.162975822039151993E-33, -1.000000000000000000 ) ) ;
#1644 =( NAMED_UNIT ( * ) SI_UNIT ( $, .STERADIAN. ) SOLID_ANGLE_UNIT ( ) );
#1645 = VERTEX_POINT ( 'NONE', #7340 ) ;
#1646 = CARTESIAN_POINT ( 'NONE',  ( 7.241003607157344035, 7.488015623777569931E-32, -10.14999999999999503 ) ) ;
#1647 = CARTESIAN_POINT ( 'NONE',  ( -15.60000000000000853, -4.599999999999999645, -9.150000000000002132 ) ) ;
#1648 = LINE ( 'NONE', #5002, #5652 ) ;
#1649 = EDGE_CURVE ( 'NONE', #2419, #986, #1526, .T. ) ;
#1650 = FACE_OUTER_BOUND ( 'NONE', #3318, .T. ) ;
#1651 = LINE ( 'NONE', #3916, #4836 ) ;
#1652 = AXIS2_PLACEMENT_3D ( 'NONE', #2553, #6423, #3115 ) ;
#1653 = ORIENTED_EDGE ( 'NONE', *, *, #254, .F. ) ;
#1654 = FACE_OUTER_BOUND ( 'NONE', #3389, .T. ) ;
#1655 = DIRECTION ( 'NONE',  ( -1.000000000000000000, 0.0000000000000000000, 0.0000000000000000000 ) ) ;
#1656 = ADVANCED_FACE ( 'NONE', ( #3200 ), #4903, .F. ) ;
#1657 = FILL_AREA_STYLE ('',( #5514 ) ) ;
#1658 = VERTEX_POINT ( 'NONE', #4518 ) ;
#1659 = CARTESIAN_POINT ( 'NONE',  ( 10.28045231232413137, -13.40000000000000391, -10.14999999999999503 ) ) ;
#1660 = FILL_AREA_STYLE ('',( #635 ) ) ;
#1661 = LINE ( 'NONE', #6298, #4524 ) ;
#1662 = ORIENTED_EDGE ( 'NONE', *, *, #1030, .T. ) ;
#1663 = ORIENTED_EDGE ( 'NONE', *, *, #7145, .T. ) ;
#1664 = DIRECTION ( 'NONE',  ( -2.668805347656626678E-16, -1.000000000000000000, -1.415791831618468691E-32 ) ) ;
#1665 = LINE ( 'NONE', #4383, #2295 ) ;
#1666 = DIRECTION ( 'NONE',  ( 0.0000000000000000000, 1.000000000000000000, 0.0000000000000000000 ) ) ;
#1667 = EDGE_LOOP ( 'NONE', ( #3108, #579, #2499, #3454 ) ) ;
#1668 = DIRECTION ( 'NONE',  ( -0.0000000000000000000, 0.0000000000000000000, -1.000000000000000000 ) ) ;
#1669 = CARTESIAN_POINT ( 'NONE',  ( 14.34999999999999609, -12.59999999999999964, 8.149999999999995026 ) ) ;
#1670 =( LENGTH_UNIT ( ) NAMED_UNIT ( * ) SI_UNIT ( .MILLI., .METRE. ) );
#1671 = VERTEX_POINT ( 'NONE', #1801 ) ;
#1672 = CARTESIAN_POINT ( 'NONE',  ( -15.89999999999998792, -6.899999999999999467, 2.507463933457381874E-14 ) ) ;
#1673 = VECTOR ( 'NONE', #2770, 1000.000000000000000 ) ;
#1674 = CARTESIAN_POINT ( 'NONE',  ( -3.487565705693870921, -10.11055129483321835, -11.64999999999999680 ) ) ;
#1675 = DIRECTION ( 'NONE',  ( 0.0000000000000000000, 0.0000000000000000000, -1.000000000000000000 ) ) ;
#1676 = EDGE_CURVE ( 'NONE', #1696, #408, #6337, .T. ) ;
#1677 = VERTEX_POINT ( 'NONE', #1742 ) ;
#1678 = CARTESIAN_POINT ( 'NONE',  ( 1.262434294306123750, -6.400000000000000355, -10.14999999999999503 ) ) ;
#1679 = SURFACE_STYLE_USAGE ( .BOTH. , #4496 ) ;
#1680 = LINE ( 'NONE', #3985, #5690 ) ;
#1681 = LINE ( 'NONE', #5724, #6496 ) ;
#1682 = EDGE_CURVE ( 'NONE', #5924, #4014, #4551, .T. ) ;
#1683 = LINE ( 'NONE', #2342, #4998 ) ;
#1684 = DIRECTION ( 'NONE',  ( -0.5773502691897660632, 0.5773502691896009731, 0.5773502691895101568 ) ) ;
#1685 = EDGE_CURVE ( 'NONE', #5567, #3557, #1150, .T. ) ;
#1686 = VERTEX_POINT ( 'NONE', #3480 ) ;
#1687 = ORIENTED_EDGE ( 'NONE', *, *, #3102, .T. ) ;
#1688 = PLANE ( 'NONE',  #6167 ) ;
#1689 = CARTESIAN_POINT ( 'NONE',  ( -11.39999999999999680, -0.04999999999999883010, 11.45000000000000107 ) ) ;
#1690 = CIRCLE ( 'NONE', #5875, 8.201829064300508065 ) ;
#1691 = VECTOR ( 'NONE', #1806, 1000.000000000000114 ) ;
#1692 = ORIENTED_EDGE ( 'NONE', *, *, #5749, .T. ) ;
#1693 = PLANE ( 'NONE',  #5190 ) ;
#1694 = PRESENTATION_STYLE_ASSIGNMENT (( #15 ) ) ;
#1695 = ADVANCED_FACE ( 'NONE', ( #3968 ), #6910, .T. ) ;
#1696 = VERTEX_POINT ( 'NONE', #1113 ) ;
#1697 = EDGE_CURVE ( 'NONE', #2999, #829, #5097, .T. ) ;
#1698 =( NAMED_UNIT ( * ) PLANE_ANGLE_UNIT ( ) SI_UNIT ( $, .RADIAN. ) );
#1699 = ORIENTED_EDGE ( 'NONE', *, *, #7133, .F. ) ;
#1700 = CARTESIAN_POINT ( 'NONE',  ( 14.35000000000000142, -12.59999999999999964, -11.75000000000001421 ) ) ;
#1701 = FACE_OUTER_BOUND ( 'NONE', #1118, .T. ) ;
#1702 = AXIS2_PLACEMENT_3D ( 'NONE', #6674, #3290, #4290 ) ;
#1703 = DIRECTION ( 'NONE',  ( -3.549511112383315657E-13, 0.0000000000000000000, 1.000000000000000000 ) ) ;
#1704 = VERTEX_POINT ( 'NONE', #2923 ) ;
#1705 = DIRECTION ( 'NONE',  ( -5.304964758338859037E-17, 0.0000000000000000000, 1.000000000000000000 ) ) ;
#1706 = EDGE_LOOP ( 'NONE', ( #2857, #3853 ) ) ;
#1707 = LINE ( 'NONE', #5641, #4687 ) ;
#1708 = ORIENTED_EDGE ( 'NONE', *, *, #1521, .F. ) ;
#1709 = CARTESIAN_POINT ( 'NONE',  ( 16.34999999999999787, -4.599999999999999645, 12.15000000000000391 ) ) ;
#1710 = FACE_OUTER_BOUND ( 'NONE', #1878, .T. ) ;
#1711 = VECTOR ( 'NONE', #1943, 999.9999999999998863 ) ;
#1712 = COLOUR_RGB ( '',0.0000000000000000000, 0.007843137254901960675, 0.02745098039215686236 ) ;
#1713 = DIRECTION ( 'NONE',  ( -0.0000000000000000000, 1.000000000000000000, -0.0000000000000000000 ) ) ;
#1714 = DIRECTION ( 'NONE',  ( -0.7071067811865552333, 0.0000000000000000000, 0.7071067811865398012 ) ) ;
#1715 = DIRECTION ( 'NONE',  ( -0.0000000000000000000, 1.000000000000000000, -0.0000000000000000000 ) ) ;
#1716 = VERTEX_POINT ( 'NONE', #6375 ) ;
#1717 = SURFACE_STYLE_FILL_AREA ( #3576 ) ;
#1718 = CARTESIAN_POINT ( 'NONE',  ( -7.506015021827751814E-15, -12.30000000000000071, -5.624999986169937571 ) ) ;
#1719 = DIRECTION ( 'NONE',  ( -0.0000000000000000000, 0.0000000000000000000, 1.000000000000000000 ) ) ;
#1720 = VECTOR ( 'NONE', #2921, 1000.000000000000000 ) ;
#1721 = CARTESIAN_POINT ( 'NONE',  ( -0.4893540843755924685, 1.179019469765940654E-16, -10.14999999999999503 ) ) ;
#1722 = EDGE_CURVE ( 'NONE', #6242, #1325, #3375, .T. ) ;
#1723 = VECTOR ( 'NONE', #695, 1000.000000000000000 ) ;
#1724 = CIRCLE ( 'NONE', #1613, 11.50000000000000000 ) ;
#1725 = ORIENTED_EDGE ( 'NONE', *, *, #65, .T. ) ;
#1726 = CARTESIAN_POINT ( 'NONE',  ( 5.530452312324134034, -4.599999999999999645, -11.14999999999999680 ) ) ;
#1727 = VECTOR ( 'NONE', #3844, 1000.000000000000000 ) ;
#1728 = CARTESIAN_POINT ( 'NONE',  ( 6.819901017490920481, -8.400000000000000355, -10.14999999999999503 ) ) ;
#1729 = DIRECTION ( 'NONE',  ( 0.5773502691895440186, 0.5773502691896610362, 0.5773502691896720274 ) ) ;
#1730 = EDGE_CURVE ( 'NONE', #3746, #4406, #2287, .T. ) ;
#1731 = EDGE_LOOP ( 'NONE', ( #2124, #5249, #7022, #2408 ) ) ;
#1732 = VECTOR ( 'NONE', #4721, 1000.000000000000000 ) ;
#1733 = VECTOR ( 'NONE', #3544, 1000.000000000000000 ) ;
#1734 = CARTESIAN_POINT ( 'NONE',  ( -12.20598832703387693, -4.599999999999999645, -3.107656175016917821 ) ) ;
#1735 = ADVANCED_FACE ( 'NONE', ( #5742 ), #1184, .F. ) ;
#1736 = ORIENTED_EDGE ( 'NONE', *, *, #3368, .T. ) ;
#1737 = VECTOR ( 'NONE', #1105, 999.9999999999998863 ) ;
#1738 = CIRCLE ( 'NONE', #6395, 11.50000000000000000 ) ;
#1739 = ORIENTED_EDGE ( 'NONE', *, *, #4194, .T. ) ;
#1740 = FACE_OUTER_BOUND ( 'NONE', #1428, .T. ) ;
#1741 = AXIS2_PLACEMENT_3D ( 'NONE', #3225, #1039, #77 ) ;
#1742 = CARTESIAN_POINT ( 'NONE',  ( -8.594011564216394561, -5.599999999999999645, 6.398369318106219339 ) ) ;
#1743 = VECTOR ( 'NONE', #3754, 1000.000000000000000 ) ;
#1744 = EDGE_CURVE ( 'NONE', #3338, #2988, #89, .T. ) ;
#1745 = VERTEX_POINT ( 'NONE', #1771 ) ;
#1746 = PLANE ( 'NONE',  #2096 ) ;
#1747 = ORIENTED_EDGE ( 'NONE', *, *, #3742, .F. ) ;
#1748 = FACE_OUTER_BOUND ( 'NONE', #4553, .T. ) ;
#1749 = VERTEX_POINT ( 'NONE', #4037 ) ;
#1750 = VECTOR ( 'NONE', #1578, 1000.000000000000000 ) ;
#1751 =( NAMED_UNIT ( * ) SI_UNIT ( $, .STERADIAN. ) SOLID_ANGLE_UNIT ( ) );
#1752 = PLANE ( 'NONE',  #3632 ) ;
#1753 = FILL_AREA_STYLE ('',( #4561 ) ) ;
#1754 = FILL_AREA_STYLE_COLOUR ( '', #5682 ) ;
#1755 = ORIENTED_EDGE ( 'NONE', *, *, #1164, .F. ) ;
#1756 = SURFACE_STYLE_USAGE ( .BOTH. , #700 ) ;
#1757 = LINE ( 'NONE', #5722, #3770 ) ;
#1758 =( LENGTH_UNIT ( ) NAMED_UNIT ( * ) SI_UNIT ( .MILLI., .METRE. ) );
#1759 = CARTESIAN_POINT ( 'NONE',  ( 3.068683192554345851, -4.599999999999999645, 11.78745434496620703 ) ) ;
#1760 = ORIENTED_EDGE ( 'NONE', *, *, #2400, .T. ) ;
#1761 = CARTESIAN_POINT ( 'NONE',  ( 7.170083562801061759E-16, -6.400000000000000355, -10.14999999999999503 ) ) ;
#1762 = CARTESIAN_POINT ( 'NONE',  ( 0.0000000000000000000, 0.0000000000000000000, -11.39999999999999680 ) ) ;
#1763 = DIRECTION ( 'NONE',  ( -0.0000000000000000000, 1.000000000000000000, -0.0000000000000000000 ) ) ;
#1764 = EDGE_LOOP ( 'NONE', ( #2515, #4642, #2177, #5430 ) ) ;
#1765 = CARTESIAN_POINT ( 'NONE',  ( 11.39999999999999503, 0.0000000000000000000, -11.39999999999999680 ) ) ;
#1766 = ORIENTED_EDGE ( 'NONE', *, *, #1925, .T. ) ;
#1767 = ORIENTED_EDGE ( 'NONE', *, *, #1974, .T. ) ;
#1768 = DIRECTION ( 'NONE',  ( 5.304964758338859037E-17, -0.0000000000000000000, -1.000000000000000000 ) ) ;
#1769 = EDGE_CURVE ( 'NONE', #6489, #568, #5773, .T. ) ;
#1770 = DIRECTION ( 'NONE',  ( 0.0000000000000000000, -1.000000000000000000, 0.0000000000000000000 ) ) ;
#1771 = CARTESIAN_POINT ( 'NONE',  ( 7.241003607157344035, -8.400000000000000355, -12.14999999999999680 ) ) ;
#1772 = ORIENTED_EDGE ( 'NONE', *, *, #5208, .F. ) ;
#1773 = FILL_AREA_STYLE_COLOUR ( '', #3809 ) ;
#1774 = CARTESIAN_POINT ( 'NONE',  ( 3.780452312324129593, -13.40000000000000213, -10.14999999999999503 ) ) ;
#1775 = VERTEX_POINT ( 'NONE', #6942 ) ;
#1776 = CARTESIAN_POINT ( 'NONE',  ( 8.530452312324126041, -10.11055129483321835, -11.14999999999999680 ) ) ;
#1777 = LINE ( 'NONE', #726, #3846 ) ;
#1778 = EDGE_CURVE ( 'NONE', #5687, #5588, #3556, .T. ) ;
#1779 = VECTOR ( 'NONE', #218, 1000.000000000000000 ) ;
#1780 = CARTESIAN_POINT ( 'NONE',  ( 7.241003607157344035, -11.40000000000000213, -10.14999999999999503 ) ) ;
#1781 = PRESENTATION_STYLE_ASSIGNMENT (( #4603 ) ) ;
#1782 = FILL_AREA_STYLE_COLOUR ( '', #5557 ) ;
#1783 =( GEOMETRIC_REPRESENTATION_CONTEXT ( 3 ) GLOBAL_UNCERTAINTY_ASSIGNED_CONTEXT ( ( #2421 ) ) GLOBAL_UNIT_ASSIGNED_CONTEXT ( ( #3261, #2145, #3228 ) ) REPRESENTATION_CONTEXT ( 'NONE', 'WORKASPACE' ) );
#1784 = ADVANCED_FACE ( 'NONE', ( #2514 ), #5850, .F. ) ;
#1785 = ORIENTED_EDGE ( 'NONE', *, *, #2785, .F. ) ;
#1786 = DIRECTION ( 'NONE',  ( 5.304964758338859037E-17, 0.0000000000000000000, -1.000000000000000000 ) ) ;
#1787 = LINE ( 'NONE', #2416, #1779 ) ;
#1788 = ORIENTED_EDGE ( 'NONE', *, *, #2545, .T. ) ;
#1789 = LINE ( 'NONE', #705, #6135 ) ;
#1790 = DIRECTION ( 'NONE',  ( 0.0000000000000000000, 0.0000000000000000000, 1.000000000000000000 ) ) ;
#1791 = STYLED_ITEM ( 'NONE', ( #603 ), #7332 ) ;
#1792 = CARTESIAN_POINT ( 'NONE',  ( 0.0000000000000000000, -12.19999999999999751, 10.21245434496621307 ) ) ;
#1793 = ORIENTED_EDGE ( 'NONE', *, *, #5758, .T. ) ;
#1794 = CARTESIAN_POINT ( 'NONE',  ( 14.35000000000000142, -12.20000000000000107, -10.14999999999999858 ) ) ;
#1795 = SURFACE_STYLE_FILL_AREA ( #2985 ) ;
#1796 = VERTEX_POINT ( 'NONE', #2433 ) ;
#1797 = ORIENTED_EDGE ( 'NONE', *, *, #2146, .F. ) ;
#1798 = PRESENTATION_STYLE_ASSIGNMENT (( #6940 ) ) ;
#1799 = DIRECTION ( 'NONE',  ( 2.615429240703412178E-13, 0.0000000000000000000, -1.000000000000000000 ) ) ;
#1800 = MECHANICAL_DESIGN_GEOMETRIC_PRESENTATION_REPRESENTATION (  '', ( #1097 ), #5029 ) ;
#1801 = CARTESIAN_POINT ( 'NONE',  ( -1.006316807445652550, -6.899999999999999467, 10.86245434496620810 ) ) ;
#1802 = ADVANCED_FACE ( 'NONE', ( #5365 ), #192, .T. ) ;
#1803 = ORIENTED_EDGE ( 'NONE', *, *, #2611, .T. ) ;
#1804 = DIRECTION ( 'NONE',  ( 0.5773502691896130745, -0.5773502691896529315, -0.5773502691896112982 ) ) ;
#1805 = CARTESIAN_POINT ( 'NONE',  ( 7.170083562801061759E-16, -9.689448705166794795, -10.14999999999999503 ) ) ;
#1806 = DIRECTION ( 'NONE',  ( 0.5773502691896980066, -0.5773502691896100769, 0.5773502691895692207 ) ) ;
#1807 = CARTESIAN_POINT ( 'NONE',  ( 8.231076514468834183E-16, 7.488015623777569931E-32, -12.14999999999999680 ) ) ;
#1808 = ORIENTED_EDGE ( 'NONE', *, *, #1561, .T. ) ;
#1809 =( NAMED_UNIT ( * ) PLANE_ANGLE_UNIT ( ) SI_UNIT ( $, .RADIAN. ) );
#1810 = DIRECTION ( 'NONE',  ( 0.0000000000000000000, 0.0000000000000000000, 1.000000000000000000 ) ) ;
#1811 = DIRECTION ( 'NONE',  ( 0.0000000000000000000, 0.0000000000000000000, 1.000000000000000000 ) ) ;
#1812 = LINE ( 'NONE', #6385, #1261 ) ;
#1813 = EDGE_CURVE ( 'NONE', #2115, #3675, #6977, .T. ) ;
#1814 = CARTESIAN_POINT ( 'NONE',  ( -14.85000000000000675, -3.000000000000000000, 0.0000000000000000000 ) ) ;
#1815 = FACE_OUTER_BOUND ( 'NONE', #6041, .T. ) ;
#1816 = LINE ( 'NONE', #1270, #5679 ) ;
#1817 = EDGE_CURVE ( 'NONE', #6367, #2493, #3031, .T. ) ;
#1818 = COLOUR_RGB ( '',1.000000000000000000, 0.3960784313725490002, 0.1843137254901960898 ) ;
#1819 = ORIENTED_EDGE ( 'NONE', *, *, #5260, .T. ) ;
#1820 = SURFACE_STYLE_USAGE ( .BOTH. , #6436 ) ;
#1821 = SURFACE_SIDE_STYLE ('',( #4764 ) ) ;
#1822 = CARTESIAN_POINT ( 'NONE',  ( 0.0000000000000000000, 0.0000000000000000000, 11.39999999999999858 ) ) ;
#1823 = EDGE_CURVE ( 'NONE', #4830, #568, #7135, .T. ) ;
#1824 = ADVANCED_FACE ( 'NONE', ( #5404 ), #236, .T. ) ;
#1825 = ORIENTED_EDGE ( 'NONE', *, *, #2765, .F. ) ;
#1826 = SURFACE_SIDE_STYLE ('',( #4135 ) ) ;
#1827 = UNCERTAINTY_MEASURE_WITH_UNIT (LENGTH_MEASURE( 1.000000000000000082E-05 ), #697, 'distance_accuracy_value', 'NONE');
#1828 = VECTOR ( 'NONE', #3148, 1000.000000000000000 ) ;
#1829 = VERTEX_POINT ( 'NONE', #3258 ) ;
#1830 = CARTESIAN_POINT ( 'NONE',  ( 9.418078673088574604, -5.599999999999999645, 6.869388599297004738 ) ) ;
#1831 = CARTESIAN_POINT ( 'NONE',  ( -14.97499996851784942, -6.899999999999999467, -5.724999986169907018 ) ) ;
#1832 = DIRECTION ( 'NONE',  ( 0.0000000000000000000, 0.0000000000000000000, 1.000000000000000000 ) ) ;
#1833 = VECTOR ( 'NONE', #3862, 1000.000000000000000 ) ;
#1834 = VECTOR ( 'NONE', #3479, 1000.000000000000000 ) ;
#1835 = ORIENTED_EDGE ( 'NONE', *, *, #2853, .T. ) ;
#1836 = DIRECTION ( 'NONE',  ( -1.000000000000000000, 0.0000000000000000000, 0.0000000000000000000 ) ) ;
#1837 = SURFACE_SIDE_STYLE ('',( #3588 ) ) ;
#1838 = CARTESIAN_POINT ( 'NONE',  ( -14.32499996012495203, -6.899999999999999467, -10.72500000000015064 ) ) ;
#1839 = EDGE_LOOP ( 'NONE', ( #5957, #5632, #1634, #7345, #1410 ) ) ;
#1840 = ORIENTED_EDGE ( 'NONE', *, *, #972, .F. ) ;
#1841 = CARTESIAN_POINT ( 'NONE',  ( 0.0000000000000000000, -12.30000000000000071, 0.0000000000000000000 ) ) ;
#1842 = PLANE ( 'NONE',  #664 ) ;
#1843 = COLOUR_RGB ( '',0.0000000000000000000, 0.007843137254901960675, 0.02745098039215686236 ) ;
#1844 =( GEOMETRIC_REPRESENTATION_CONTEXT ( 3 ) GLOBAL_UNCERTAINTY_ASSIGNED_CONTEXT ( ( #824 ) ) GLOBAL_UNIT_ASSIGNED_CONTEXT ( ( #3383, #2965, #2934 ) ) REPRESENTATION_CONTEXT ( 'NONE', 'WORKASPACE' ) );
#1845 =( NAMED_UNIT ( * ) SI_UNIT ( $, .STERADIAN. ) SOLID_ANGLE_UNIT ( ) );
#1846 = VECTOR ( 'NONE', #1768, 1000.000000000000000 ) ;
#1847 = ORIENTED_EDGE ( 'NONE', *, *, #523, .F. ) ;
#1848 = FILL_AREA_STYLE_COLOUR ( '', #6875 ) ;
#1849 = FACE_OUTER_BOUND ( 'NONE', #5510, .T. ) ;
#1850 = PRESENTATION_LAYER_ASSIGNMENT (  '', '', ( #215 ) ) ;
#1851 = CARTESIAN_POINT ( 'NONE',  ( -9.983333312343994237, -17.19166665617310485, -0.7333333299971616093 ) ) ;
#1852 = DIRECTION ( 'NONE',  ( -1.000000000000000000, 0.0000000000000000000, -6.774548571579288900E-17 ) ) ;
#1853 = VERTEX_POINT ( 'NONE', #6195 ) ;
#1854 = DIRECTION ( 'NONE',  ( 0.0000000000000000000, -0.0000000000000000000, 1.000000000000000000 ) ) ;
#1855 = DIRECTION ( 'NONE',  ( 1.000000000000000000, 0.0000000000000000000, 0.0000000000000000000 ) ) ;
#1856 = VECTOR ( 'NONE', #6952, 1000.000000000000000 ) ;
#1857 = AXIS2_PLACEMENT_3D ( 'NONE', #7119, #3183, #4889 ) ;
#1858 = LINE ( 'NONE', #3976, #1602 ) ;
#1859 = VECTOR ( 'NONE', #6516, 1000.000000000000000 ) ;
#1860 = AXIS2_PLACEMENT_3D ( 'NONE', #7306, #2717, #1567 ) ;
#1861 = LINE ( 'NONE', #2935, #576 ) ;
#1862 = AXIS2_PLACEMENT_3D ( 'NONE', #1102, #5696, #3999 ) ;
#1863 = AXIS2_PLACEMENT_3D ( 'NONE', #2725, #7284, #2165 ) ;
#1864 = CARTESIAN_POINT ( 'NONE',  ( -14.97499996012494883, -18.61923881554287519, -10.72499999999992149 ) ) ;
#1865 = ORIENTED_EDGE ( 'NONE', *, *, #7353, .F. ) ;
#1866 = LINE ( 'NONE', #5619, #3881 ) ;
#1867 = VERTEX_POINT ( 'NONE', #3224 ) ;
#1868 = EDGE_CURVE ( 'NONE', #4437, #161, #1518, .T. ) ;
#1869 = FILL_AREA_STYLE ('',( #4608 ) ) ;
#1870 = DIRECTION ( 'NONE',  ( 8.807057647264946433E-14, 0.0000000000000000000, -1.000000000000000000 ) ) ;
#1871 = EDGE_CURVE ( 'NONE', #5350, #1026, #3845, .T. ) ;
#1872 = ORIENTED_EDGE ( 'NONE', *, *, #5307, .T. ) ;
#1873 = DIRECTION ( 'NONE',  ( 0.0000000000000000000, -1.000000000000000000, 0.0000000000000000000 ) ) ;
#1874 = ORIENTED_EDGE ( 'NONE', *, *, #4369, .F. ) ;
#1875 = DIRECTION ( 'NONE',  ( 5.304964758338859037E-17, 0.0000000000000000000, -1.000000000000000000 ) ) ;
#1876 = EDGE_CURVE ( 'NONE', #1867, #5625, #5111, .T. ) ;
#1877 = EDGE_CURVE ( 'NONE', #4555, #2361, #485, .T. ) ;
#1878 = EDGE_LOOP ( 'NONE', ( #5973, #713, #6334, #3519 ) ) ;
#1879 = SURFACE_STYLE_USAGE ( .BOTH. , #7017 ) ;
#1880 =( NAMED_UNIT ( * ) SI_UNIT ( $, .STERADIAN. ) SOLID_ANGLE_UNIT ( ) );
#1881 = EDGE_LOOP ( 'NONE', ( #5640, #462, #4042, #7190, #1503, #6340, #3127, #6544, #2755, #4620, #1083, #3886, #7042, #4679, #7088, #4362 ) ) ;
#1882 = ORIENTED_EDGE ( 'NONE', *, *, #1069, .F. ) ;
#1883 = PRESENTATION_STYLE_ASSIGNMENT (( #7021 ) ) ;
#1884 = EDGE_CURVE ( 'NONE', #3119, #4768, #973, .T. ) ;
#1885 = CARTESIAN_POINT ( 'NONE',  ( -7.639455289210539317E-15, -12.20000000000000462, -5.724999986169926558 ) ) ;
#1886 = ORIENTED_EDGE ( 'NONE', *, *, #6305, .F. ) ;
#1887 =( NAMED_UNIT ( * ) PLANE_ANGLE_UNIT ( ) SI_UNIT ( $, .RADIAN. ) );
#1888 = LINE ( 'NONE', #4116, #7280 ) ;
#1889 = FACE_OUTER_BOUND ( 'NONE', #5475, .T. ) ;
#1890 = DIRECTION ( 'NONE',  ( 1.000000000000000000, 0.0000000000000000000, 2.935685882423051090E-14 ) ) ;
#1891 = EDGE_LOOP ( 'NONE', ( #4993, #3805, #6203, #2282 ) ) ;
#1892 = PLANE ( 'NONE',  #2789 ) ;
#1893 = FACE_OUTER_BOUND ( 'NONE', #6879, .T. ) ;
#1894 = DIRECTION ( 'NONE',  ( 0.7071067811865556774, 0.0000000000000000000, 0.7071067811865393571 ) ) ;
#1895 = PRESENTATION_LAYER_ASSIGNMENT (  '', '', ( #5723 ) ) ;
#1896 = CARTESIAN_POINT ( 'NONE',  ( 5.530452312324134034, -6.400000000000002132, -10.14999999999999503 ) ) ;
#1897 = AXIS2_PLACEMENT_3D ( 'NONE', #5434, #7164, #3142 ) ;
#1898 = EDGE_LOOP ( 'NONE', ( #357, #3956, #1141, #2744 ) ) ;
#1899 = ORIENTED_EDGE ( 'NONE', *, *, #1550, .T. ) ;
#1900 = CARTESIAN_POINT ( 'NONE',  ( -16.35000000000000853, -4.599999999999999645, -12.14999999999999858 ) ) ;
#1901 = CARTESIAN_POINT ( 'NONE',  ( 1.076209146011456178E-14, -4.599999999999999645, 11.78745434496620526 ) ) ;
#1902 = ORIENTED_EDGE ( 'NONE', *, *, #2860, .F. ) ;
#1903 = CARTESIAN_POINT ( 'NONE',  ( -1.910468255767567847, -8.795848551677847738, 6.808302896644300439 ) ) ;
#1904 = FACE_BOUND ( 'NONE', #5769, .T. ) ;
#1905 = DIRECTION ( 'NONE',  ( 0.0000000000000000000, -1.000000000000000000, 0.0000000000000000000 ) ) ;
#1906 = ADVANCED_FACE ( 'NONE', ( #7170 ), #4300, .T. ) ;
#1907 = VECTOR ( 'NONE', #4826, 1000.000000000000000 ) ;
#1908 = ORIENTED_EDGE ( 'NONE', *, *, #6458, .F. ) ;
#1909 = FILL_AREA_STYLE_COLOUR ( '', #6161 ) ;
#1910 = UNCERTAINTY_MEASURE_WITH_UNIT (LENGTH_MEASURE( 1.000000000000000082E-05 ), #570, 'distance_accuracy_value', 'NONE');
#1911 = ORIENTED_EDGE ( 'NONE', *, *, #1868, .T. ) ;
#1912 = LINE ( 'NONE', #2503, #5072 ) ;
#1913 = DIRECTION ( 'NONE',  ( -1.000000000000000000, 0.0000000000000000000, 0.0000000000000000000 ) ) ;
#1914 = ORIENTED_EDGE ( 'NONE', *, *, #2346, .F. ) ;
#1915 = EDGE_CURVE ( 'NONE', #5518, #6929, #3300, .T. ) ;
#1916 = DIRECTION ( 'NONE',  ( 0.0000000000000000000, 0.0000000000000000000, -1.000000000000000000 ) ) ;
#1917 = FACE_OUTER_BOUND ( 'NONE', #3085, .T. ) ;
#1918 = ORIENTED_EDGE ( 'NONE', *, *, #3324, .T. ) ;
#1919 = ADVANCED_FACE ( 'NONE', ( #383 ), #2629, .T. ) ;
#1920 = VERTEX_POINT ( 'NONE', #5803 ) ;
#1921 = CARTESIAN_POINT ( 'NONE',  ( -13.39999957768849725, -6.899999999999999467, 4.857488224666873412E-07 ) ) ;
#1922 = DIRECTION ( 'NONE',  ( -1.000000000000000000, 0.0000000000000000000, 1.334402673828022151E-15 ) ) ;
#1923 = VECTOR ( 'NONE', #2632, 1000.000000000000000 ) ;
#1924 = ORIENTED_EDGE ( 'NONE', *, *, #1817, .F. ) ;
#1925 = EDGE_CURVE ( 'NONE', #2290, #3696, #2242, .T. ) ;
#1926 = CARTESIAN_POINT ( 'NONE',  ( -11.40000000000000568, -0.09999999999999592548, -11.50000000000000000 ) ) ;
#1927 = EDGE_CURVE ( 'NONE', #3907, #1829, #3509, .T. ) ;
#1928 = CARTESIAN_POINT ( 'NONE',  ( 8.231076514468834183E-16, 7.488015623777569931E-32, -12.14999999999999680 ) ) ;
#1929 = CARTESIAN_POINT ( 'NONE',  ( -14.32499993203352595, -12.19999999999999751, -3.823063642379053100E-12 ) ) ;
#1930 = DIRECTION ( 'NONE',  ( -1.000000000000000000, 0.0000000000000000000, -6.774548571579288900E-17 ) ) ;
#1931 = ORIENTED_EDGE ( 'NONE', *, *, #2951, .T. ) ;
#1932 = DIRECTION ( 'NONE',  ( 1.000000000000000000, 1.334402673828313093E-16, 0.0000000000000000000 ) ) ;
#1933 = AXIS2_PLACEMENT_3D ( 'NONE', #6703, #6221, #1092 ) ;
#1934 = DIRECTION ( 'NONE',  ( -1.000000000000000000, 0.0000000000000000000, -2.935685882423051090E-14 ) ) ;
#1935 = CARTESIAN_POINT ( 'NONE',  ( -1.631316807445657879, -6.899999999999999467, 11.78745434496620703 ) ) ;
#1936 = DIRECTION ( 'NONE',  ( 0.0000000000000000000, 1.000000000000000000, 0.0000000000000000000 ) ) ;
#1937 = VECTOR ( 'NONE', #1343, 1000.000000000000000 ) ;
#1938 = ORIENTED_EDGE ( 'NONE', *, *, #2593, .T. ) ;
#1939 = ORIENTED_EDGE ( 'NONE', *, *, #2230, .T. ) ;
#1940 = LINE ( 'NONE', #5298, #5442 ) ;
#1941 = CARTESIAN_POINT ( 'NONE',  ( 14.34999999999999609, -4.599999999999999645, 8.149999999999995026 ) ) ;
#1942 = VERTEX_POINT ( 'NONE', #4614 ) ;
#1943 = DIRECTION ( 'NONE',  ( 0.5773502691896124084, -0.5773502691896524874, 0.5773502691896124084 ) ) ;
#1944 =( NAMED_UNIT ( * ) SI_UNIT ( $, .STERADIAN. ) SOLID_ANGLE_UNIT ( ) );
#1945 = VECTOR ( 'NONE', #4209, 1000.000000000000227 ) ;
#1946 = CARTESIAN_POINT ( 'NONE',  ( 5.530452312324126041, 7.488015623777569931E-32, -10.14999999999999503 ) ) ;
#1947 = VERTEX_POINT ( 'NONE', #6933 ) ;
#1948 = CARTESIAN_POINT ( 'NONE',  ( 0.0000000000000000000, -6.899999999999999467, -11.64999999999999858 ) ) ;
#1949 = ORIENTED_EDGE ( 'NONE', *, *, #2267, .F. ) ;
#1950 = CARTESIAN_POINT ( 'NONE',  ( 11.49999999999999822, -3.000000000000000000, -11.39999999999999503 ) ) ;
#1951 = EDGE_CURVE ( 'NONE', #2305, #5620, #7323, .T. ) ;
#1952 = LINE ( 'NONE', #7122, #6573 ) ;
#1953 = ORIENTED_EDGE ( 'NONE', *, *, #4773, .T. ) ;
#1954 = DIRECTION ( 'NONE',  ( -0.0000000000000000000, 1.000000000000000000, -0.0000000000000000000 ) ) ;
#1955 = SURFACE_STYLE_FILL_AREA ( #4175 ) ;
#1956 = VERTEX_POINT ( 'NONE', #6230 ) ;
#1957 = PRODUCT ( '794FA04F-49E7-4600-AAB5-4879086ABE50', '794FA04F-49E7-4600-AAB5-4879086ABE50', '', ( #5210 ) ) ;
#1958 = ORIENTED_EDGE ( 'NONE', *, *, #6482, .T. ) ;
#1959 = DIRECTION ( 'NONE',  ( -1.000000000000000000, 4.119479477319231864E-15, 0.0000000000000000000 ) ) ;
#1960 = ADVANCED_FACE ( 'NONE', ( #2766 ), #2309, .T. ) ;
#1961 = SURFACE_SIDE_STYLE ('',( #4781 ) ) ;
#1962 =( GEOMETRIC_REPRESENTATION_CONTEXT ( 3 ) GLOBAL_UNCERTAINTY_ASSIGNED_CONTEXT ( ( #6704 ) ) GLOBAL_UNIT_ASSIGNED_CONTEXT ( ( #1357, #3592, #273 ) ) REPRESENTATION_CONTEXT ( 'NONE', 'WORKASPACE' ) );
#1963 = EDGE_CURVE ( 'NONE', #1696, #5400, #3955, .T. ) ;
#1964 = SURFACE_SIDE_STYLE ('',( #5329 ) ) ;
#1965 = DIRECTION ( 'NONE',  ( 5.304964758338859037E-17, 0.0000000000000000000, -1.000000000000000000 ) ) ;
#1966 = PLANE ( 'NONE',  #630 ) ;
#1967 = FACE_OUTER_BOUND ( 'NONE', #2075, .T. ) ;
#1968 = ORIENTED_EDGE ( 'NONE', *, *, #3952, .T. ) ;
#1969 = VECTOR ( 'NONE', #3570, 1000.000000000000000 ) ;
#1970 =( NAMED_UNIT ( * ) SI_UNIT ( $, .STERADIAN. ) SOLID_ANGLE_UNIT ( ) );
#1971 = AXIS2_PLACEMENT_3D ( 'NONE', #6500, #6984, #3642 ) ;
#1972 = LINE ( 'NONE', #244, #3969 ) ;
#1973 = DIRECTION ( 'NONE',  ( 0.0000000000000000000, 0.0000000000000000000, -1.000000000000000000 ) ) ;
#1974 = EDGE_CURVE ( 'NONE', #2329, #539, #2613, .T. ) ;
#1975 = VECTOR ( 'NONE', #3129, 1000.000000000000000 ) ;
#1976 = COLOUR_RGB ( '',0.1137254901960784298, 0.1137254901960784298, 0.1137254901960784298 ) ;
#1977 = EDGE_CURVE ( 'NONE', #2457, #558, #3363, .T. ) ;
#1978 = CARTESIAN_POINT ( 'NONE',  ( 1.493683192554345673, -6.899999999999999467, 10.21245434496621307 ) ) ;
#1979 = AXIS2_PLACEMENT_3D ( 'NONE', #107, #5141, #4604 ) ;
#1980 = LINE ( 'NONE', #3680, #4090 ) ;
#1981 = ORIENTED_EDGE ( 'NONE', *, *, #2237, .F. ) ;
#1982 = ORIENTED_EDGE ( 'NONE', *, *, #6108, .F. ) ;
#1983 = DIRECTION ( 'NONE',  ( -1.000000000000000000, 3.709206150687421386E-65, -5.304964758338859037E-17 ) ) ;
#1984 = VECTOR ( 'NONE', #3349, 1000.000000000000000 ) ;
#1985 = LINE ( 'NONE', #4311, #5179 ) ;
#1986 = VECTOR ( 'NONE', #4026, 1000.000000000000000 ) ;
#1987 = ORIENTED_EDGE ( 'NONE', *, *, #3293, .F. ) ;
#1988 = DIRECTION ( 'NONE',  ( -1.000000000000000000, 0.0000000000000000000, -1.060992951667771931E-16 ) ) ;
#1989 = TOROIDAL_SURFACE ( 'NONE', #1265, 1.600000000000008304, 0.4000000000000000222 ) ;
#1990 = CARTESIAN_POINT ( 'NONE',  ( -4.431316807445652373, -6.899999999999999467, 9.287454344966207032 ) ) ;
#1991 = VECTOR ( 'NONE', #7274, 1000.000000000000000 ) ;
#1992 =( NAMED_UNIT ( * ) SI_UNIT ( $, .STERADIAN. ) SOLID_ANGLE_UNIT ( ) );
#1993 = VECTOR ( 'NONE', #3647, 999.9999999999998863 ) ;
#1994 = VECTOR ( 'NONE', #4682, 1000.000000000000000 ) ;
#1995 = PLANE ( 'NONE',  #5069 ) ;
#1996 = ORIENTED_EDGE ( 'NONE', *, *, #2681, .F. ) ;
#1997 = FILL_AREA_STYLE_COLOUR ( '', #2100 ) ;
#1998 = UNCERTAINTY_MEASURE_WITH_UNIT (LENGTH_MEASURE( 1.000000000000000082E-05 ), #363, 'distance_accuracy_value', 'NONE');
#1999 = ORIENTED_EDGE ( 'NONE', *, *, #2412, .T. ) ;
#2000 = CARTESIAN_POINT ( 'NONE',  ( 11.49999999999999822, -3.000000000000000000, -11.39999999999999503 ) ) ;
#2001 = VECTOR ( 'NONE', #4283, 1000.000000000000000 ) ;
#2002 = CARTESIAN_POINT ( 'NONE',  ( -16.35000000000000497, -4.599999999999999645, 12.15000000000000036 ) ) ;
#2003 = FACE_OUTER_BOUND ( 'NONE', #3713, .T. ) ;
#2004 = LINE ( 'NONE', #1436, #5197 ) ;
#2005 = EDGE_LOOP ( 'NONE', ( #4857, #6969, #4723, #5094 ) ) ;
#2006 = ORIENTED_EDGE ( 'NONE', *, *, #4547, .F. ) ;
#2007 = SURFACE_STYLE_FILL_AREA ( #900 ) ;
#2008 = LINE ( 'NONE', #1921, #6864 ) ;
#2009 = CARTESIAN_POINT ( 'NONE',  ( -11.50000000000000000, -0.09999999999999592548, 11.40000000000000568 ) ) ;
#2010 = CARTESIAN_POINT ( 'NONE',  ( -14.97499996851770199, -12.30000000000000071, -5.174999986169897426 ) ) ;
#2011 = CARTESIAN_POINT ( 'NONE',  ( -6.910468255767569623, -8.795848551677845961, 6.808302896644283564 ) ) ;
#2012 = CARTESIAN_POINT ( 'NONE',  ( -14.97499996851770554, -12.20000000000000462, -5.074999986169908439 ) ) ;
#2013 = ADVANCED_FACE ( 'NONE', ( #1237 ), #5660, .F. ) ;
#2014 = ORIENTED_EDGE ( 'NONE', *, *, #3280, .F. ) ;
#2015 = CARTESIAN_POINT ( 'NONE',  ( 7.241003607157344035, 7.488015623777569931E-32, -11.64999999999999680 ) ) ;
#2016 = LINE ( 'NONE', #7029, #3616 ) ;
#2017 = DIRECTION ( 'NONE',  ( -5.304964758338859037E-17, 0.0000000000000000000, 1.000000000000000000 ) ) ;
#2018 = CARTESIAN_POINT ( 'NONE',  ( -1.777014410860665139, -10.11055129483321835, -11.64999999999999680 ) ) ;
#2019 = ORIENTED_EDGE ( 'NONE', *, *, #5458, .T. ) ;
#2020 = ORIENTED_EDGE ( 'NONE', *, *, #6784, .T. ) ;
#2021 = LINE ( 'NONE', #3128, #3286 ) ;
#2022 = EDGE_CURVE ( 'NONE', #5061, #1453, #118, .T. ) ;
#2023 = SURFACE_STYLE_USAGE ( .BOTH. , #5382 ) ;
#2024 = EDGE_CURVE ( 'NONE', #558, #6299, #2834, .T. ) ;
#2025 = VERTEX_POINT ( 'NONE', #662 ) ;
#2026 = DIRECTION ( 'NONE',  ( 6.672013369141570147E-16, 0.0000000000000000000, 1.000000000000000000 ) ) ;
#2027 = DIRECTION ( 'NONE',  ( 5.304964758338859037E-17, -0.0000000000000000000, -1.000000000000000000 ) ) ;
#2028 = VECTOR ( 'NONE', #5010, 999.9999999999998863 ) ;
#2029 = DIRECTION ( 'NONE',  ( 0.7071067811865470176, 0.0000000000000000000, -0.7071067811865481278 ) ) ;
#2030 = CARTESIAN_POINT ( 'NONE',  ( 7.323256856488931154E-15, -4.599999999999999645, 9.287454344966208808 ) ) ;
#2031 = EDGE_CURVE ( 'NONE', #1796, #270, #631, .T. ) ;
#2032 = ADVANCED_FACE ( 'NONE', ( #560 ), #5087, .F. ) ;
#2033 = ORIENTED_EDGE ( 'NONE', *, *, #1823, .F. ) ;
#2034 = ORIENTED_EDGE ( 'NONE', *, *, #6951, .T. ) ;
#2035 = FACE_OUTER_BOUND ( 'NONE', #1406, .T. ) ;
#2036 = LINE ( 'NONE', #4967, #6612 ) ;
#2037 = CARTESIAN_POINT ( 'NONE',  ( 14.35000000000000142, -12.59999999999999964, -10.14999999999999858 ) ) ;
#2038 = DIRECTION ( 'NONE',  ( 1.000000000000000000, 0.0000000000000000000, 6.774548571579288900E-17 ) ) ;
#2039 = VERTEX_POINT ( 'NONE', #6862 ) ;
#2040 = VERTEX_POINT ( 'NONE', #1728 ) ;
#2041 = DIRECTION ( 'NONE',  ( 0.0000000000000000000, 1.000000000000000000, -0.0000000000000000000 ) ) ;
#2042 = VECTOR ( 'NONE', #3334, 1000.000000000000000 ) ;
#2043 = CARTESIAN_POINT ( 'NONE',  ( -16.35000000000000497, -4.599999999999999645, 10.15000000000000391 ) ) ;
#2044 =( NAMED_UNIT ( * ) PLANE_ANGLE_UNIT ( ) SI_UNIT ( $, .RADIAN. ) );
#2045 = DIRECTION ( 'NONE',  ( -6.672013369141570147E-16, 0.0000000000000000000, -1.000000000000000000 ) ) ;
#2046 = LINE ( 'NONE', #948, #1923 ) ;
#2047 = EDGE_LOOP ( 'NONE', ( #4021, #3760, #4631, #3246 ) ) ;
#2048 = CARTESIAN_POINT ( 'NONE',  ( 6.819901017490920481, -10.11055129483321835, -12.14999999999999680 ) ) ;
#2049 = LINE ( 'NONE', #3625, #5800 ) ;
#2050 = EDGE_CURVE ( 'NONE', #2052, #4503, #3211, .T. ) ;
#2051 = LINE ( 'NONE', #2571, #5781 ) ;
#2052 = VERTEX_POINT ( 'NONE', #4027 ) ;
#2053 = ORIENTED_EDGE ( 'NONE', *, *, #1236, .F. ) ;
#2054 = DIRECTION ( 'NONE',  ( -2.075843394895025099E-14, -0.7071067811865230368, 0.7071067811865721087 ) ) ;
#2055 = FILL_AREA_STYLE_COLOUR ( '', #2795 ) ;
#2056 = DIRECTION ( 'NONE',  ( -0.0000000000000000000, 1.000000000000000000, -0.0000000000000000000 ) ) ;
#2057 = DIRECTION ( 'NONE',  ( 5.304964758338859037E-17, -0.0000000000000000000, -1.000000000000000000 ) ) ;
#2058 = EDGE_CURVE ( 'NONE', #206, #6093, #6329, .T. ) ;
#2059 = AXIS2_PLACEMENT_3D ( 'NONE', #1581, #2696, #939 ) ;
#2060 = AXIS2_PLACEMENT_3D ( 'NONE', #4131, #4086, #5346 ) ;
#2061 = EDGE_CURVE ( 'NONE', #318, #1775, #6566, .T. ) ;
#2062 = ORIENTED_EDGE ( 'NONE', *, *, #7015, .T. ) ;
#2063 = LINE ( 'NONE', #889, #2797 ) ;
#2064 = COLOUR_RGB ( '',0.0000000000000000000, 0.007843137254901960675, 0.02745098039215686236 ) ;
#2065 = UNCERTAINTY_MEASURE_WITH_UNIT (LENGTH_MEASURE( 1.000000000000000082E-05 ), #3887, 'distance_accuracy_value', 'NONE');
#2066 = ORIENTED_EDGE ( 'NONE', *, *, #1197, .F. ) ;
#2067 = FACE_OUTER_BOUND ( 'NONE', #4106, .T. ) ;
#2068 = EDGE_CURVE ( 'NONE', #829, #71, #4148, .T. ) ;
#2069 = CARTESIAN_POINT ( 'NONE',  ( -14.97499996012875556, -12.20000000000000462, -5.315392876641672077E-12 ) ) ;
#2070 = EDGE_CURVE ( 'NONE', #1047, #3430, #1952, .T. ) ;
#2071 = ORIENTED_EDGE ( 'NONE', *, *, #4602, .F. ) ;
#2072 = CARTESIAN_POINT ( 'NONE',  ( 7.965828276551891570E-16, -8.400000000000000355, -11.64999999999999680 ) ) ;
#2073 = CARTESIAN_POINT ( 'NONE',  ( -3.525001217843515278, -4.599999999999999645, 3.525000567825193443 ) ) ;
#2074 = ORIENTED_EDGE ( 'NONE', *, *, #3785, .F. ) ;
#2075 = EDGE_LOOP ( 'NONE', ( #6944, #6548, #2959, #657, #3575, #993, #7018, #966, #5238, #4953, #5491, #6705 ) ) ;
#2076 = DIRECTION ( 'NONE',  ( -1.000000000000000000, 0.0000000000000000000, 0.0000000000000000000 ) ) ;
#2077 = EDGE_CURVE ( 'NONE', #3795, #1671, #1433, .T. ) ;
#2078 = COLOUR_RGB ( '',0.0000000000000000000, 0.007843137254901960675, 0.02745098039215686236 ) ;
#2079 = PRESENTATION_STYLE_ASSIGNMENT (( #7238 ) ) ;
#2080 = PLANE ( 'NONE',  #877 ) ;
#2081 = EDGE_LOOP ( 'NONE', ( #3721, #542, #1315, #3068 ) ) ;
#2082 =( NAMED_UNIT ( * ) SI_UNIT ( $, .STERADIAN. ) SOLID_ANGLE_UNIT ( ) );
#2083 =( NAMED_UNIT ( * ) SI_UNIT ( $, .STERADIAN. ) SOLID_ANGLE_UNIT ( ) );
#2084 = CARTESIAN_POINT ( 'NONE',  ( 14.34999999999999609, -12.20000000000000107, 8.149999999999995026 ) ) ;
#2085 = AXIS2_PLACEMENT_3D ( 'NONE', #4591, #6336, #1183 ) ;
#2086 = DIRECTION ( 'NONE',  ( 5.304964758338859037E-17, -0.0000000000000000000, -1.000000000000000000 ) ) ;
#2087 = DIRECTION ( 'NONE',  ( 3.549511112383315657E-13, 0.0000000000000000000, -1.000000000000000000 ) ) ;
#2088 = VECTOR ( 'NONE', #3156, 1000.000000000000000 ) ;
#2089 = VERTEX_POINT ( 'NONE', #6483 ) ;
#2090 = ORIENTED_EDGE ( 'NONE', *, *, #882, .T. ) ;
#2091 = VECTOR ( 'NONE', #4043, 1000.000000000000000 ) ;
#2092 = CARTESIAN_POINT ( 'NONE',  ( -2.198117000527087583, 7.488015623777569931E-32, -12.14999999999999680 ) ) ;
#2093 = VERTEX_POINT ( 'NONE', #1350 ) ;
#2094 =( NAMED_UNIT ( * ) PLANE_ANGLE_UNIT ( ) SI_UNIT ( $, .RADIAN. ) );
#2095 = CARTESIAN_POINT ( 'NONE',  ( -2.198117000527087583, -9.689448705166794795, -11.64999999999999680 ) ) ;
#2096 = AXIS2_PLACEMENT_3D ( 'NONE', #611, #5059, #2328 ) ;
#2097 = MECHANICAL_DESIGN_GEOMETRIC_PRESENTATION_REPRESENTATION (  '', ( #5782 ), #5308 ) ;
#2098 = CARTESIAN_POINT ( 'NONE',  ( 7.965828276551891570E-16, -10.11055129483321835, -11.64999999999999680 ) ) ;
#2099 = STYLED_ITEM ( 'NONE', ( #6752 ), #2651 ) ;
#2100 = COLOUR_RGB ( '',0.0000000000000000000, 0.9372549019607843146, 0.3450980392156862697 ) ;
#2101 = ADVANCED_FACE ( 'NONE', ( #3700 ), #2982, .T. ) ;
#2102 = ORIENTED_EDGE ( 'NONE', *, *, #6456, .T. ) ;
#2103 = ORIENTED_EDGE ( 'NONE', *, *, #3789, .F. ) ;
#2104 = CARTESIAN_POINT ( 'NONE',  ( 0.8686831925543407884, -4.599999999999999645, 9.287454344966208808 ) ) ;
#2105 = VECTOR ( 'NONE', #1297, 1000.000000000000000 ) ;
#2106 = AXIS2_PLACEMENT_3D ( 'NONE', #5471, #4255, #5925 ) ;
#2107 = FACE_OUTER_BOUND ( 'NONE', #3847, .T. ) ;
#2108 = AXIS2_PLACEMENT_3D ( 'NONE', #5581, #5649, #7257 ) ;
#2109 = CARTESIAN_POINT ( 'NONE',  ( 10.28045231232413315, -6.400000000000001243, -11.14999999999999680 ) ) ;
#2110 = ADVANCED_FACE ( 'NONE', ( #4139 ), #5356, .T. ) ;
#2111 = EDGE_LOOP ( 'NONE', ( #873, #3332, #5615, #457 ) ) ;
#2112 = EDGE_CURVE ( 'NONE', #1301, #2279, #780, .T. ) ;
#2113 = LINE ( 'NONE', #4371, #4573 ) ;
#2114 = DIRECTION ( 'NONE',  ( 5.304964758338859037E-17, 0.0000000000000000000, -1.000000000000000000 ) ) ;
#2115 = VERTEX_POINT ( 'NONE', #2002 ) ;
#2116 = LINE ( 'NONE', #3227, #812 ) ;
#2117 = CARTESIAN_POINT ( 'NONE',  ( 7.965828276551891570E-16, 7.488015623777569931E-32, -11.64999999999999680 ) ) ;
#2118 = ORIENTED_EDGE ( 'NONE', *, *, #4078, .T. ) ;
#2119 = EDGE_CURVE ( 'NONE', #296, #5620, #3021, .T. ) ;
#2120 = DIRECTION ( 'NONE',  ( -1.000000000000000000, -2.891205793294677833E-16, -5.304964758338859037E-17 ) ) ;
#2121 = CARTESIAN_POINT ( 'NONE',  ( -14.35000000000000320, -12.59999999999999964, 11.75000000000000355 ) ) ;
#2122 = DIRECTION ( 'NONE',  ( 0.0000000000000000000, 0.0000000000000000000, -1.000000000000000000 ) ) ;
#2123 = LINE ( 'NONE', #5565, #6999 ) ;
#2124 = ORIENTED_EDGE ( 'NONE', *, *, #5458, .F. ) ;
#2125 = ORIENTED_EDGE ( 'NONE', *, *, #295, .F. ) ;
#2126 = CARTESIAN_POINT ( 'NONE',  ( 14.35000000000000142, -12.20000000000000107, -8.149999999999986144 ) ) ;
#2127 = ORIENTED_EDGE ( 'NONE', *, *, #6179, .F. ) ;
#2128 = SURFACE_STYLE_USAGE ( .BOTH. , #1603 ) ;
#2129 = ORIENTED_EDGE ( 'NONE', *, *, #4582, .F. ) ;
#2130 = CARTESIAN_POINT ( 'NONE',  ( 7.170083562801061759E-16, -9.689448705166794795, -10.14999999999999503 ) ) ;
#2131 = UNCERTAINTY_MEASURE_WITH_UNIT (LENGTH_MEASURE( 1.000000000000000082E-05 ), #3726, 'distance_accuracy_value', 'NONE');
#2132 = VERTEX_POINT ( 'NONE', #1831 ) ;
#2133 = CARTESIAN_POINT ( 'NONE',  ( 11.44999999999999751, -0.04999999999999795580, 11.39999999999999858 ) ) ;
#2134 = EDGE_CURVE ( 'NONE', #4503, #2052, #3082, .T. ) ;
#2135 = VECTOR ( 'NONE', #4772, 1000.000000000000000 ) ;
#2136 = CARTESIAN_POINT ( 'NONE',  ( 6.819901017490920481, -8.400000000000000355, -11.14999999999999680 ) ) ;
#2137 = CARTESIAN_POINT ( 'NONE',  ( -14.32499996851787927, -12.20000000000000462, -5.074999986169887123 ) ) ;
#2138 = ORIENTED_EDGE ( 'NONE', *, *, #204, .F. ) ;
#2139 = CARTESIAN_POINT ( 'NONE',  ( 6.819901017490920481, -9.689448705166794795, -10.14999999999999503 ) ) ;
#2140 = DIRECTION ( 'NONE',  ( 0.0000000000000000000, -0.0000000000000000000, 1.000000000000000000 ) ) ;
#2141 = PLANE ( 'NONE',  #4350 ) ;
#2142 = ADVANCED_FACE ( 'NONE', ( #2468 ), #3063, .T. ) ;
#2143 = EDGE_LOOP ( 'NONE', ( #3236, #4163, #5085, #2764 ) ) ;
#2144 = FILL_AREA_STYLE ('',( #5552 ) ) ;
#2145 =( NAMED_UNIT ( * ) PLANE_ANGLE_UNIT ( ) SI_UNIT ( $, .RADIAN. ) );
#2146 = EDGE_CURVE ( 'NONE', #3412, #296, #303, .T. ) ;
#2147 = LINE ( 'NONE', #5482, #4766 ) ;
#2148 = MECHANICAL_DESIGN_GEOMETRIC_PRESENTATION_REPRESENTATION (  '', ( #2966 ), #1783 ) ;
#2149 = ORIENTED_EDGE ( 'NONE', *, *, #1516, .T. ) ;
#2150 = DIRECTION ( 'NONE',  ( -1.000000000000000000, 0.0000000000000000000, 0.0000000000000000000 ) ) ;
#2151 = ORIENTED_EDGE ( 'NONE', *, *, #6876, .T. ) ;
#2152 = CARTESIAN_POINT ( 'NONE',  ( 7.700580038634947971E-16, -9.689448705166794795, -11.14999999999999680 ) ) ;
#2153 = FACE_OUTER_BOUND ( 'NONE', #4480, .T. ) ;
#2154 = EDGE_CURVE ( 'NONE', #233, #6698, #4256, .T. ) ;
#2155 = ADVANCED_FACE ( 'NONE', ( #5432 ), #378, .T. ) ;
#2156 = LINE ( 'NONE', #4417, #4223 ) ;
#2157 = ORIENTED_EDGE ( 'NONE', *, *, #114, .T. ) ;
#2158 = VERTEX_POINT ( 'NONE', #5472 ) ;
#2159 = LINE ( 'NONE', #1015, #5686 ) ;
#2160 = ORIENTED_EDGE ( 'NONE', *, *, #6052, .F. ) ;
#2161 = AXIS2_PLACEMENT_3D ( 'NONE', #7239, #871, #3118 ) ;
#2162 = FACE_OUTER_BOUND ( 'NONE', #5427, .T. ) ;
#2163 = PRESENTATION_STYLE_ASSIGNMENT (( #1574 ) ) ;
#2164 = ORIENTED_EDGE ( 'NONE', *, *, #5217, .F. ) ;
#2165 = DIRECTION ( 'NONE',  ( 0.0000000000000000000, 0.0000000000000000000, -1.000000000000000000 ) ) ;
#2166 = STYLED_ITEM ( 'NONE', ( #4685 ), #4009 ) ;
#2167 = CARTESIAN_POINT ( 'NONE',  ( 5.530452312324126041, -10.11055129483321835, -10.14999999999999503 ) ) ;
#2168 = DIRECTION ( 'NONE',  ( 1.000000000000000000, 0.0000000000000000000, 6.774548571579288900E-17 ) ) ;
#2169 = STYLED_ITEM ( 'NONE', ( #2398 ), #7091 ) ;
#2170 = ORIENTED_EDGE ( 'NONE', *, *, #2869, .F. ) ;
#2171 = FACE_OUTER_BOUND ( 'NONE', #4865, .T. ) ;
#2172 = ADVANCED_FACE ( 'NONE', ( #4890 ), #478, .T. ) ;
#2173 = CARTESIAN_POINT ( 'NONE',  ( 2.143683192554346029, -12.19999999999999751, 10.21245434496621307 ) ) ;
#2174 = ORIENTED_EDGE ( 'NONE', *, *, #3317, .T. ) ;
#2175 = CARTESIAN_POINT ( 'NONE',  ( -3.388661925320125054E-14, -8.399999999999971934, -10.14999999999999503 ) ) ;
#2176 =( NAMED_UNIT ( * ) SI_UNIT ( $, .STERADIAN. ) SOLID_ANGLE_UNIT ( ) );
#2177 = ORIENTED_EDGE ( 'NONE', *, *, #6196, .T. ) ;
#2178 =( GEOMETRIC_REPRESENTATION_CONTEXT ( 3 ) GLOBAL_UNCERTAINTY_ASSIGNED_CONTEXT ( ( #7159 ) ) GLOBAL_UNIT_ASSIGNED_CONTEXT ( ( #3463, #5689, #2727 ) ) REPRESENTATION_CONTEXT ( 'NONE', 'WORKASPACE' ) );
#2179 = DIRECTION ( 'NONE',  ( -4.903554850278087520E-14, 0.7071067811865229258, -0.7071067811865722197 ) ) ;
#2180 = EDGE_LOOP ( 'NONE', ( #2772, #2019, #1808, #1354, #583, #956, #144, #5999, #1130, #2465, #5577, #3551 ) ) ;
#2181 = LINE ( 'NONE', #2843, #2434 ) ;
#2182 = CARTESIAN_POINT ( 'NONE',  ( -2.856316807445651307, -6.899999999999999467, 10.21245434496620952 ) ) ;
#2183 = DIRECTION ( 'NONE',  ( 0.0000000000000000000, 1.000000000000000000, 0.0000000000000000000 ) ) ;
#2184 = EDGE_CURVE ( 'NONE', #233, #6424, #6637, .T. ) ;
#2185 = ORIENTED_EDGE ( 'NONE', *, *, #3241, .F. ) ;
#2186 =( NAMED_UNIT ( * ) SI_UNIT ( $, .STERADIAN. ) SOLID_ANGLE_UNIT ( ) );
#2187 = ORIENTED_EDGE ( 'NONE', *, *, #2932, .F. ) ;
#2188 = DIRECTION ( 'NONE',  ( -3.269436954241216420E-49, 1.000000000000000000, 6.162975822039153361E-33 ) ) ;
#2189 = ORIENTED_EDGE ( 'NONE', *, *, #3460, .T. ) ;
#2190 = ADVANCED_FACE ( 'NONE', ( #2107 ), #6115, .T. ) ;
#2191 = CARTESIAN_POINT ( 'NONE',  ( -0.3563168074456526391, -18.61923881554287519, 10.86245434496620987 ) ) ;
#2192 = EDGE_CURVE ( 'NONE', #1014, #313, #343, .T. ) ;
#2193 = DIRECTION ( 'NONE',  ( 0.7071067811865721087, -0.7071067811865230368, 0.0000000000000000000 ) ) ;
#2194 =( NAMED_UNIT ( * ) SI_UNIT ( $, .STERADIAN. ) SOLID_ANGLE_UNIT ( ) );
#2195 = EDGE_LOOP ( 'NONE', ( #1886, #5760, #1417, #6112 ) ) ;
#2196 = STYLED_ITEM ( 'NONE', ( #3165 ), #3736 ) ;
#2197 = VECTOR ( 'NONE', #1259, 1000.000000000000000 ) ;
#2198 = DIRECTION ( 'NONE',  ( 0.0000000000000000000, 0.0000000000000000000, 1.000000000000000000 ) ) ;
#2199 = FACE_OUTER_BOUND ( 'NONE', #3069, .T. ) ;
#2200 = MECHANICAL_DESIGN_GEOMETRIC_PRESENTATION_REPRESENTATION (  '', ( #6994 ), #4453 ) ;
#2201 = CARTESIAN_POINT ( 'NONE',  ( -0.4563168074456555035, -12.30000000000000071, 0.0000000000000000000 ) ) ;
#2202 = PRESENTATION_LAYER_ASSIGNMENT (  '', '', ( #5438 ) ) ;
#2203 =( GEOMETRIC_REPRESENTATION_CONTEXT ( 3 ) GLOBAL_UNCERTAINTY_ASSIGNED_CONTEXT ( ( #375 ) ) GLOBAL_UNIT_ASSIGNED_CONTEXT ( ( #4715, #5251, #1407 ) ) REPRESENTATION_CONTEXT ( 'NONE', 'WORKASPACE' ) );
#2204 = COLOUR_RGB ( '',0.0000000000000000000, 0.007843137254901960675, 0.02745098039215686236 ) ;
#2205 = CARTESIAN_POINT ( 'NONE',  ( -3.506316807445659212, -12.19999999999999751, 2.339419261572322643E-15 ) ) ;
#2206 = CIRCLE ( 'NONE', #7002, 1.000000000000001554 ) ;
#2207 = ORIENTED_EDGE ( 'NONE', *, *, #3658, .F. ) ;
#2208 = UNCERTAINTY_MEASURE_WITH_UNIT (LENGTH_MEASURE( 1.000000000000000082E-05 ), #764, 'distance_accuracy_value', 'NONE');
#2209 = CARTESIAN_POINT ( 'NONE',  ( -14.32499993203150623, -18.61923881554287519, -7.575000000000057909 ) ) ;
#2210 = VECTOR ( 'NONE', #135, 1000.000000000000000 ) ;
#2211 = DIRECTION ( 'NONE',  ( 0.0000000000000000000, -0.7071067811865230368, -0.7071067811865721087 ) ) ;
#2212 = DIRECTION ( 'NONE',  ( -3.336006684570785074E-16, 0.0000000000000000000, 1.000000000000000000 ) ) ;
#2213 = PRESENTATION_LAYER_ASSIGNMENT (  '', '', ( #4576 ) ) ;
#2214 = VECTOR ( 'NONE', #4837, 1000.000000000000000 ) ;
#2215 = EDGE_LOOP ( 'NONE', ( #1515, #5391, #7104, #4564 ) ) ;
#2216 = DIRECTION ( 'NONE',  ( 1.000000000000000000, 0.0000000000000000000, 5.304964758338859037E-17 ) ) ;
#2217 = DIRECTION ( 'NONE',  ( -0.0000000000000000000, 1.000000000000000000, -0.0000000000000000000 ) ) ;
#2218 = ORIENTED_EDGE ( 'NONE', *, *, #1516, .F. ) ;
#2219 = FILL_AREA_STYLE ('',( #777 ) ) ;
#2220 = ORIENTED_EDGE ( 'NONE', *, *, #4644, .F. ) ;
#2221 = CARTESIAN_POINT ( 'NONE',  ( 8.961181156090843919E-13, -12.30000000000000071, -10.17499999999859384 ) ) ;
#2222 = DIRECTION ( 'NONE',  ( 0.0000000000000000000, -1.000000000000000000, 0.0000000000000000000 ) ) ;
#2223 = FACE_OUTER_BOUND ( 'NONE', #1641, .T. ) ;
#2224 = EDGE_CURVE ( 'NONE', #4991, #5089, #439, .T. ) ;
#2225 = ORIENTED_EDGE ( 'NONE', *, *, #1744, .T. ) ;
#2226 = ORIENTED_EDGE ( 'NONE', *, *, #6090, .F. ) ;
#2227 = ORIENTED_EDGE ( 'NONE', *, *, #3284, .F. ) ;
#2228 = FILL_AREA_STYLE ('',( #3902 ) ) ;
#2229 = LINE ( 'NONE', #2754, #5071 ) ;
#2230 = EDGE_CURVE ( 'NONE', #1453, #2457, #4924, .T. ) ;
#2231 = CARTESIAN_POINT ( 'NONE',  ( 7.700580038634947971E-16, -6.400000000000000355, -11.14999999999999680 ) ) ;
#2232 = EDGE_LOOP ( 'NONE', ( #1045, #6381, #4447, #1137, #6468, #1982, #7276, #4005, #2435, #4288, #1924, #7321 ) ) ;
#2233 = CARTESIAN_POINT ( 'NONE',  ( 2.043683192554349937, -12.30000000000000071, 10.76245434496621733 ) ) ;
#2234 = LINE ( 'NONE', #1614, #1750 ) ;
#2235 = LINE ( 'NONE', #513, #733 ) ;
#2236 = EDGE_CURVE ( 'NONE', #2470, #4694, #967, .T. ) ;
#2237 = EDGE_CURVE ( 'NONE', #5295, #2381, #5614, .T. ) ;
#2238 = CARTESIAN_POINT ( 'NONE',  ( 1.493683192554345673, -12.19999999999999751, 0.0000000000000000000 ) ) ;
#2239 = CARTESIAN_POINT ( 'NONE',  ( -14.85000000000000675, -8.400000000000000355, 0.0000000000000000000 ) ) ;
#2240 = ORIENTED_EDGE ( 'NONE', *, *, #4736, .F. ) ;
#2241 = CARTESIAN_POINT ( 'NONE',  ( 6.819901017490920481, -10.11055129483321835, -11.64999999999999680 ) ) ;
#2242 = LINE ( 'NONE', #6825, #2956 ) ;
#2243 = CARTESIAN_POINT ( 'NONE',  ( -11.39999999999999858, -3.000000000000000000, 11.50000000000000178 ) ) ;
#2244 = VECTOR ( 'NONE', #3330, 1000.000000000000000 ) ;
#2245 = EDGE_LOOP ( 'NONE', ( #955, #5527, #1914, #2240 ) ) ;
#2246 = DIRECTION ( 'NONE',  ( 1.000000000000000000, -4.119479477319223187E-15, 6.774548571579288900E-17 ) ) ;
#2247 = LINE ( 'NONE', #5767, #2375 ) ;
#2248 = FACE_OUTER_BOUND ( 'NONE', #2976, .T. ) ;
#2249 = EDGE_LOOP ( 'NONE', ( #1708, #348, #1330, #6938, #610, #743 ) ) ;
#2250 = FILL_AREA_STYLE ('',( #1909 ) ) ;
#2251 = EDGE_LOOP ( 'NONE', ( #4336, #5881, #5843, #615 ) ) ;
#2252 = DIRECTION ( 'NONE',  ( 1.000000000000000000, 0.0000000000000000000, 8.807057647264946433E-14 ) ) ;
#2253 = VECTOR ( 'NONE', #1203, 1000.000000000000000 ) ;
#2254 = CARTESIAN_POINT ( 'NONE',  ( 7.241003607157344035, -10.11055129483321835, -10.14999999999999503 ) ) ;
#2255 = CARTESIAN_POINT ( 'NONE',  ( 0.0000000000000000000, -6.899999999999999467, 10.21245434496621307 ) ) ;
#2256 = ORIENTED_EDGE ( 'NONE', *, *, #2765, .T. ) ;
#2257 =( NAMED_UNIT ( * ) SI_UNIT ( $, .STERADIAN. ) SOLID_ANGLE_UNIT ( ) );
#2258 = ORIENTED_EDGE ( 'NONE', *, *, #1884, .T. ) ;
#2259 = ORIENTED_EDGE ( 'NONE', *, *, #5307, .F. ) ;
#2260 = PRESENTATION_STYLE_ASSIGNMENT (( #1056 ) ) ;
#2261 = ADVANCED_FACE ( 'NONE', ( #2694, #6083, #4291, #3220 ), #6602, .F. ) ;
#2262 = CARTESIAN_POINT ( 'NONE',  ( -0.9063168074456460221, -12.30000000000000071, -3.023478927977527947E-16 ) ) ;
#2263 = DIRECTION ( 'NONE',  ( 5.304964758338859037E-17, 0.0000000000000000000, -1.000000000000000000 ) ) ;
#2264 = ORIENTED_EDGE ( 'NONE', *, *, #2327, .F. ) ;
#2265 = LINE ( 'NONE', #4530, #4056 ) ;
#2266 = DIRECTION ( 'NONE',  ( 1.000000000000000000, 0.0000000000000000000, 0.0000000000000000000 ) ) ;
#2267 = EDGE_CURVE ( 'NONE', #1244, #6242, #1470, .T. ) ;
#2268 = SURFACE_SIDE_STYLE ('',( #5113 ) ) ;
#2269 = AXIS2_PLACEMENT_3D ( 'NONE', #904, #5050, #2740 ) ;
#2270 = ADVANCED_FACE ( 'NONE', ( #5508 ), #7319, .T. ) ;
#2271 = VECTOR ( 'NONE', #1228, 1000.000000000000000 ) ;
#2272 = ORIENTED_EDGE ( 'NONE', *, *, #5821, .T. ) ;
#2273 = UNCERTAINTY_MEASURE_WITH_UNIT (LENGTH_MEASURE( 1.000000000000000082E-05 ), #2596, 'distance_accuracy_value', 'NONE');
#2274 = LINE ( 'NONE', #3020, #3994 ) ;
#2275 = ADVANCED_FACE ( 'NONE', ( #1650 ), #553, .T. ) ;
#2276 = ADVANCED_FACE ( 'NONE', ( #2831 ), #40, .F. ) ;
#2277 = DIRECTION ( 'NONE',  ( -1.000000000000000000, 3.709206150687421386E-65, -5.304964758338859037E-17 ) ) ;
#2278 = MECHANICAL_DESIGN_GEOMETRIC_PRESENTATION_REPRESENTATION (  '', ( #2528 ), #5405 ) ;
#2279 = VERTEX_POINT ( 'NONE', #1759 ) ;
#2280 =( NAMED_UNIT ( * ) SI_UNIT ( $, .STERADIAN. ) SOLID_ANGLE_UNIT ( ) );
#2281 = LINE ( 'NONE', #123, #2042 ) ;
#2282 = ORIENTED_EDGE ( 'NONE', *, *, #4008, .F. ) ;
#2283 = ORIENTED_EDGE ( 'NONE', *, *, #6238, .T. ) ;
#2284 = CARTESIAN_POINT ( 'NONE',  ( -2.198117000527087583, 7.488015623777569931E-32, -12.14999999999999680 ) ) ;
#2285 = CARTESIAN_POINT ( 'NONE',  ( 1.262434294306124638, -1.564267433722175243E-16, -11.14999999999999680 ) ) ;
#2286 = PRESENTATION_LAYER_ASSIGNMENT (  '', '', ( #5526 ) ) ;
#2287 = LINE ( 'NONE', #6871, #7243 ) ;
#2288 = FILL_AREA_STYLE ('',( #5131 ) ) ;
#2289 = DIRECTION ( 'NONE',  ( 1.000000000000000000, 0.0000000000000000000, 6.774548571579288900E-17 ) ) ;
#2290 = VERTEX_POINT ( 'NONE', #3988 ) ;
#2291 = CARTESIAN_POINT ( 'NONE',  ( 5.114501307542912656, -15.82081811498881763, 7.241636229977656214 ) ) ;
#2292 = VECTOR ( 'NONE', #2576, 1000.000000000000000 ) ;
#2293 = DIRECTION ( 'NONE',  ( 0.0000000000000000000, -0.0000000000000000000, -1.000000000000000000 ) ) ;
#2294 = LINE ( 'NONE', #2231, #3500 ) ;
#2295 = VECTOR ( 'NONE', #4340, 1000.000000000000000 ) ;
#2296 = CARTESIAN_POINT ( 'NONE',  ( 1.571026067530226910E-15, -6.400000000000003020, -10.14999999999999503 ) ) ;
#2297 = ORIENTED_EDGE ( 'NONE', *, *, #6012, .T. ) ;
#2298 = LINE ( 'NONE', #1305, #2271 ) ;
#2299 = CARTESIAN_POINT ( 'NONE',  ( -0.4875657056938695888, -9.689448705166794795, -11.64999999999999680 ) ) ;
#2300 = DIRECTION ( 'NONE',  ( 0.7071067811865597852, -0.0000000000000000000, -0.7071067811865352493 ) ) ;
#2301 = CARTESIAN_POINT ( 'NONE',  ( 10.28045231232413492, -2.547677424264102905E-15, -10.14999999999999503 ) ) ;
#2302 = EDGE_CURVE ( 'NONE', #1591, #1947, #2235, .T. ) ;
#2303 = PRESENTATION_LAYER_ASSIGNMENT (  '', '', ( #2897 ) ) ;
#2304 = MECHANICAL_DESIGN_GEOMETRIC_PRESENTATION_REPRESENTATION (  '', ( #435 ), #1025 ) ;
#2305 = VERTEX_POINT ( 'NONE', #4609 ) ;
#2306 = EDGE_CURVE ( 'NONE', #3443, #6467, #69, .T. ) ;
#2307 = LINE ( 'NONE', #1830, #1986 ) ;
#2308 = AXIS2_PLACEMENT_3D ( 'NONE', #1841, #3478, #5771 ) ;
#2309 = PLANE ( 'NONE',  #1072 ) ;
#2310 = STYLED_ITEM ( 'NONE', ( #2936 ), #2899 ) ;
#2311 = CARTESIAN_POINT ( 'NONE',  ( 13.35751266122969128, -5.599999999999999645, 4.300192520074537228 ) ) ;
#2312 = EDGE_CURVE ( 'NONE', #2953, #1591, #6323, .T. ) ;
#2313 = CIRCLE ( 'NONE', #2912, 0.3999999999999993006 ) ;
#2314 = AXIS2_PLACEMENT_3D ( 'NONE', #2980, #74, #706 ) ;
#2315 = DIRECTION ( 'NONE',  ( 0.0000000000000000000, -0.0000000000000000000, -1.000000000000000000 ) ) ;
#2316 = EDGE_CURVE ( 'NONE', #349, #6838, #3357, .T. ) ;
#2317 = EDGE_LOOP ( 'NONE', ( #7011, #4327, #4910, #2463, #6684, #3666, #6997, #49 ) ) ;
#2318 = VECTOR ( 'NONE', #2246, 1000.000000000000000 ) ;
#2319 = VECTOR ( 'NONE', #872, 1000.000000000000000 ) ;
#2320 = MECHANICAL_DESIGN_GEOMETRIC_PRESENTATION_REPRESENTATION (  '', ( #1266 ), #4344 ) ;
#2321 = ORIENTED_EDGE ( 'NONE', *, *, #4049, .F. ) ;
#2322 = DIRECTION ( 'NONE',  ( 0.7071068623563007138, 0.0000000000000000000, -0.7071067000167851058 ) ) ;
#2323 = CARTESIAN_POINT ( 'NONE',  ( 7.241003607157344035, -9.689448705166794795, -11.14999999999999680 ) ) ;
#2324 = STYLED_ITEM ( 'NONE', ( #663 ), #1498 ) ;
#2325 = CARTESIAN_POINT ( 'NONE',  ( -0.4875657056938695888, -9.689448705166794795, -12.14999999999999680 ) ) ;
#2326 = ORIENTED_EDGE ( 'NONE', *, *, #2312, .T. ) ;
#2327 = EDGE_CURVE ( 'NONE', #55, #3263, #5040, .T. ) ;
#2328 = DIRECTION ( 'NONE',  ( -1.000000000000000000, 0.0000000000000000000, -6.774548571579288900E-17 ) ) ;
#2329 = VERTEX_POINT ( 'NONE', #6254 ) ;
#2330 = LINE ( 'NONE', #2782, #2210 ) ;
#2331 = ORIENTED_EDGE ( 'NONE', *, *, #2061, .F. ) ;
#2332 = PRESENTATION_LAYER_ASSIGNMENT (  '', '', ( #111 ) ) ;
#2333 = VECTOR ( 'NONE', #380, 1000.000000000000000 ) ;
#2334 = CARTESIAN_POINT ( 'NONE',  ( 1.624075715113615433E-15, -6.400000000000003020, -11.14999999999999680 ) ) ;
#2335 = VECTOR ( 'NONE', #6035, 1000.000000000000000 ) ;
#2336 = CARTESIAN_POINT ( 'NONE',  ( 7.965828276551891570E-16, -11.40000000000000036, -11.64999999999999680 ) ) ;
#2337 = LINE ( 'NONE', #3979, #6513 ) ;
#2338 = CARTESIAN_POINT ( 'NONE',  ( 16.34999999999999787, -4.599999999999999645, 12.15000000000000391 ) ) ;
#2339 = ORIENTED_EDGE ( 'NONE', *, *, #5486, .F. ) ;
#2340 = CARTESIAN_POINT ( 'NONE',  ( -14.87499993203147497, -12.30000000000000071, -8.225000000000099121 ) ) ;
#2341 = DIRECTION ( 'NONE',  ( -0.5773502691897141048, -0.5773502691895999739, 0.5773502691895631145 ) ) ;
#2342 = CARTESIAN_POINT ( 'NONE',  ( 14.35000000000000142, -12.59999999999999964, -8.149999999999986144 ) ) ;
#2343 = UNCERTAINTY_MEASURE_WITH_UNIT (LENGTH_MEASURE( 1.000000000000000082E-05 ), #6837, 'distance_accuracy_value', 'NONE');
#2344 = VERTEX_POINT ( 'NONE', #5083 ) ;
#2345 = CARTESIAN_POINT ( 'NONE',  ( -14.97499996851784942, -18.61923881554287519, -5.724999986169907018 ) ) ;
#2346 = EDGE_CURVE ( 'NONE', #2470, #6838, #5757, .T. ) ;
#2347 = DIRECTION ( 'NONE',  ( 0.0000000000000000000, 0.0000000000000000000, 1.000000000000000000 ) ) ;
#2348 = DIRECTION ( 'NONE',  ( 5.304964758338859037E-17, -0.0000000000000000000, -1.000000000000000000 ) ) ;
#2349 = ORIENTED_EDGE ( 'NONE', *, *, #674, .T. ) ;
#2350 = LINE ( 'NONE', #6595, #6896 ) ;
#2351 = FACE_BOUND ( 'NONE', #5728, .T. ) ;
#2352 = EDGE_LOOP ( 'NONE', ( #2599, #224, #1320, #3239 ) ) ;
#2353 = ORIENTED_EDGE ( 'NONE', *, *, #5533, .T. ) ;
#2354 = CARTESIAN_POINT ( 'NONE',  ( -0.4875657056938695888, -9.689448705166794795, -11.64999999999999680 ) ) ;
#2355 = DIRECTION ( 'NONE',  ( -2.615429240703412178E-13, 0.0000000000000000000, 1.000000000000000000 ) ) ;
#2356 = EDGE_CURVE ( 'NONE', #3734, #2864, #4499, .T. ) ;
#2357 = STYLED_ITEM ( 'NONE', ( #4098 ), #2142 ) ;
#2358 = DIRECTION ( 'NONE',  ( 0.0000000000000000000, -0.0000000000000000000, 1.000000000000000000 ) ) ;
#2359 = EDGE_CURVE ( 'NONE', #4202, #7250, #6, .T. ) ;
#2360 = VERTEX_POINT ( 'NONE', #112 ) ;
#2361 = VERTEX_POINT ( 'NONE', #6818 ) ;
#2362 = CARTESIAN_POINT ( 'NONE',  ( 0.0000000000000000000, -6.899999999999999467, 10.21245434496620952 ) ) ;
#2363 = CARTESIAN_POINT ( 'NONE',  ( -9.916666645680184189, -17.25833332283900035, -10.13333330900838902 ) ) ;
#2364 = ORIENTED_EDGE ( 'NONE', *, *, #3358, .F. ) ;
#2365 = LINE ( 'NONE', #2334, #2091 ) ;
#2366 = DIRECTION ( 'NONE',  ( -0.0000000000000000000, -1.000000000000000000, 0.0000000000000000000 ) ) ;
#2367 = DIRECTION ( 'NONE',  ( -0.7071067159904811383, 0.0000000000000000000, -0.7071068463826079009 ) ) ;
#2368 = EDGE_CURVE ( 'NONE', #3126, #5847, #1683, .T. ) ;
#2369 = ADVANCED_FACE ( 'NONE', ( #3946 ), #1127, .T. ) ;
#2370 = AXIS2_PLACEMENT_3D ( 'NONE', #5725, #6224, #5147 ) ;
#2371 = CARTESIAN_POINT ( 'NONE',  ( -1.777014410860665583, -11.40000000000000036, -11.64999999999999680 ) ) ;
#2372 = DIRECTION ( 'NONE',  ( 0.0000000000000000000, 1.000000000000000000, 0.0000000000000000000 ) ) ;
#2373 = SURFACE_SIDE_STYLE ('',( #5717 ) ) ;
#2374 = LINE ( 'NONE', #4639, #6181 ) ;
#2375 = VECTOR ( 'NONE', #5629, 1000.000000000000000 ) ;
#2376 = EDGE_LOOP ( 'NONE', ( #1034, #6020, #7348, #3837 ) ) ;
#2377 = CARTESIAN_POINT ( 'NONE',  ( 1.571026067530226910E-15, -6.400000000000003020, -10.14999999999999503 ) ) ;
#2378 = LINE ( 'NONE', #6359, #220 ) ;
#2379 = EDGE_LOOP ( 'NONE', ( #6010, #3935, #2818, #5124 ) ) ;
#2380 = CARTESIAN_POINT ( 'NONE',  ( 0.0000000000000000000, 0.0000000000000000000, 0.0000000000000000000 ) ) ;
#2381 = VERTEX_POINT ( 'NONE', #2941 ) ;
#2382 = PLANE ( 'NONE',  #2314 ) ;
#2383 = PRODUCT_DEFINITION_FORMATION_WITH_SPECIFIED_SOURCE ( 'ANY', '', #1957, .NOT_KNOWN. ) ;
#2384 = DIRECTION ( 'NONE',  ( 0.0000000000000000000, -1.000000000000000000, 0.0000000000000000000 ) ) ;
#2385 = SURFACE_SIDE_STYLE ('',( #3471 ) ) ;
#2386 = ORIENTED_EDGE ( 'NONE', *, *, #6183, .T. ) ;
#2387 = VECTOR ( 'NONE', #2026, 1000.000000000000000 ) ;
#2388 = LINE ( 'NONE', #855, #6182 ) ;
#2389 = LINE ( 'NONE', #6416, #5455 ) ;
#2390 = ORIENTED_EDGE ( 'NONE', *, *, #6410, .T. ) ;
#2391 = ORIENTED_EDGE ( 'NONE', *, *, #5628, .F. ) ;
#2392 = DIRECTION ( 'NONE',  ( -1.000000000000000000, 0.0000000000000000000, 0.0000000000000000000 ) ) ;
#2393 = DIRECTION ( 'NONE',  ( 1.000000000000000000, 0.0000000000000000000, 6.774548571579288900E-17 ) ) ;
#2394 = DIRECTION ( 'NONE',  ( -0.0000000000000000000, 1.000000000000000000, -0.0000000000000000000 ) ) ;
#2395 = PRESENTATION_LAYER_ASSIGNMENT (  '', '', ( #5643 ) ) ;
#2396 = EDGE_LOOP ( 'NONE', ( #5555, #2429, #1958, #6250 ) ) ;
#2397 = CARTESIAN_POINT ( 'NONE',  ( 0.0000000000000000000, -6.899999999999999467, 11.78745434496620703 ) ) ;
#2398 = PRESENTATION_STYLE_ASSIGNMENT (( #4151 ) ) ;
#2399 = DIRECTION ( 'NONE',  ( -1.000000000000000000, 0.0000000000000000000, 7.885106708985469312E-16 ) ) ;
#2400 = EDGE_CURVE ( 'NONE', #7182, #6495, #1787, .T. ) ;
#2401 = ORIENTED_EDGE ( 'NONE', *, *, #2022, .T. ) ;
#2402 = STYLED_ITEM ( 'NONE', ( #3354 ), #6768 ) ;
#2403 = DIRECTION ( 'NONE',  ( 1.577021341797096623E-15, 0.0000000000000000000, 1.000000000000000000 ) ) ;
#2404 = SURFACE_STYLE_FILL_AREA ( #1162 ) ;
#2405 = ADVANCED_FACE ( 'NONE', ( #2461 ), #6476, .F. ) ;
#2406 = LINE ( 'NONE', #3489, #341 ) ;
#2407 = DIRECTION ( 'NONE',  ( -5.304964758338859037E-17, 0.0000000000000000000, 1.000000000000000000 ) ) ;
#2408 = ORIENTED_EDGE ( 'NONE', *, *, #3013, .T. ) ;
#2409 = CARTESIAN_POINT ( 'NONE',  ( -0.3563168074456526391, -6.899999999999999467, 10.86245434496620987 ) ) ;
#2410 = ADVANCED_FACE ( 'NONE', ( #4055 ), #4729, .F. ) ;
#2411 = CARTESIAN_POINT ( 'NONE',  ( -15.90000000000000391, -6.899999999999999467, -4.150000068874811099 ) ) ;
#2412 = EDGE_CURVE ( 'NONE', #1293, #6532, #2378, .T. ) ;
#2413 = VECTOR ( 'NONE', #6730, 1000.000000000000000 ) ;
#2414 = EDGE_LOOP ( 'NONE', ( #4973, #6792, #1010, #2164 ) ) ;
#2415 = VECTOR ( 'NONE', #2300, 1000.000000000000000 ) ;
#2416 = CARTESIAN_POINT ( 'NONE',  ( 13.35751266122969128, -4.599999999999999645, 0.0000000000000000000 ) ) ;
#2417 =( GEOMETRIC_REPRESENTATION_CONTEXT ( 3 ) GLOBAL_UNCERTAINTY_ASSIGNED_CONTEXT ( ( #7080 ) ) GLOBAL_UNIT_ASSIGNED_CONTEXT ( ( #2823, #648, #6845 ) ) REPRESENTATION_CONTEXT ( 'NONE', 'WORKASPACE' ) );
#2418 = EDGE_CURVE ( 'NONE', #6929, #1478, #3539, .T. ) ;
#2419 = VERTEX_POINT ( 'NONE', #4646 ) ;
#2420 = CARTESIAN_POINT ( 'NONE',  ( 10.28045231232413137, -13.40000000000000391, -11.14999999999999680 ) ) ;
#2421 = UNCERTAINTY_MEASURE_WITH_UNIT (LENGTH_MEASURE( 1.000000000000000082E-05 ), #3261, 'distance_accuracy_value', 'NONE');
#2422 = ORIENTED_EDGE ( 'NONE', *, *, #3377, .F. ) ;
#2423 = LINE ( 'NONE', #5233, #1733 ) ;
#2424 = LINE ( 'NONE', #4948, #105 ) ;
#2425 = EDGE_LOOP ( 'NONE', ( #2575, #1168, #1447, #5663, #4952, #669, #3941, #424, #1692, #1210, #3345, #279, #188, #1687, #5214, #6480 ) ) ;
#2426 = CARTESIAN_POINT ( 'NONE',  ( 6.819901017490917816, 1.971773733146600697E-15, -10.14999999999999503 ) ) ;
#2427 = DIRECTION ( 'NONE',  ( -0.7071067811865556774, 0.0000000000000000000, 0.7071067811865393571 ) ) ;
#2428 = ORIENTED_EDGE ( 'NONE', *, *, #5628, .T. ) ;
#2429 = ORIENTED_EDGE ( 'NONE', *, *, #4176, .F. ) ;
#2430 = DIRECTION ( 'NONE',  ( 3.202566417188799645E-14, 0.0000000000000000000, -1.000000000000000000 ) ) ;
#2431 = CARTESIAN_POINT ( 'NONE',  ( 7.023125181477018465E-16, 6.871718041573652269E-32, -10.14999999999999503 ) ) ;
#2432 = VECTOR ( 'NONE', #1224, 1000.000000000000000 ) ;
#2433 = CARTESIAN_POINT ( 'NONE',  ( -1.777014410860665583, -11.40000000000000036, -12.14999999999999680 ) ) ;
#2434 = VECTOR ( 'NONE', #463, 1000.000000000000000 ) ;
#2435 = ORIENTED_EDGE ( 'NONE', *, *, #3731, .F. ) ;
#2436 = CARTESIAN_POINT ( 'NONE',  ( -15.90000000000000391, -6.899999999999999467, -6.949999999999989519 ) ) ;
#2437 = AXIS2_PLACEMENT_3D ( 'NONE', #2756, #4495, #2723 ) ;
#2438 = DIRECTION ( 'NONE',  ( -0.0000000000000000000, 1.000000000000000000, -0.0000000000000000000 ) ) ;
#2439 = VECTOR ( 'NONE', #5381, 1000.000000000000000 ) ;
#2440 = LINE ( 'NONE', #1291, #5755 ) ;
#2441 = CARTESIAN_POINT ( 'NONE',  ( -11.50000000000000000, -3.000000000000000000, 11.40000000000000568 ) ) ;
#2442 = ORIENTED_EDGE ( 'NONE', *, *, #593, .T. ) ;
#2443 = AXIS2_PLACEMENT_3D ( 'NONE', #7155, #5997, #3133 ) ;
#2444 =( GEOMETRIC_REPRESENTATION_CONTEXT ( 3 ) GLOBAL_UNCERTAINTY_ASSIGNED_CONTEXT ( ( #2065 ) ) GLOBAL_UNIT_ASSIGNED_CONTEXT ( ( #3887, #5009, #3954 ) ) REPRESENTATION_CONTEXT ( 'NONE', 'WORKASPACE' ) );
#2445 = CARTESIAN_POINT ( 'NONE',  ( -2.752193330331060754E-14, -12.30000000000000071, 10.31245434496621272 ) ) ;
#2446 = VECTOR ( 'NONE', #601, 1000.000000000000000 ) ;
#2447 = VECTOR ( 'NONE', #2399, 1000.000000000000000 ) ;
#2448 = EDGE_CURVE ( 'NONE', #5858, #888, #5834, .T. ) ;
#2449 = DIRECTION ( 'NONE',  ( -0.0000000000000000000, 1.000000000000000000, -0.0000000000000000000 ) ) ;
#2450 = AXIS2_PLACEMENT_3D ( 'NONE', #2714, #4988, #4446 ) ;
#2451 = CIRCLE ( 'NONE', #3645, 2.000000000000000000 ) ;
#2452 = CARTESIAN_POINT ( 'NONE',  ( 0.0000000000000000000, -5.599999999999999645, 0.0000000000000000000 ) ) ;
#2453 = ORIENTED_EDGE ( 'NONE', *, *, #1590, .F. ) ;
#2454 = EDGE_LOOP ( 'NONE', ( #3600, #2829, #4118, #5181 ) ) ;
#2455 = FACE_OUTER_BOUND ( 'NONE', #3379, .T. ) ;
#2456 = CARTESIAN_POINT ( 'NONE',  ( -10.39999994562513486, -12.59999999999999964, -12.14999999999999858 ) ) ;
#2457 = VERTEX_POINT ( 'NONE', #7003 ) ;
#2458 = PLANE ( 'NONE',  #3587 ) ;
#2459 = SURFACE_SIDE_STYLE ('',( #7073 ) ) ;
#2460 = EDGE_CURVE ( 'NONE', #6569, #3110, #734, .T. ) ;
#2461 = FACE_OUTER_BOUND ( 'NONE', #2249, .T. ) ;
#2462 = ADVANCED_FACE ( 'NONE', ( #6960 ), #5795, .T. ) ;
#2463 = ORIENTED_EDGE ( 'NONE', *, *, #4547, .T. ) ;
#2464 = FACE_BOUND ( 'NONE', #4393, .T. ) ;
#2465 = ORIENTED_EDGE ( 'NONE', *, *, #4046, .F. ) ;
#2466 = CARTESIAN_POINT ( 'NONE',  ( -15.90000000000000036, -4.599999999999999645, -9.449999999999999289 ) ) ;
#2467 = EDGE_CURVE ( 'NONE', #5282, #2878, #1345, .T. ) ;
#2468 = FACE_OUTER_BOUND ( 'NONE', #3494, .T. ) ;
#2469 = EDGE_CURVE ( 'NONE', #3779, #1026, #7075, .T. ) ;
#2470 = VERTEX_POINT ( 'NONE', #1307 ) ;
#2471 = DIRECTION ( 'NONE',  ( -2.891205793294677833E-16, 1.000000000000000000, -1.342363825506707313E-32 ) ) ;
#2472 = EDGE_LOOP ( 'NONE', ( #6865, #3011, #5738, #5161 ) ) ;
#2473 = ORIENTED_EDGE ( 'NONE', *, *, #1877, .T. ) ;
#2474 =( NAMED_UNIT ( * ) SI_UNIT ( $, .STERADIAN. ) SOLID_ANGLE_UNIT ( ) );
#2475 = DIRECTION ( 'NONE',  ( -1.000000000000000000, 4.119479477319223187E-15, 0.0000000000000000000 ) ) ;
#2476 = FILL_AREA_STYLE_COLOUR ( '', #1419 ) ;
#2477 = ORIENTED_EDGE ( 'NONE', *, *, #6314, .T. ) ;
#2478 = LINE ( 'NONE', #5854, #2907 ) ;
#2479 = DIRECTION ( 'NONE',  ( 0.0000000000000000000, 1.000000000000000000, 0.0000000000000000000 ) ) ;
#2480 = CARTESIAN_POINT ( 'NONE',  ( 11.49999999999999822, -3.000000000000000000, -11.50000000000000000 ) ) ;
#2481 = ORIENTED_EDGE ( 'NONE', *, *, #6440, .F. ) ;
#2482 = DIRECTION ( 'NONE',  ( -1.427755947306013918E-16, -0.0000000000000000000, -1.000000000000000000 ) ) ;
#2483 = VECTOR ( 'NONE', #5326, 1000.000000000000000 ) ;
#2484 =( NAMED_UNIT ( * ) PLANE_ANGLE_UNIT ( ) SI_UNIT ( $, .RADIAN. ) );
#2485 = DIRECTION ( 'NONE',  ( -0.7071067811865230368, 0.7071067811865721087, 0.0000000000000000000 ) ) ;
#2486 = AXIS2_PLACEMENT_3D ( 'NONE', #6565, #7047, #1913 ) ;
#2487 = PLANE ( 'NONE',  #6044 ) ;
#2488 = ORIENTED_EDGE ( 'NONE', *, *, #4462, .F. ) ;
#2489 = EDGE_LOOP ( 'NONE', ( #1938, #3076, #1621 ) ) ;
#2490 = CARTESIAN_POINT ( 'NONE',  ( 5.530452312324126041, -9.689448705166794795, -11.64999999999999680 ) ) ;
#2491 = DIRECTION ( 'NONE',  ( 0.0000000000000000000, 0.0000000000000000000, -1.000000000000000000 ) ) ;
#2492 = ADVANCED_FACE ( 'NONE', ( #5270 ), #4689, .F. ) ;
#2493 = VERTEX_POINT ( 'NONE', #775 ) ;
#2494 = DIRECTION ( 'NONE',  ( 5.304964758338859037E-17, 0.0000000000000000000, -1.000000000000000000 ) ) ;
#2495 = PLANE ( 'NONE',  #5522 ) ;
#2496 = DIRECTION ( 'NONE',  ( 0.0000000000000000000, 0.0000000000000000000, 1.000000000000000000 ) ) ;
#2497 = AXIS2_PLACEMENT_3D ( 'NONE', #3598, #5252, #6576 ) ;
#2498 = EDGE_CURVE ( 'NONE', #2381, #5295, #3037, .T. ) ;
#2499 = ORIENTED_EDGE ( 'NONE', *, *, #6720, .T. ) ;
#2500 = CARTESIAN_POINT ( 'NONE',  ( 0.0000000000000000000, -12.59999999999999964, 0.0000000000000000000 ) ) ;
#2501 = UNCERTAINTY_MEASURE_WITH_UNIT (LENGTH_MEASURE( 1.000000000000000082E-05 ), #6178, 'distance_accuracy_value', 'NONE');
#2502 = ORIENTED_EDGE ( 'NONE', *, *, #6783, .F. ) ;
#2503 = CARTESIAN_POINT ( 'NONE',  ( -1.931316807445652595, -6.899999999999999467, 9.587454344966207742 ) ) ;
#2504 = EDGE_CURVE ( 'NONE', #6734, #490, #3615, .T. ) ;
#2505 = CARTESIAN_POINT ( 'NONE',  ( 14.34999999999999609, -12.20000000000000107, 10.15000000000000391 ) ) ;
#2506 = VERTEX_POINT ( 'NONE', #5916 ) ;
#2507 = SURFACE_STYLE_USAGE ( .BOTH. , #1837 ) ;
#2508 = FACE_OUTER_BOUND ( 'NONE', #2886, .T. ) ;
#2509 = ADVANCED_FACE ( 'NONE', ( #293 ), #815, .F. ) ;
#2510 = ORIENTED_EDGE ( 'NONE', *, *, #719, .T. ) ;
#2511 = EDGE_CURVE ( 'NONE', #3810, #6428, #4825, .T. ) ;
#2512 = ORIENTED_EDGE ( 'NONE', *, *, #6493, .F. ) ;
#2513 = FACE_OUTER_BOUND ( 'NONE', #5530, .T. ) ;
#2514 = FACE_OUTER_BOUND ( 'NONE', #5469, .T. ) ;
#2515 = ORIENTED_EDGE ( 'NONE', *, *, #3141, .F. ) ;
#2516 = DIRECTION ( 'NONE',  ( -5.304964758338859037E-17, 0.0000000000000000000, 1.000000000000000000 ) ) ;
#2517 = DIRECTION ( 'NONE',  ( -1.000000000000000000, 2.891205793294679312E-16, -5.304964758338859037E-17 ) ) ;
#2518 = DIRECTION ( 'NONE',  ( 0.0000000000000000000, 1.000000000000000000, 0.0000000000000000000 ) ) ;
#2519 = DIRECTION ( 'NONE',  ( 6.774548571579288900E-17, 6.162975822039153361E-33, -1.000000000000000000 ) ) ;
#2520 = ORIENTED_EDGE ( 'NONE', *, *, #3230, .T. ) ;
#2521 = EDGE_CURVE ( 'NONE', #6842, #3681, #3747, .T. ) ;
#2522 = DIRECTION ( 'NONE',  ( 0.7071067811865398012, 0.0000000000000000000, 0.7071067811865552333 ) ) ;
#2523 = MECHANICAL_DESIGN_GEOMETRIC_PRESENTATION_REPRESENTATION (  '', ( #2166 ), #7074 ) ;
#2524 = CARTESIAN_POINT ( 'NONE',  ( -15.90000000000000391, -6.899999999999999467, -6.350000068874810388 ) ) ;
#2525 = PRESENTATION_STYLE_ASSIGNMENT (( #5038 ) ) ;
#2526 = LINE ( 'NONE', #3888, #6650 ) ;
#2527 = LINE ( 'NONE', #6466, #673 ) ;
#2528 = STYLED_ITEM ( 'NONE', ( #2260 ), #6575 ) ;
#2529 = AXIS2_PLACEMENT_3D ( 'NONE', #1229, #7038, #5228 ) ;
#2530 = ORIENTED_EDGE ( 'NONE', *, *, #1604, .T. ) ;
#2531 = ORIENTED_EDGE ( 'NONE', *, *, #5067, .T. ) ;
#2532 = CARTESIAN_POINT ( 'NONE',  ( -14.35000000000000320, -12.20000000000000107, 8.150000000000003908 ) ) ;
#2533 = PRESENTATION_STYLE_ASSIGNMENT (( #2023 ) ) ;
#2534 = ORIENTED_EDGE ( 'NONE', *, *, #4089, .T. ) ;
#2535 = CARTESIAN_POINT ( 'NONE',  ( -13.69999990937522583, -4.599999999999999645, -6.649999999999994138 ) ) ;
#2536 = LINE ( 'NONE', #6555, #5644 ) ;
#2537 = DIRECTION ( 'NONE',  ( -1.000000000000000000, 3.709206150687421386E-65, -5.304964758338859037E-17 ) ) ;
#2538 = CARTESIAN_POINT ( 'NONE',  ( 11.45000000000049667, -3.000000000000000000, -11.44999999999950369 ) ) ;
#2539 = EDGE_LOOP ( 'NONE', ( #7255, #5218, #156, #2283 ) ) ;
#2540 = LINE ( 'NONE', #964, #5564 ) ;
#2541 = ORIENTED_EDGE ( 'NONE', *, *, #6302, .F. ) ;
#2542 = DIRECTION ( 'NONE',  ( 0.0000000000000000000, 0.0000000000000000000, 1.000000000000000000 ) ) ;
#2543 = VECTOR ( 'NONE', #1532, 1000.000000000000000 ) ;
#2544 = CARTESIAN_POINT ( 'NONE',  ( -11.50000000000000000, -3.000000000000000000, 11.40000000000000568 ) ) ;
#2545 = EDGE_CURVE ( 'NONE', #6838, #1566, #4824, .T. ) ;
#2546 = CARTESIAN_POINT ( 'NONE',  ( 6.819901017490920481, -8.400000000000000355, -12.14999999999999680 ) ) ;
#2547 = CARTESIAN_POINT ( 'NONE',  ( 0.0000000000000000000, -12.30000000000000071, 0.0000000000000000000 ) ) ;
#2548 = AXIS2_PLACEMENT_3D ( 'NONE', #3123, #5416, #761 ) ;
#2549 = ORIENTED_EDGE ( 'NONE', *, *, #6961, .F. ) ;
#2550 = ORIENTED_EDGE ( 'NONE', *, *, #6873, .F. ) ;
#2551 = PLANE ( 'NONE',  #925 ) ;
#2552 = DIRECTION ( 'NONE',  ( 4.119479477319231864E-15, 1.000000000000000000, 2.185369344987871010E-31 ) ) ;
#2553 = CARTESIAN_POINT ( 'NONE',  ( 0.0000000000000000000, 0.0000000000000000000, 0.0000000000000000000 ) ) ;
#2554 = VECTOR ( 'NONE', #7168, 1000.000000000000000 ) ;
#2555 = ADVANCED_FACE ( 'NONE', ( #6685 ), #5480, .T. ) ;
#2556 = ADVANCED_FACE ( 'NONE', ( #4938 ), #3787, .T. ) ;
#2557 = LINE ( 'NONE', #2009, #1737 ) ;
#2558 = CARTESIAN_POINT ( 'NONE',  ( -14.97499993203133606, -18.61923881554287519, -7.575000000000077449 ) ) ;
#2559 = PLANE ( 'NONE',  #404 ) ;
#2560 = VERTEX_POINT ( 'NONE', #975 ) ;
#2561 = AXIS2_PLACEMENT_3D ( 'NONE', #3905, #1714, #63 ) ;
#2562 = DIRECTION ( 'NONE',  ( 2.668805347656532354E-13, 0.0000000000000000000, -1.000000000000000000 ) ) ;
#2563 = STYLED_ITEM ( 'NONE', ( #2887 ), #4806 ) ;
#2564 = CARTESIAN_POINT ( 'NONE',  ( 16.34999999999999787, -4.599999999999999645, -12.14999999999999680 ) ) ;
#2565 = FACE_OUTER_BOUND ( 'NONE', #176, .T. ) ;
#2566 = LINE ( 'NONE', #876, #2214 ) ;
#2567 = AXIS2_PLACEMENT_3D ( 'NONE', #5908, #327, #5343 ) ;
#2568 = EDGE_CURVE ( 'NONE', #3065, #6521, #2116, .T. ) ;
#2569 = VECTOR ( 'NONE', #6780, 1000.000000000000000 ) ;
#2570 =( GEOMETRIC_REPRESENTATION_CONTEXT ( 3 ) GLOBAL_UNCERTAINTY_ASSIGNED_CONTEXT ( ( #450 ) ) GLOBAL_UNIT_ASSIGNED_CONTEXT ( ( #1196, #6812, #2856 ) ) REPRESENTATION_CONTEXT ( 'NONE', 'WORKASPACE' ) );
#2571 = CARTESIAN_POINT ( 'NONE',  ( -14.87499996012876480, -12.30000000000000071, -5.279897765517842924E-12 ) ) ;
#2572 = ORIENTED_EDGE ( 'NONE', *, *, #3663, .F. ) ;
#2573 = AXIS2_PLACEMENT_3D ( 'NONE', #61, #6810, #2293 ) ;
#2574 = AXIS2_PLACEMENT_3D ( 'NONE', #7045, #6002, #859 ) ;
#2575 = ORIENTED_EDGE ( 'NONE', *, *, #507, .T. ) ;
#2576 = DIRECTION ( 'NONE',  ( -1.000000000000000000, 0.0000000000000000000, 0.0000000000000000000 ) ) ;
#2577 = STYLED_ITEM ( 'NONE', ( #3709 ), #2555 ) ;
#2578 = VECTOR ( 'NONE', #177, 1000.000000000000000 ) ;
#2579 = DIRECTION ( 'NONE',  ( -0.0000000000000000000, 1.000000000000000000, -0.0000000000000000000 ) ) ;
#2580 = VECTOR ( 'NONE', #3404, 1000.000000000000227 ) ;
#2581 = MECHANICAL_DESIGN_GEOMETRIC_PRESENTATION_REPRESENTATION (  '', ( #3176 ), #345 ) ;
#2582 = CARTESIAN_POINT ( 'NONE',  ( -4.616548321378394283E-14, -11.39999999999997193, -11.64999999999999680 ) ) ;
#2583 = VERTEX_POINT ( 'NONE', #1007 ) ;
#2584 = LINE ( 'NONE', #6000, #3395 ) ;
#2585 = UNCERTAINTY_MEASURE_WITH_UNIT (LENGTH_MEASURE( 1.000000000000000082E-05 ), #7098, 'distance_accuracy_value', 'NONE');
#2586 = ORIENTED_EDGE ( 'NONE', *, *, #2184, .T. ) ;
#2587 = DIRECTION ( 'NONE',  ( -0.7071067811865782149, 0.0000000000000000000, 0.7071067811865169306 ) ) ;
#2588 = DIRECTION ( 'NONE',  ( -0.5773502691895824324, 0.5773502691896925665, -0.5773502691896024164 ) ) ;
#2589 = LINE ( 'NONE', #4854, #765 ) ;
#2590 = LINE ( 'NONE', #4855, #5940 ) ;
#2591 = VERTEX_POINT ( 'NONE', #5408 ) ;
#2592 = ORIENTED_EDGE ( 'NONE', *, *, #6819, .T. ) ;
#2593 = EDGE_CURVE ( 'NONE', #296, #2305, #2557, .T. ) ;
#2594 = CARTESIAN_POINT ( 'NONE',  ( 14.85000000000000675, -3.000000000000000000, -1.000000000000003331 ) ) ;
#2595 = FILL_AREA_STYLE ('',( #1443 ) ) ;
#2596 =( LENGTH_UNIT ( ) NAMED_UNIT ( * ) SI_UNIT ( .MILLI., .METRE. ) );
#2597 = LINE ( 'NONE', #3850, #5743 ) ;
#2598 = CARTESIAN_POINT ( 'NONE',  ( -2.231316807445653083, -4.599999999999999645, 9.287454344966207032 ) ) ;
#2599 = ORIENTED_EDGE ( 'NONE', *, *, #405, .T. ) ;
#2600 = CARTESIAN_POINT ( 'NONE',  ( 11.40000000000000213, -0.09999999999999592548, 11.50000000000000178 ) ) ;
#2601 = EDGE_CURVE ( 'NONE', #6308, #4841, #5122, .T. ) ;
#2602 = DIRECTION ( 'NONE',  ( -1.000000000000000000, 0.0000000000000000000, -2.668805347656623326E-15 ) ) ;
#2603 = DIRECTION ( 'NONE',  ( -0.0000000000000000000, 1.000000000000000000, -0.0000000000000000000 ) ) ;
#2604 = EDGE_CURVE ( 'NONE', #1947, #6695, #3890, .T. ) ;
#2605 = DIRECTION ( 'NONE',  ( 2.891205793294679312E-16, 1.000000000000000000, 2.574958989914538807E-32 ) ) ;
#2606 = ORIENTED_EDGE ( 'NONE', *, *, #3584, .F. ) ;
#2607 = VERTEX_POINT ( 'NONE', #634 ) ;
#2608 = LINE ( 'NONE', #3829, #4827 ) ;
#2609 = ADVANCED_FACE ( 'NONE', ( #5014 ), #1693, .F. ) ;
#2610 = CARTESIAN_POINT ( 'NONE',  ( 11.49999999999999822, -0.09999999999999592548, -11.39999999999999503 ) ) ;
#2611 = EDGE_CURVE ( 'NONE', #6139, #1658, #2769, .T. ) ;
#2612 = CARTESIAN_POINT ( 'NONE',  ( 13.35751266122969128, -5.599999999999999645, 4.300192520074537228 ) ) ;
#2613 = CIRCLE ( 'NONE', #3679, 8.201829064300508065 ) ;
#2614 = PLANE ( 'NONE',  #1379 ) ;
#2615 = CARTESIAN_POINT ( 'NONE',  ( -0.3563168074456526391, -18.61923881554287519, 0.0000000000000000000 ) ) ;
#2616 = PRESENTATION_LAYER_ASSIGNMENT (  '', '', ( #31 ) ) ;
#2617 = ORIENTED_EDGE ( 'NONE', *, *, #4925, .T. ) ;
#2618 = LINE ( 'NONE', #6597, #91 ) ;
#2619 = ORIENTED_EDGE ( 'NONE', *, *, #3778, .T. ) ;
#2620 = DIRECTION ( 'NONE',  ( 6.774548571579288900E-17, 6.162975822039153361E-33, -1.000000000000000000 ) ) ;
#2621 = DIRECTION ( 'NONE',  ( 2.615429240703412178E-13, 0.0000000000000000000, -1.000000000000000000 ) ) ;
#2622 = AXIS2_PLACEMENT_3D ( 'NONE', #5132, #3380, #2820 ) ;
#2623 = LINE ( 'NONE', #895, #6097 ) ;
#2624 = DIRECTION ( 'NONE',  ( 0.7071067683702687567, 0.0000000000000000000, -0.7071067940028260557 ) ) ;
#2625 = ORIENTED_EDGE ( 'NONE', *, *, #6449, .F. ) ;
#2626 = DIRECTION ( 'NONE',  ( -0.0000000000000000000, 0.0000000000000000000, 1.000000000000000000 ) ) ;
#2627 = AXIS2_PLACEMENT_3D ( 'NONE', #6794, #5209, #5665 ) ;
#2628 = FILL_AREA_STYLE_COLOUR ( '', #325 ) ;
#2629 = PLANE ( 'NONE',  #6925 ) ;
#2630 = ORIENTED_EDGE ( 'NONE', *, *, #422, .F. ) ;
#2631 = CARTESIAN_POINT ( 'NONE',  ( -4.474999999999823785, -6.899999999999999467, 4.474999999999926814 ) ) ;
#2632 = DIRECTION ( 'NONE',  ( 0.0000000000000000000, 0.0000000000000000000, 1.000000000000000000 ) ) ;
#2633 = ORIENTED_EDGE ( 'NONE', *, *, #1722, .F. ) ;
#2634 = CARTESIAN_POINT ( 'NONE',  ( -14.32499996851920621, -6.899999999999999467, -3.746602379074059162E-12 ) ) ;
#2635 = CARTESIAN_POINT ( 'NONE',  ( -14.97499996012875556, -12.20000000000000462, -5.315392876641672077E-12 ) ) ;
#2636 = COLOUR_RGB ( '',0.0000000000000000000, 0.007843137254901960675, 0.02745098039215686236 ) ;
#2637 = EDGE_CURVE ( 'NONE', #2040, #2506, #5735, .T. ) ;
#2638 = LINE ( 'NONE', #4905, #4456 ) ;
#2639 = ORIENTED_EDGE ( 'NONE', *, *, #1676, .F. ) ;
#2640 = ORIENTED_EDGE ( 'NONE', *, *, #3064, .T. ) ;
#2641 = CARTESIAN_POINT ( 'NONE',  ( 0.8686831925543443411, -6.899999999999999467, 11.78745434496620703 ) ) ;
#2642 = COLOUR_RGB ( '',0.1137254901960784298, 0.1137254901960784298, 0.1137254901960784298 ) ;
#2643 = EDGE_LOOP ( 'NONE', ( #3311, #1996, #517, #1872 ) ) ;
#2644 = ADVANCED_FACE ( 'NONE', ( #4586 ), #5595, .T. ) ;
#2645 = CARTESIAN_POINT ( 'NONE',  ( -0.4875657056938695888, -10.11055129483321835, -11.64999999999999680 ) ) ;
#2646 = DIRECTION ( 'NONE',  ( 0.0000000000000000000, 0.0000000000000000000, -1.000000000000000000 ) ) ;
#2647 = DIRECTION ( 'NONE',  ( 1.000000000000000000, 0.0000000000000000000, 2.668805347656626481E-15 ) ) ;
#2648 = VECTOR ( 'NONE', #4501, 1000.000000000000000 ) ;
#2649 = VECTOR ( 'NONE', #5980, 1000.000000000000000 ) ;
#2650 = EDGE_CURVE ( 'NONE', #4014, #6521, #4438, .T. ) ;
#2651 = ADVANCED_FACE ( 'NONE', ( #4511 ), #3333, .F. ) ;
#2652 = ORIENTED_EDGE ( 'NONE', *, *, #3856, .T. ) ;
#2653 = SURFACE_SIDE_STYLE ('',( #6080 ) ) ;
#2654 = VECTOR ( 'NONE', #392, 1000.000000000000000 ) ;
#2655 = UNCERTAINTY_MEASURE_WITH_UNIT (LENGTH_MEASURE( 1.000000000000000082E-05 ), #5017, 'distance_accuracy_value', 'NONE');
#2656 = EDGE_LOOP ( 'NONE', ( #1346, #2606 ) ) ;
#2657 = ADVANCED_FACE ( 'NONE', ( #6866 ), #5048, .F. ) ;
#2658 = LINE ( 'NONE', #5586, #2836 ) ;
#2659 = LINE ( 'NONE', #2073, #3296 ) ;
#2660 = EDGE_LOOP ( 'NONE', ( #4274, #2675, #1586, #6806, #2943, #6228, #3624, #3307 ) ) ;
#2661 = DIRECTION ( 'NONE',  ( -5.337610695312117003E-15, 0.0000000000000000000, -1.000000000000000000 ) ) ;
#2662 = MECHANICAL_DESIGN_GEOMETRIC_PRESENTATION_REPRESENTATION (  '', ( #5890 ), #3730 ) ;
#2663 = CARTESIAN_POINT ( 'NONE',  ( -5.759385576205928281, -6.899999999999999467, 5.759385576205937163 ) ) ;
#2664 = COLOUR_RGB ( '',0.0000000000000000000, 0.007843137254901960675, 0.02745098039215686236 ) ;
#2665 = SURFACE_STYLE_USAGE ( .BOTH. , #7268 ) ;
#2666 = CARTESIAN_POINT ( 'NONE',  ( 11.49999999999999822, -3.000000000000000000, 11.39999999999999858 ) ) ;
#2667 = ORIENTED_EDGE ( 'NONE', *, *, #4587, .F. ) ;
#2668 = CARTESIAN_POINT ( 'NONE',  ( -14.32499996851920621, -12.20000000000000462, -3.746602379074059162E-12 ) ) ;
#2669 = CARTESIAN_POINT ( 'NONE',  ( 14.85000000000000675, -8.400000000000000355, 0.0000000000000000000 ) ) ;
#2670 =( LENGTH_UNIT ( ) NAMED_UNIT ( * ) SI_UNIT ( .MILLI., .METRE. ) );
#2671 = AXIS2_PLACEMENT_3D ( 'NONE', #2431, #868, #6454 ) ;
#2672 = CARTESIAN_POINT ( 'NONE',  ( 6.819901017490920481, -8.400000000000000355, -11.64999999999999680 ) ) ;
#2673 = VECTOR ( 'NONE', #6380, 1000.000000000000000 ) ;
#2674 = EDGE_LOOP ( 'NONE', ( #152, #3665, #1575, #4746 ) ) ;
#2675 = ORIENTED_EDGE ( 'NONE', *, *, #388, .T. ) ;
#2676 = VECTOR ( 'NONE', #3077, 1000.000000000000000 ) ;
#2677 = PRESENTATION_STYLE_ASSIGNMENT (( #3237 ) ) ;
#2678 = ORIENTED_EDGE ( 'NONE', *, *, #6948, .T. ) ;
#2679 = AXIS2_PLACEMENT_3D ( 'NONE', #2221, #3822, #2252 ) ;
#2680 = CARTESIAN_POINT ( 'NONE',  ( -1.987565705693877138, -9.900000000000002132, -11.14999999999999680 ) ) ;
#2681 = EDGE_CURVE ( 'NONE', #2864, #5130, #566, .T. ) ;
#2682 = AXIS2_PLACEMENT_3D ( 'NONE', #7344, #1668, #4486 ) ;
#2683 = MECHANICAL_DESIGN_GEOMETRIC_PRESENTATION_REPRESENTATION (  '', ( #5920 ), #3631 ) ;
#2684 = PLANE ( 'NONE',  #100 ) ;
#2685 = CIRCLE ( 'NONE', #1505, 2.199999999999999289 ) ;
#2686 = CIRCLE ( 'NONE', #6524, 1.000000000000003331 ) ;
#2687 = STYLED_ITEM ( 'NONE', ( #5035 ), #2863 ) ;
#2688 = VERTEX_POINT ( 'NONE', #3925 ) ;
#2689 = CARTESIAN_POINT ( 'NONE',  ( -14.32499996851787927, -12.20000000000000462, -5.074999986169887123 ) ) ;
#2690 = VERTEX_POINT ( 'NONE', #1734 ) ;
#2691 = DIRECTION ( 'NONE',  ( 0.0000000000000000000, -1.000000000000000000, 0.0000000000000000000 ) ) ;
#2692 = MECHANICAL_DESIGN_GEOMETRIC_PRESENTATION_REPRESENTATION (  '', ( #4576 ), #6288 ) ;
#2693 = COLOUR_RGB ( '',0.0000000000000000000, 0.007843137254901960675, 0.02745098039215686236 ) ;
#2694 = FACE_BOUND ( 'NONE', #2656, .T. ) ;
#2695 = EDGE_CURVE ( 'NONE', #4731, #6442, #6233, .T. ) ;
#2696 = DIRECTION ( 'NONE',  ( -1.000000000000000000, 0.0000000000000000000, -3.549511112383315657E-13 ) ) ;
#2697 = PRESENTATION_LAYER_ASSIGNMENT (  '', '', ( #4713 ) ) ;
#2698 = FILL_AREA_STYLE ('',( #4892 ) ) ;
#2699 = ORIENTED_EDGE ( 'NONE', *, *, #1778, .F. ) ;
#2700 = CIRCLE ( 'NONE', #113, 1.600000000000007638 ) ;
#2701 = DIRECTION ( 'NONE',  ( -2.891205793294677833E-16, 1.000000000000000000, -1.342363825506707313E-32 ) ) ;
#2702 = EDGE_CURVE ( 'NONE', #5693, #4830, #4848, .T. ) ;
#2703 = EDGE_CURVE ( 'NONE', #7304, #498, #2700, .T. ) ;
#2704 = CARTESIAN_POINT ( 'NONE',  ( -11.45000000000000462, -0.05000000000000491551, -11.40000000000000391 ) ) ;
#2705 = CARTESIAN_POINT ( 'NONE',  ( 14.85000000000000675, -4.599999999999999645, 1.000000000000003331 ) ) ;
#2706 = ORIENTED_EDGE ( 'NONE', *, *, #3488, .T. ) ;
#2707 = SURFACE_STYLE_FILL_AREA ( #2595 ) ;
#2708 = PRESENTATION_STYLE_ASSIGNMENT (( #2665 ) ) ;
#2709 = DIRECTION ( 'NONE',  ( 0.0000000000000000000, -0.0000000000000000000, -1.000000000000000000 ) ) ;
#2710 = ORIENTED_EDGE ( 'NONE', *, *, #6583, .F. ) ;
#2711 = CARTESIAN_POINT ( 'NONE',  ( 7.030452312324132258, -9.900000000000003908, -11.14999999999999680 ) ) ;
#2712 = ORIENTED_EDGE ( 'NONE', *, *, #4008, .T. ) ;
#2713 = LINE ( 'NONE', #4413, #7113 ) ;
#2714 = CARTESIAN_POINT ( 'NONE',  ( -14.35000000000000320, -12.20000000000000107, 10.15000000000000391 ) ) ;
#2715 = DIRECTION ( 'NONE',  ( -0.7071067811865515695, 0.0000000000000000000, 0.7071067811865435759 ) ) ;
#2716 = ORIENTED_EDGE ( 'NONE', *, *, #1030, .F. ) ;
#2717 = DIRECTION ( 'NONE',  ( 0.7071067811865230368, -0.7071067811865721087, -0.0000000000000000000 ) ) ;
#2718 = ORIENTED_EDGE ( 'NONE', *, *, #7234, .F. ) ;
#2719 =( LENGTH_UNIT ( ) NAMED_UNIT ( * ) SI_UNIT ( .MILLI., .METRE. ) );
#2720 = LINE ( 'NONE', #1020, #4950 ) ;
#2721 = EDGE_CURVE ( 'NONE', #161, #3430, #2350, .T. ) ;
#2722 = ORIENTED_EDGE ( 'NONE', *, *, #4221, .F. ) ;
#2723 = DIRECTION ( 'NONE',  ( 0.0000000000000000000, 0.0000000000000000000, -1.000000000000000000 ) ) ;
#2724 = VERTEX_POINT ( 'NONE', #711 ) ;
#2725 = CARTESIAN_POINT ( 'NONE',  ( -10.39999994562513486, -12.59999999999999964, -10.14999999999999858 ) ) ;
#2726 = VECTOR ( 'NONE', #6574, 1000.000000000000000 ) ;
#2727 =( NAMED_UNIT ( * ) SI_UNIT ( $, .STERADIAN. ) SOLID_ANGLE_UNIT ( ) );
#2728 = DIRECTION ( 'NONE',  ( 0.7071067811865721087, -0.7071067811865230368, -1.837086636568465468E-16 ) ) ;
#2729 = ADVANCED_FACE ( 'NONE', ( #4030 ), #1426, .T. ) ;
#2730 = DIRECTION ( 'NONE',  ( 0.5773502691896129635, 0.5773502691896529315, -0.5773502691896114092 ) ) ;
#2731 = DIRECTION ( 'NONE',  ( -1.000000000000000000, 3.709206150687421386E-65, -5.304964758338859037E-17 ) ) ;
#2732 = ORIENTED_EDGE ( 'NONE', *, *, #6987, .F. ) ;
#2733 = UNCERTAINTY_MEASURE_WITH_UNIT (LENGTH_MEASURE( 1.000000000000000082E-05 ), #4258, 'distance_accuracy_value', 'NONE');
#2734 = EDGE_CURVE ( 'NONE', #3746, #3196, #1209, .T. ) ;
#2735 = MECHANICAL_DESIGN_GEOMETRIC_PRESENTATION_REPRESENTATION (  '', ( #2357 ), #3215 ) ;
#2736 = DIRECTION ( 'NONE',  ( -0.0000000000000000000, 1.000000000000000000, -0.0000000000000000000 ) ) ;
#2737 = ORIENTED_EDGE ( 'NONE', *, *, #3648, .F. ) ;
#2738 = EDGE_CURVE ( 'NONE', #3705, #5588, #5239, .T. ) ;
#2739 = SURFACE_SIDE_STYLE ('',( #1587 ) ) ;
#2740 = DIRECTION ( 'NONE',  ( 2.891205793294677833E-16, -1.000000000000000000, 0.0000000000000000000 ) ) ;
#2741 = CIRCLE ( 'NONE', #6932, 1.600000000000007638 ) ;
#2742 = ORIENTED_EDGE ( 'NONE', *, *, #254, .T. ) ;
#2743 = PRESENTATION_STYLE_ASSIGNMENT (( #4898 ) ) ;
#2744 = ORIENTED_EDGE ( 'NONE', *, *, #5260, .F. ) ;
#2745 = DIRECTION ( 'NONE',  ( 0.7071067811865721087, -0.7071067811865230368, 9.435651794970789300E-14 ) ) ;
#2746 = DIRECTION ( 'NONE',  ( 0.0000000000000000000, -1.000000000000000000, 0.0000000000000000000 ) ) ;
#2747 = DIRECTION ( 'NONE',  ( -0.0000000000000000000, 1.000000000000000000, -0.0000000000000000000 ) ) ;
#2748 = ADVANCED_FACE ( 'NONE', ( #4251 ), #5806, .T. ) ;
#2749 = VERTEX_POINT ( 'NONE', #335 ) ;
#2750 = ORIENTED_EDGE ( 'NONE', *, *, #721, .T. ) ;
#2751 = ORIENTED_EDGE ( 'NONE', *, *, #1382, .T. ) ;
#2752 = AXIS2_PLACEMENT_3D ( 'NONE', #2117, #7172, #355 ) ;
#2753 = LINE ( 'NONE', #4422, #7309 ) ;
#2754 = CARTESIAN_POINT ( 'NONE',  ( -4.390184796894300331E-14, -6.899999999999999467, -8.225000000000157740 ) ) ;
#2755 = ORIENTED_EDGE ( 'NONE', *, *, #5714, .T. ) ;
#2756 = CARTESIAN_POINT ( 'NONE',  ( 3.068683192554345851, -6.899999999999999467, 0.0000000000000000000 ) ) ;
#2757 = FILL_AREA_STYLE ('',( #5311 ) ) ;
#2758 = DIRECTION ( 'NONE',  ( 0.0000000000000000000, 0.0000000000000000000, -1.000000000000000000 ) ) ;
#2759 = CARTESIAN_POINT ( 'NONE',  ( 7.241003607157344035, -9.689448705166794795, -12.14999999999999680 ) ) ;
#2760 = CIRCLE ( 'NONE', #4425, 1.599999999999998979 ) ;
#2761 = FILL_AREA_STYLE_COLOUR ( '', #2844 ) ;
#2762 = VECTOR ( 'NONE', #1513, 1000.000000000000000 ) ;
#2763 = DIRECTION ( 'NONE',  ( -0.7071067811865721087, -0.7071067811865230368, 1.566318197965843124E-13 ) ) ;
#2764 = ORIENTED_EDGE ( 'NONE', *, *, #5495, .T. ) ;
#2765 = EDGE_CURVE ( 'NONE', #6642, #4782, #1463, .T. ) ;
#2766 = FACE_OUTER_BOUND ( 'NONE', #3449, .T. ) ;
#2767 = CARTESIAN_POINT ( 'NONE',  ( 9.418078673088574604, -5.599999999999999645, 4.300192520074537228 ) ) ;
#2768 = ORIENTED_EDGE ( 'NONE', *, *, #7090, .F. ) ;
#2769 = LINE ( 'NONE', #7295, #7342 ) ;
#2770 = DIRECTION ( 'NONE',  ( -1.000000000000000000, 0.0000000000000000000, 0.0000000000000000000 ) ) ;
#2771 = SURFACE_STYLE_FILL_AREA ( #6235 ) ;
#2772 = ORIENTED_EDGE ( 'NONE', *, *, #6505, .F. ) ;
#2773 = VECTOR ( 'NONE', #653, 1000.000000000000000 ) ;
#2774 = ORIENTED_EDGE ( 'NONE', *, *, #2601, .F. ) ;
#2775 = CARTESIAN_POINT ( 'NONE',  ( 7.241003607157344035, -9.689448705166794795, -11.64999999999999680 ) ) ;
#2776 = EDGE_CURVE ( 'NONE', #3746, #6749, #6970, .T. ) ;
#2777 = CARTESIAN_POINT ( 'NONE',  ( -2.859190809579772686E-15, -13.40000000000000036, -10.14999999999999503 ) ) ;
#2778 = VECTOR ( 'NONE', #6022, 1000.000000000000000 ) ;
#2779 = ORIENTED_EDGE ( 'NONE', *, *, #6551, .T. ) ;
#2780 = SURFACE_SIDE_STYLE ('',( #3936 ) ) ;
#2781 = DIRECTION ( 'NONE',  ( 0.0000000000000000000, 1.000000000000000000, 0.0000000000000000000 ) ) ;
#2782 = CARTESIAN_POINT ( 'NONE',  ( -14.97499996012516910, -12.30000000000000071, -10.17499999999991189 ) ) ;
#2783 = ORIENTED_EDGE ( 'NONE', *, *, #3914, .F. ) ;
#2784 = CIRCLE ( 'NONE', #2085, 0.3999999999999993006 ) ;
#2785 = EDGE_CURVE ( 'NONE', #2607, #4202, #6537, .T. ) ;
#2786 = ADVANCED_FACE ( 'NONE', ( #6936 ), #1050, .T. ) ;
#2787 = DIRECTION ( 'NONE',  ( -1.000000000000000000, 0.0000000000000000000, 0.0000000000000000000 ) ) ;
#2788 = MECHANICAL_DESIGN_GEOMETRIC_PRESENTATION_REPRESENTATION (  '', ( #2805 ), #936 ) ;
#2789 = AXIS2_PLACEMENT_3D ( 'NONE', #5334, #6580, #1932 ) ;
#2790 = DIRECTION ( 'NONE',  ( 1.000000000000000000, 1.334402673828313093E-16, 0.0000000000000000000 ) ) ;
#2791 = VERTEX_POINT ( 'NONE', #1765 ) ;
#2792 = DIRECTION ( 'NONE',  ( -3.522823058906759608E-13, 0.0000000000000000000, -1.000000000000000000 ) ) ;
#2793 = VECTOR ( 'NONE', #7103, 999.9999999999998863 ) ;
#2794 = LINE ( 'NONE', #6706, #7007 ) ;
#2795 = COLOUR_RGB ( '',0.0000000000000000000, 0.007843137254901960675, 0.02745098039215686236 ) ;
#2796 = CARTESIAN_POINT ( 'NONE',  ( 0.0000000000000000000, -12.30000000000000071, 10.76245434496621201 ) ) ;
#2797 = VECTOR ( 'NONE', #3137, 1000.000000000000000 ) ;
#2798 = VECTOR ( 'NONE', #6550, 1000.000000000000000 ) ;
#2799 = DIRECTION ( 'NONE',  ( 5.304964758338859037E-17, 0.0000000000000000000, -1.000000000000000000 ) ) ;
#2800 = AXIS2_PLACEMENT_3D ( 'NONE', #799, #4756, #246 ) ;
#2801 = ORIENTED_EDGE ( 'NONE', *, *, #3058, .T. ) ;
#2802 = VECTOR ( 'NONE', #42, 1000.000000000000000 ) ;
#2803 = ORIENTED_EDGE ( 'NONE', *, *, #2327, .T. ) ;
#2804 = CARTESIAN_POINT ( 'NONE',  ( -4.390184796894300331E-14, -18.61923881554287519, -8.225000000000157740 ) ) ;
#2805 = STYLED_ITEM ( 'NONE', ( #643 ), #3301 ) ;
#2806 = DIRECTION ( 'NONE',  ( -0.0000000000000000000, 0.7071067811865721087, -0.7071067811865230368 ) ) ;
#2807 = FACE_OUTER_BOUND ( 'NONE', #5026, .T. ) ;
#2808 = STYLED_ITEM ( 'NONE', ( #2525 ), #6099 ) ;
#2809 = VECTOR ( 'NONE', #6417, 1000.000000000000000 ) ;
#2810 = ORIENTED_EDGE ( 'NONE', *, *, #211, .T. ) ;
#2811 = DIRECTION ( 'NONE',  ( 5.304964758338859037E-17, 0.0000000000000000000, -1.000000000000000000 ) ) ;
#2812 = CARTESIAN_POINT ( 'NONE',  ( -0.4563168074456555035, -12.30000000000000071, 10.31245434496621272 ) ) ;
#2813 = EDGE_CURVE ( 'NONE', #4707, #6027, #1241, .T. ) ;
#2814 = EDGE_LOOP ( 'NONE', ( #6318, #3659, #98, #2530 ) ) ;
#2815 = EDGE_LOOP ( 'NONE', ( #4351, #4134, #4770, #3104 ) ) ;
#2816 = CARTESIAN_POINT ( 'NONE',  ( 14.85000000000000675, -3.000000000000000000, 0.0000000000000000000 ) ) ;
#2817 = CARTESIAN_POINT ( 'NONE',  ( 14.35000000000000142, -12.20000000000000107, -11.75000000000001421 ) ) ;
#2818 = ORIENTED_EDGE ( 'NONE', *, *, #7222, .T. ) ;
#2819 = SURFACE_SIDE_STYLE ('',( #1155 ) ) ;
#2820 = DIRECTION ( 'NONE',  ( 1.000000000000000000, 0.0000000000000000000, 2.668805347656623326E-15 ) ) ;
#2821 = EDGE_CURVE ( 'NONE', #5776, #328, #2388, .T. ) ;
#2822 = ORIENTED_EDGE ( 'NONE', *, *, #4171, .T. ) ;
#2823 =( LENGTH_UNIT ( ) NAMED_UNIT ( * ) SI_UNIT ( .MILLI., .METRE. ) );
#2824 = ADVANCED_FACE ( 'NONE', ( #2950 ), #4104, .F. ) ;
#2825 = CARTESIAN_POINT ( 'NONE',  ( 0.2124342943061220679, -9.900000000000002132, -12.14999999999999680 ) ) ;
#2826 =( NAMED_UNIT ( * ) PLANE_ANGLE_UNIT ( ) SI_UNIT ( $, .RADIAN. ) );
#2827 = EDGE_CURVE ( 'NONE', #1749, #4217, #5963, .T. ) ;
#2828 = EDGE_CURVE ( 'NONE', #6424, #4033, #1281, .T. ) ;
#2829 = ORIENTED_EDGE ( 'NONE', *, *, #5259, .F. ) ;
#2830 = SURFACE_SIDE_STYLE ('',( #3986 ) ) ;
#2831 = FACE_OUTER_BOUND ( 'NONE', #6666, .T. ) ;
#2832 = ORIENTED_EDGE ( 'NONE', *, *, #194, .F. ) ;
#2833 = LINE ( 'NONE', #5118, #2802 ) ;
#2834 = LINE ( 'NONE', #5119, #141 ) ;
#2835 = CARTESIAN_POINT ( 'NONE',  ( -15.90000000000000391, -6.899999999999999467, -6.350000068874810388 ) ) ;
#2836 = VECTOR ( 'NONE', #2038, 1000.000000000000000 ) ;
#2837 = ORIENTED_EDGE ( 'NONE', *, *, #5148, .F. ) ;
#2838 = LINE ( 'NONE', #4512, #5853 ) ;
#2839 = CARTESIAN_POINT ( 'NONE',  ( -10.39999994562513486, -12.20000000000000107, -11.74999999999999822 ) ) ;
#2840 = ORIENTED_EDGE ( 'NONE', *, *, #6514, .F. ) ;
#2841 = FACE_BOUND ( 'NONE', #2047, .T. ) ;
#2842 = ORIENTED_EDGE ( 'NONE', *, *, #3358, .T. ) ;
#2843 = CARTESIAN_POINT ( 'NONE',  ( 3.780452312324129593, -13.40000000000000213, -10.14999999999999503 ) ) ;
#2844 = COLOUR_RGB ( '',0.0000000000000000000, 0.007843137254901960675, 0.02745098039215686236 ) ;
#2845 = LINE ( 'NONE', #2254, #1359 ) ;
#2846 = DIRECTION ( 'NONE',  ( 0.0000000000000000000, 1.000000000000000000, 0.0000000000000000000 ) ) ;
#2847 =( GEOMETRIC_REPRESENTATION_CONTEXT ( 3 ) GLOBAL_UNCERTAINTY_ASSIGNED_CONTEXT ( ( #2273 ) ) GLOBAL_UNIT_ASSIGNED_CONTEXT ( ( #2596, #947, #3819 ) ) REPRESENTATION_CONTEXT ( 'NONE', 'WORKASPACE' ) );
#2848 = FACE_OUTER_BOUND ( 'NONE', #5333, .T. ) ;
#2849 = ORIENTED_EDGE ( 'NONE', *, *, #3112, .T. ) ;
#2850 =( NAMED_UNIT ( * ) PLANE_ANGLE_UNIT ( ) SI_UNIT ( $, .RADIAN. ) );
#2851 = ORIENTED_EDGE ( 'NONE', *, *, #1469, .F. ) ;
#2852 = LINE ( 'NONE', #2291, #1129 ) ;
#2853 = EDGE_CURVE ( 'NONE', #1704, #5924, #294, .T. ) ;
#2854 = LINE ( 'NONE', #6732, #5792 ) ;
#2855 = ADVANCED_FACE ( 'NONE', ( #7114 ), #1995, .T. ) ;
#2856 =( NAMED_UNIT ( * ) SI_UNIT ( $, .STERADIAN. ) SOLID_ANGLE_UNIT ( ) );
#2857 = ORIENTED_EDGE ( 'NONE', *, *, #2703, .T. ) ;
#2858 = DIRECTION ( 'NONE',  ( -0.0000000000000000000, 0.0000000000000000000, -1.000000000000000000 ) ) ;
#2859 =( NAMED_UNIT ( * ) SI_UNIT ( $, .STERADIAN. ) SOLID_ANGLE_UNIT ( ) );
#2860 = EDGE_CURVE ( 'NONE', #376, #3907, #2720, .T. ) ;
#2861 = DIRECTION ( 'NONE',  ( 0.7071067811865721087, -0.7071067811865229258, 0.0000000000000000000 ) ) ;
#2862 = VECTOR ( 'NONE', #4863, 1000.000000000000000 ) ;
#2863 = ADVANCED_FACE ( 'NONE', ( #3906 ), #1497, .T. ) ;
#2864 = VERTEX_POINT ( 'NONE', #992 ) ;
#2865 = ORIENTED_EDGE ( 'NONE', *, *, #3640, .T. ) ;
#2866 = DIRECTION ( 'NONE',  ( 0.0000000000000000000, 1.000000000000000000, 0.0000000000000000000 ) ) ;
#2867 = ADVANCED_FACE ( 'NONE', ( #472 ), #1607, .T. ) ;
#2868 = DIRECTION ( 'NONE',  ( -0.0000000000000000000, 1.000000000000000000, -0.0000000000000000000 ) ) ;
#2869 = EDGE_CURVE ( 'NONE', #5125, #6310, #3285, .T. ) ;
#2870 = PLANE ( 'NONE',  #1862 ) ;
#2871 = AXIS2_PLACEMENT_3D ( 'NONE', #6501, #1260, #1810 ) ;
#2872 = MECHANICAL_DESIGN_GEOMETRIC_PRESENTATION_REPRESENTATION (  '', ( #2169 ), #4062 ) ;
#2873 = VERTEX_POINT ( 'NONE', #3316 ) ;
#2874 =( NAMED_UNIT ( * ) PLANE_ANGLE_UNIT ( ) SI_UNIT ( $, .RADIAN. ) );
#2875 =( LENGTH_UNIT ( ) NAMED_UNIT ( * ) SI_UNIT ( .MILLI., .METRE. ) );
#2876 = SURFACE_SIDE_STYLE ('',( #6158 ) ) ;
#2877 = EDGE_LOOP ( 'NONE', ( #2619, #6663, #5598, #3749 ) ) ;
#2878 = VERTEX_POINT ( 'NONE', #1167 ) ;
#2879 = DIRECTION ( 'NONE',  ( 0.0000000000000000000, 0.0000000000000000000, 1.000000000000000000 ) ) ;
#2880 = MECHANICAL_DESIGN_GEOMETRIC_PRESENTATION_REPRESENTATION (  '', ( #5643 ), #5276 ) ;
#2881 = DIRECTION ( 'NONE',  ( -5.304964758338859037E-17, 0.0000000000000000000, 1.000000000000000000 ) ) ;
#2882 = VERTEX_POINT ( 'NONE', #4493 ) ;
#2883 = FILL_AREA_STYLE_COLOUR ( '', #94 ) ;
#2884 = CARTESIAN_POINT ( 'NONE',  ( -14.35000000000000320, -4.599999999999999645, 12.15000000000000391 ) ) ;
#2885 = DIRECTION ( 'NONE',  ( 1.000000000000000000, -0.0000000000000000000, 0.0000000000000000000 ) ) ;
#2886 = EDGE_LOOP ( 'NONE', ( #3893, #155, #5869, #6419 ) ) ;
#2887 = PRESENTATION_STYLE_ASSIGNMENT (( #6246 ) ) ;
#2888 = SPHERICAL_SURFACE ( 'NONE', #7078, 11.50000000000000000 ) ;
#2889 = PRESENTATION_STYLE_ASSIGNMENT (( #5174 ) ) ;
#2890 = CARTESIAN_POINT ( 'NONE',  ( 7.241003607157344035, -8.400000000000000355, -11.64999999999999680 ) ) ;
#2891 = SURFACE_STYLE_FILL_AREA ( #1753 ) ;
#2892 = ADVANCED_FACE ( 'NONE', ( #1815 ), #4527, .F. ) ;
#2893 = ORIENTED_EDGE ( 'NONE', *, *, #2192, .F. ) ;
#2894 =( NAMED_UNIT ( * ) SI_UNIT ( $, .STERADIAN. ) SOLID_ANGLE_UNIT ( ) );
#2895 = LINE ( 'NONE', #2340, #7349 ) ;
#2896 = DIRECTION ( 'NONE',  ( 5.304964758338859037E-17, 0.0000000000000000000, -1.000000000000000000 ) ) ;
#2897 = STYLED_ITEM ( 'NONE', ( #1781 ), #3559 ) ;
#2898 = VECTOR ( 'NONE', #2179, 999.9999999999998863 ) ;
#2899 = ADVANCED_FACE ( 'NONE', ( #35 ), #6849, .F. ) ;
#2900 = ORIENTED_EDGE ( 'NONE', *, *, #3920, .F. ) ;
#2901 = DIRECTION ( 'NONE',  ( 0.0000000000000000000, 0.0000000000000000000, -1.000000000000000000 ) ) ;
#2902 = LINE ( 'NONE', #4094, #7121 ) ;
#2903 = VECTOR ( 'NONE', #7214, 1000.000000000000000 ) ;
#2904 = VECTOR ( 'NONE', #5476, 1000.000000000000000 ) ;
#2905 = EDGE_CURVE ( 'NONE', #5125, #178, #4083, .T. ) ;
#2906 = DIRECTION ( 'NONE',  ( -1.000000000000000000, 0.0000000000000000000, 0.0000000000000000000 ) ) ;
#2907 = VECTOR ( 'NONE', #1804, 1000.000000000000000 ) ;
#2908 = VECTOR ( 'NONE', #5576, 1000.000000000000114 ) ;
#2909 = PRESENTATION_LAYER_ASSIGNMENT (  '', '', ( #682 ) ) ;
#2910 = CARTESIAN_POINT ( 'NONE',  ( 3.068683192554345851, -6.899999999999999467, 11.78745434496620703 ) ) ;
#2911 = ORIENTED_EDGE ( 'NONE', *, *, #2932, .T. ) ;
#2912 = AXIS2_PLACEMENT_3D ( 'NONE', #1088, #6775, #545 ) ;
#2913 = DIRECTION ( 'NONE',  ( 0.0000000000000000000, -1.000000000000000000, 0.0000000000000000000 ) ) ;
#2914 = CARTESIAN_POINT ( 'NONE',  ( 0.0000000000000000000, -4.599999999999999645, 4.300192520074537228 ) ) ;
#2915 = ADVANCED_FACE ( 'NONE', ( #5751 ), #5178, .T. ) ;
#2916 = ORIENTED_EDGE ( 'NONE', *, *, #1685, .F. ) ;
#2917 = AXIS2_PLACEMENT_3D ( 'NONE', #80, #4478, #2315 ) ;
#2918 = PRESENTATION_LAYER_ASSIGNMENT (  '', '', ( #222 ) ) ;
#2919 = ORIENTED_EDGE ( 'NONE', *, *, #6090, .T. ) ;
#2920 = CARTESIAN_POINT ( 'NONE',  ( 6.819901017490920481, -9.689448705166794795, -12.14999999999999680 ) ) ;
#2921 = DIRECTION ( 'NONE',  ( -1.000000000000000000, 0.0000000000000000000, 0.0000000000000000000 ) ) ;
#2922 = AXIS2_PLACEMENT_3D ( 'NONE', #6413, #5841, #2983 ) ;
#2923 = CARTESIAN_POINT ( 'NONE',  ( 11.40000000000000213, -3.000000000000000000, -11.50000000000000000 ) ) ;
#2924 = VECTOR ( 'NONE', #1786, 1000.000000000000000 ) ;
#2925 = PRESENTATION_LAYER_ASSIGNMENT (  '', '', ( #5574 ) ) ;
#2926 = ORIENTED_EDGE ( 'NONE', *, *, #2721, .T. ) ;
#2927 = FILL_AREA_STYLE ('',( #1848 ) ) ;
#2928 = ORIENTED_EDGE ( 'NONE', *, *, #6312, .F. ) ;
#2929 = CARTESIAN_POINT ( 'NONE',  ( 2.223782055935355083E-13, -6.899999999999999467, -7.574999999999637801 ) ) ;
#2930 = LINE ( 'NONE', #2363, #6064 ) ;
#2931 = EDGE_LOOP ( 'NONE', ( #3834, #6455, #2849, #1803 ) ) ;
#2932 = EDGE_CURVE ( 'NONE', #4706, #3930, #4048, .T. ) ;
#2933 = AXIS2_PLACEMENT_3D ( 'NONE', #1380, #3764, #5955 ) ;
#2934 =( NAMED_UNIT ( * ) SI_UNIT ( $, .STERADIAN. ) SOLID_ANGLE_UNIT ( ) );
#2935 = CARTESIAN_POINT ( 'NONE',  ( -1.777014410860662252, 5.137714359448481921E-16, -11.64999999999999680 ) ) ;
#2936 = PRESENTATION_STYLE_ASSIGNMENT (( #621 ) ) ;
#2937 = DIRECTION ( 'NONE',  ( 0.0000000000000000000, -0.0000000000000000000, -1.000000000000000000 ) ) ;
#2938 = VERTEX_POINT ( 'NONE', #6921 ) ;
#2939 = FILL_AREA_STYLE_COLOUR ( '', #3708 ) ;
#2940 = SURFACE_STYLE_USAGE ( .BOTH. , #2459 ) ;
#2941 = CARTESIAN_POINT ( 'NONE',  ( 14.35000000000000142, -12.59999999999999964, -8.549999999999984723 ) ) ;
#2942 = AXIS2_PLACEMENT_3D ( 'NONE', #1885, #4112, #1922 ) ;
#2943 = ORIENTED_EDGE ( 'NONE', *, *, #3426, .F. ) ;
#2944 = ORIENTED_EDGE ( 'NONE', *, *, #1189, .T. ) ;
#2945 = CARTESIAN_POINT ( 'NONE',  ( 7.170083562801061759E-16, -10.11055129483321835, -10.14999999999999503 ) ) ;
#2946 = CARTESIAN_POINT ( 'NONE',  ( -11.50000000000000000, -0.09999999999999592548, 11.40000000000000568 ) ) ;
#2947 = FACE_OUTER_BOUND ( 'NONE', #1052, .T. ) ;
#2948 = ADVANCED_FACE ( 'NONE', ( #6249 ), #1122, .T. ) ;
#2949 = ORIENTED_EDGE ( 'NONE', *, *, #158, .F. ) ;
#2950 = FACE_OUTER_BOUND ( 'NONE', #3571, .T. ) ;
#2951 = EDGE_CURVE ( 'NONE', #4684, #6532, #4818, .T. ) ;
#2952 = EDGE_LOOP ( 'NONE', ( #1987, #500, #5439, #5752 ) ) ;
#2953 = VERTEX_POINT ( 'NONE', #1900 ) ;
#2954 = CARTESIAN_POINT ( 'NONE',  ( -2.198117000527087583, -8.400000000000000355, -11.64999999999999680 ) ) ;
#2955 = PLANE ( 'NONE',  #788 ) ;
#2956 = VECTOR ( 'NONE', #4507, 1000.000000000000000 ) ;
#2957 = PRESENTATION_STYLE_ASSIGNMENT (( #717 ) ) ;
#2958 = EDGE_CURVE ( 'NONE', #3930, #3851, #4161, .T. ) ;
#2959 = ORIENTED_EDGE ( 'NONE', *, *, #2467, .T. ) ;
#2960 = PRESENTATION_STYLE_ASSIGNMENT (( #3482 ) ) ;
#2961 =( NAMED_UNIT ( * ) PLANE_ANGLE_UNIT ( ) SI_UNIT ( $, .RADIAN. ) );
#2962 = LINE ( 'NONE', #3638, #3594 ) ;
#2963 = LINE ( 'NONE', #6981, #6386 ) ;
#2964 = ORIENTED_EDGE ( 'NONE', *, *, #6087, .T. ) ;
#2965 =( NAMED_UNIT ( * ) PLANE_ANGLE_UNIT ( ) SI_UNIT ( $, .RADIAN. ) );
#2966 = STYLED_ITEM ( 'NONE', ( #2079 ), #264 ) ;
#2967 = CARTESIAN_POINT ( 'NONE',  ( -1.777014410860662252, 5.137714359448481921E-16, -12.14999999999999680 ) ) ;
#2968 = EDGE_CURVE ( 'NONE', #71, #2115, #1940, .T. ) ;
#2969 = ORIENTED_EDGE ( 'NONE', *, *, #4330, .T. ) ;
#2970 = CARTESIAN_POINT ( 'NONE',  ( -15.90000000000000391, -4.599999999999999645, 0.0000000000000000000 ) ) ;
#2971 = DIRECTION ( 'NONE',  ( 5.304964758338859037E-17, -0.0000000000000000000, -1.000000000000000000 ) ) ;
#2972 = VECTOR ( 'NONE', #2217, 1000.000000000000000 ) ;
#2973 = ORIENTED_EDGE ( 'NONE', *, *, #2776, .T. ) ;
#2974 = FILL_AREA_STYLE ('',( #5871 ) ) ;
#2975 = DIRECTION ( 'NONE',  ( 0.0000000000000000000, 0.0000000000000000000, -1.000000000000000000 ) ) ;
#2976 = EDGE_LOOP ( 'NONE', ( #6081, #3372, #3526, #3231 ) ) ;
#2977 = CARTESIAN_POINT ( 'NONE',  ( -1.006316807445648998, -6.899999999999999467, -3.357079596434616513E-16 ) ) ;
#2978 = CARTESIAN_POINT ( 'NONE',  ( 14.34999999999999609, -4.599999999999999645, 10.15000000000000391 ) ) ;
#2979 = ORIENTED_EDGE ( 'NONE', *, *, #1019, .F. ) ;
#2980 = CARTESIAN_POINT ( 'NONE',  ( 7.170083562801061759E-16, -6.400000000000000355, -10.14999999999999503 ) ) ;
#2981 = VECTOR ( 'NONE', #3074, 1000.000000000000000 ) ;
#2982 = CYLINDRICAL_SURFACE ( 'NONE', #1190, 2.000000000000008882 ) ;
#2983 = DIRECTION ( 'NONE',  ( -1.000000000000000000, 0.0000000000000000000, 0.0000000000000000000 ) ) ;
#2984 = ORIENTED_EDGE ( 'NONE', *, *, #1424, .F. ) ;
#2985 = FILL_AREA_STYLE ('',( #865 ) ) ;
#2986 = ORIENTED_EDGE ( 'NONE', *, *, #7312, .T. ) ;
#2987 = FILL_AREA_STYLE_COLOUR ( '', #5521 ) ;
#2988 = VERTEX_POINT ( 'NONE', #7068 ) ;
#2989 = EDGE_CURVE ( 'NONE', #2025, #539, #1738, .T. ) ;
#2990 = FILL_AREA_STYLE_COLOUR ( '', #3150 ) ;
#2991 = VECTOR ( 'NONE', #1988, 1000.000000000000000 ) ;
#2992 = SURFACE_STYLE_FILL_AREA ( #5888 ) ;
#2993 = VECTOR ( 'NONE', #5386, 1000.000000000000227 ) ;
#2994 = ORIENTED_EDGE ( 'NONE', *, *, #4221, .T. ) ;
#2995 = DIRECTION ( 'NONE',  ( 5.304964758338859037E-17, 0.0000000000000000000, -1.000000000000000000 ) ) ;
#2996 = CARTESIAN_POINT ( 'NONE',  ( -14.85000000000000675, -8.400000000000000355, 1.000000000000001554 ) ) ;
#2997 = CARTESIAN_POINT ( 'NONE',  ( 9.418078673088574604, -5.599999999999999645, 0.0000000000000000000 ) ) ;
#2998 = SURFACE_SIDE_STYLE ('',( #838 ) ) ;
#2999 = VERTEX_POINT ( 'NONE', #2532 ) ;
#3000 = AXIS2_PLACEMENT_3D ( 'NONE', #2669, #4789, #4945 ) ;
#3001 = FILL_AREA_STYLE_COLOUR ( '', #3501 ) ;
#3002 = FACE_OUTER_BOUND ( 'NONE', #580, .T. ) ;
#3003 = EDGE_CURVE ( 'NONE', #2791, #4014, #250, .T. ) ;
#3004 = CARTESIAN_POINT ( 'NONE',  ( -12.20598832703387693, -5.599999999999999645, -3.107656175016917821 ) ) ;
#3005 = DIRECTION ( 'NONE',  ( 1.577021341797096821E-15, 0.0000000000000000000, 1.000000000000000000 ) ) ;
#3006 = DIRECTION ( 'NONE',  ( 0.0000000000000000000, -1.000000000000000000, 0.0000000000000000000 ) ) ;
#3007 = ORIENTED_EDGE ( 'NONE', *, *, #6692, .T. ) ;
#3008 = DIRECTION ( 'NONE',  ( 1.000000000000000000, -0.0000000000000000000, -0.0000000000000000000 ) ) ;
#3009 = VECTOR ( 'NONE', #3567, 1000.000000000000000 ) ;
#3010 = ADVANCED_FACE ( 'NONE', ( #2455 ), #5991, .T. ) ;
#3011 = ORIENTED_EDGE ( 'NONE', *, *, #5137, .T. ) ;
#3012 = AXIS2_PLACEMENT_3D ( 'NONE', #3356, #1719, #6738 ) ;
#3013 = EDGE_CURVE ( 'NONE', #1055, #2591, #326, .T. ) ;
#3014 = CARTESIAN_POINT ( 'NONE',  ( 14.35000000000000142, -12.59999999999999964, -10.14999999999999858 ) ) ;
#3015 = ORIENTED_EDGE ( 'NONE', *, *, #5673, .F. ) ;
#3016 = FACE_BOUND ( 'NONE', #3481, .T. ) ;
#3017 = PLANE ( 'NONE',  #4906 ) ;
#3018 = AXIS2_PLACEMENT_3D ( 'NONE', #5814, #1770, #1111 ) ;
#3019 = EDGE_LOOP ( 'NONE', ( #6586, #1847, #4085, #1240 ) ) ;
#3020 = CARTESIAN_POINT ( 'NONE',  ( 16.34999999999999787, -4.599999999999999645, -12.14999999999999680 ) ) ;
#3021 = LINE ( 'NONE', #2946, #2135 ) ;
#3022 = MECHANICAL_DESIGN_GEOMETRIC_PRESENTATION_REPRESENTATION (  '', ( #5056 ), #5304 ) ;
#3023 = ORIENTED_EDGE ( 'NONE', *, *, #4883, .F. ) ;
#3024 = FILL_AREA_STYLE ('',( #744 ) ) ;
#3025 = CARTESIAN_POINT ( 'NONE',  ( -10.39999994562513486, -4.599999999999999645, -12.14999999999999858 ) ) ;
#3026 = ORIENTED_EDGE ( 'NONE', *, *, #3785, .T. ) ;
#3027 = ORIENTED_EDGE ( 'NONE', *, *, #585, .T. ) ;
#3028 =( LENGTH_UNIT ( ) NAMED_UNIT ( * ) SI_UNIT ( .MILLI., .METRE. ) );
#3029 = MECHANICAL_DESIGN_GEOMETRIC_PRESENTATION_REPRESENTATION (  '', ( #3757 ), #3278 ) ;
#3030 = AXIS2_PLACEMENT_3D ( 'NONE', #3232, #2120, #3340 ) ;
#3031 = LINE ( 'NONE', #1322, #2726 ) ;
#3032 =( GEOMETRIC_REPRESENTATION_CONTEXT ( 3 ) GLOBAL_UNCERTAINTY_ASSIGNED_CONTEXT ( ( #9 ) ) GLOBAL_UNIT_ASSIGNED_CONTEXT ( ( #2719, #4914, #1992 ) ) REPRESENTATION_CONTEXT ( 'NONE', 'WORKASPACE' ) );
#3033 = AXIS2_PLACEMENT_3D ( 'NONE', #4858, #5512, #271 ) ;
#3034 = EDGE_CURVE ( 'NONE', #2419, #270, #208, .T. ) ;
#3035 = EDGE_LOOP ( 'NONE', ( #7060, #1539, #3590, #7266 ) ) ;
#3036 = DIRECTION ( 'NONE',  ( 1.000000000000000000, 0.0000000000000000000, 0.0000000000000000000 ) ) ;
#3037 = CIRCLE ( 'NONE', #5074, 1.600000000000014522 ) ;
#3038 = CARTESIAN_POINT ( 'NONE',  ( 9.230452312324132436, -9.900000000000003908, -11.14999999999999680 ) ) ;
#3039 = LINE ( 'NONE', #1292, #2447 ) ;
#3040 = ORIENTED_EDGE ( 'NONE', *, *, #6918, .T. ) ;
#3041 = PRESENTATION_STYLE_ASSIGNMENT (( #759 ) ) ;
#3042 = FILL_AREA_STYLE_COLOUR ( '', #4649 ) ;
#3043 = AXIS2_PLACEMENT_3D ( 'NONE', #23, #640, #2881 ) ;
#3044 = PRESENTATION_STYLE_ASSIGNMENT (( #1370 ) ) ;
#3045 = LINE ( 'NONE', #2371, #1732 ) ;
#3046 = EDGE_CURVE ( 'NONE', #1920, #3144, #4276, .T. ) ;
#3047 = VECTOR ( 'NONE', #676, 1000.000000000000000 ) ;
#3048 = AXIS2_PLACEMENT_3D ( 'NONE', #4307, #3124, #2017 ) ;
#3049 = MECHANICAL_DESIGN_GEOMETRIC_PRESENTATION_REPRESENTATION (  '', ( #4713 ), #4584 ) ;
#3050 = ORIENTED_EDGE ( 'NONE', *, *, #1521, .T. ) ;
#3051 = ORIENTED_EDGE ( 'NONE', *, *, #3751, .T. ) ;
#3052 = CARTESIAN_POINT ( 'NONE',  ( 14.85000000000000675, -3.000000000000000000, 0.0000000000000000000 ) ) ;
#3053 = CARTESIAN_POINT ( 'NONE',  ( -14.32499996851770874, -6.899999999999999467, -5.724999986169907906 ) ) ;
#3054 = VECTOR ( 'NONE', #4064, 1000.000000000000000 ) ;
#3055 = ORIENTED_EDGE ( 'NONE', *, *, #1682, .F. ) ;
#3056 = CARTESIAN_POINT ( 'NONE',  ( -14.32499996012503907, -18.61923881554287519, -10.07499999999986606 ) ) ;
#3057 = DIRECTION ( 'NONE',  ( 0.5773502691895057159, 0.5773502691896965633, 0.5773502691896750250 ) ) ;
#3058 = EDGE_CURVE ( 'NONE', #6749, #3443, #5867, .T. ) ;
#3059 = VERTEX_POINT ( 'NONE', #3611 ) ;
#3060 = LINE ( 'NONE', #1948, #453 ) ;
#3061 = ORIENTED_EDGE ( 'NONE', *, *, #6349, .F. ) ;
#3062 = DIRECTION ( 'NONE',  ( -5.304964758338859037E-17, 0.0000000000000000000, 1.000000000000000000 ) ) ;
#3063 = PLANE ( 'NONE',  #5842 ) ;
#3064 = EDGE_CURVE ( 'NONE', #2878, #4841, #7148, .T. ) ;
#3065 = VERTEX_POINT ( 'NONE', #3654 ) ;
#3066 =( LENGTH_UNIT ( ) NAMED_UNIT ( * ) SI_UNIT ( .MILLI., .METRE. ) );
#3067 = SURFACE_STYLE_USAGE ( .BOTH. , #5971 ) ;
#3068 = ORIENTED_EDGE ( 'NONE', *, *, #7292, .T. ) ;
#3069 = EDGE_LOOP ( 'NONE', ( #4515, #1077, #3185, #5701 ) ) ;
#3070 = CARTESIAN_POINT ( 'NONE',  ( 7.023125181477018465E-16, -4.599999999999999645, -10.14999999999999503 ) ) ;
#3071 = CARTESIAN_POINT ( 'NONE',  ( -13.39999989850024775, -6.899999999999999467, -8.849999989125025834 ) ) ;
#3072 = ORIENTED_EDGE ( 'NONE', *, *, #5590, .F. ) ;
#3073 = PLANE ( 'NONE',  #5306 ) ;
#3074 = DIRECTION ( 'NONE',  ( -1.000000000000000000, 0.0000000000000000000, -2.935685882423051090E-14 ) ) ;
#3075 = CARTESIAN_POINT ( 'NONE',  ( -1.631316807445657879, -4.599999999999999645, 11.78745434496620703 ) ) ;
#3076 = ORIENTED_EDGE ( 'NONE', *, *, #1951, .T. ) ;
#3077 = DIRECTION ( 'NONE',  ( -2.215108438555004799E-13, 0.0000000000000000000, -1.000000000000000000 ) ) ;
#3078 =( NAMED_UNIT ( * ) SI_UNIT ( $, .STERADIAN. ) SOLID_ANGLE_UNIT ( ) );
#3079 = CARTESIAN_POINT ( 'NONE',  ( -14.35000000000000320, -12.20000000000000107, 8.550000000000006040 ) ) ;
#3080 =( LENGTH_UNIT ( ) NAMED_UNIT ( * ) SI_UNIT ( .MILLI., .METRE. ) );
#3081 = SURFACE_SIDE_STYLE ('',( #3923 ) ) ;
#3082 = CIRCLE ( 'NONE', #5612, 2.000000000000008882 ) ;
#3083 = CARTESIAN_POINT ( 'NONE',  ( 8.530452312324126041, -9.689448705166794795, -12.14999999999999680 ) ) ;
#3084 = ORIENTED_EDGE ( 'NONE', *, *, #4455, .F. ) ;
#3085 = EDGE_LOOP ( 'NONE', ( #6472, #709, #7057, #5953 ) ) ;
#3086 = DIRECTION ( 'NONE',  ( 0.9999999999999205080, 0.0000000000000000000, 3.985843548545139732E-07 ) ) ;
#3087 = DIRECTION ( 'NONE',  ( 0.0000000000000000000, 0.0000000000000000000, -1.000000000000000000 ) ) ;
#3088 = ORIENTED_EDGE ( 'NONE', *, *, #65, .F. ) ;
#3089 = CARTESIAN_POINT ( 'NONE',  ( -13.69999990937522583, -6.899999999999999467, -6.649999999999994138 ) ) ;
#3090 = ADVANCED_FACE ( 'NONE', ( #1302 ), #729, .F. ) ;
#3091 = AXIS2_PLACEMENT_3D ( 'NONE', #6439, #1231, #5348 ) ;
#3092 = DIRECTION ( 'NONE',  ( -0.0000000000000000000, 1.000000000000000000, -0.0000000000000000000 ) ) ;
#3093 = DIRECTION ( 'NONE',  ( -3.269436954241216420E-49, 1.000000000000000000, 6.162975822039153361E-33 ) ) ;
#3094 = DIRECTION ( 'NONE',  ( 0.0000000000000000000, -1.000000000000000000, 0.0000000000000000000 ) ) ;
#3095 = VECTOR ( 'NONE', #2479, 1000.000000000000000 ) ;
#3096 = ORIENTED_EDGE ( 'NONE', *, *, #7035, .F. ) ;
#3097 =( LENGTH_UNIT ( ) NAMED_UNIT ( * ) SI_UNIT ( .MILLI., .METRE. ) );
#3098 = UNCERTAINTY_MEASURE_WITH_UNIT (LENGTH_MEASURE( 1.000000000000000082E-05 ), #200, 'distance_accuracy_value', 'NONE');
#3099 = VERTEX_POINT ( 'NONE', #1418 ) ;
#3100 = PLANE ( 'NONE',  #7004 ) ;
#3101 = EDGE_CURVE ( 'NONE', #4750, #1325, #2021, .T. ) ;
#3102 = EDGE_CURVE ( 'NONE', #4160, #418, #769, .T. ) ;
#3103 = DIRECTION ( 'NONE',  ( 0.7071067811865495711, 0.0000000000000000000, 0.7071067811865455743 ) ) ;
#3104 = ORIENTED_EDGE ( 'NONE', *, *, #1572, .F. ) ;
#3105 = DIRECTION ( 'NONE',  ( -1.000000000000000000, 0.0000000000000000000, -0.0000000000000000000 ) ) ;
#3106 = PRESENTATION_STYLE_ASSIGNMENT (( #3067 ) ) ;
#3107 = VECTOR ( 'NONE', #5496, 1000.000000000000000 ) ;
#3108 = ORIENTED_EDGE ( 'NONE', *, *, #3499, .F. ) ;
#3109 = VECTOR ( 'NONE', #4265, 1000.000000000000114 ) ;
#3110 = VERTEX_POINT ( 'NONE', #2409 ) ;
#3111 = CARTESIAN_POINT ( 'NONE',  ( 0.0000000000000000000, -12.19999999999999751, 10.21245434496621307 ) ) ;
#3112 = EDGE_CURVE ( 'NONE', #1474, #6139, #6993, .T. ) ;
#3113 = LINE ( 'NONE', #832, #1828 ) ;
#3114 = EDGE_CURVE ( 'NONE', #7157, #5545, #2159, .T. ) ;
#3115 = DIRECTION ( 'NONE',  ( 0.0000000000000000000, -0.0000000000000000000, 1.000000000000000000 ) ) ;
#3116 = ORIENTED_EDGE ( 'NONE', *, *, #2356, .F. ) ;
#3117 = SURFACE_STYLE_USAGE ( .BOTH. , #4263 ) ;
#3118 = DIRECTION ( 'NONE',  ( 0.0000000000000000000, 0.0000000000000000000, -1.000000000000000000 ) ) ;
#3119 = VERTEX_POINT ( 'NONE', #5608 ) ;
#3120 = DIRECTION ( 'NONE',  ( 0.0000000000000000000, 1.000000000000000000, 0.0000000000000000000 ) ) ;
#3121 = PLANE ( 'NONE',  #1465 ) ;
#3122 = PRESENTATION_LAYER_ASSIGNMENT (  '', '', ( #1097 ) ) ;
#3123 = CARTESIAN_POINT ( 'NONE',  ( 7.241003607157344035, 7.488015623777569931E-32, -10.14999999999999503 ) ) ;
#3124 = DIRECTION ( 'NONE',  ( -1.000000000000000000, 0.0000000000000000000, -5.304964758338859037E-17 ) ) ;
#3125 = DIRECTION ( 'NONE',  ( 0.0000000000000000000, 1.000000000000000000, 0.0000000000000000000 ) ) ;
#3126 = VERTEX_POINT ( 'NONE', #2126 ) ;
#3127 = ORIENTED_EDGE ( 'NONE', *, *, #741, .T. ) ;
#3128 = CARTESIAN_POINT ( 'NONE',  ( 1.493683192554345673, -18.61923881554287519, 10.21245434496621307 ) ) ;
#3129 = DIRECTION ( 'NONE',  ( -0.0000000000000000000, 1.000000000000000000, -0.0000000000000000000 ) ) ;
#3130 = VERTEX_POINT ( 'NONE', #366 ) ;
#3131 = LINE ( 'NONE', #4203, #3107 ) ;
#3132 = CARTESIAN_POINT ( 'NONE',  ( -14.35000000000000320, -12.59999999999999964, 10.15000000000000391 ) ) ;
#3133 = DIRECTION ( 'NONE',  ( -3.624991156526047424E-08, 0.0000000000000000000, -0.9999999999999994449 ) ) ;
#3134 = DIRECTION ( 'NONE',  ( 0.0000000000000000000, -0.0000000000000000000, -1.000000000000000000 ) ) ;
#3135 = EDGE_CURVE ( 'NONE', #270, #5873, #7210, .T. ) ;
#3136 = VERTEX_POINT ( 'NONE', #397 ) ;
#3137 = DIRECTION ( 'NONE',  ( -0.0000000000000000000, 1.000000000000000000, -0.0000000000000000000 ) ) ;
#3138 = ORIENTED_EDGE ( 'NONE', *, *, #6816, .T. ) ;
#3139 = DIRECTION ( 'NONE',  ( -0.0000000000000000000, -1.000000000000000000, 0.0000000000000000000 ) ) ;
#3140 = DIRECTION ( 'NONE',  ( 0.0000000000000000000, -1.000000000000000000, 0.0000000000000000000 ) ) ;
#3141 = EDGE_CURVE ( 'NONE', #6467, #5647, #2608, .T. ) ;
#3142 = DIRECTION ( 'NONE',  ( -1.000000000000000000, 0.0000000000000000000, 0.0000000000000000000 ) ) ;
#3143 = DIRECTION ( 'NONE',  ( -1.000000000000000000, 0.0000000000000000000, 0.0000000000000000000 ) ) ;
#3144 = VERTEX_POINT ( 'NONE', #2641 ) ;
#3145 = EDGE_CURVE ( 'NONE', #2039, #6495, #4875, .T. ) ;
#3146 = ORIENTED_EDGE ( 'NONE', *, *, #1510, .F. ) ;
#3147 = DIRECTION ( 'NONE',  ( 1.000000000000000000, 0.0000000000000000000, 6.774548571579288900E-17 ) ) ;
#3148 = DIRECTION ( 'NONE',  ( -0.0000000000000000000, 1.000000000000000000, -0.0000000000000000000 ) ) ;
#3149 = COLOUR_RGB ( '',1.000000000000000000, 0.3960784313725490002, 0.1843137254901960898 ) ;
#3150 = COLOUR_RGB ( '',0.0000000000000000000, 0.9372549019607843146, 0.3450980392156862697 ) ;
#3151 = ADVANCED_FACE ( 'NONE', ( #6174 ), #4389, .T. ) ;
#3152 =( NAMED_UNIT ( * ) SI_UNIT ( $, .STERADIAN. ) SOLID_ANGLE_UNIT ( ) );
#3153 = EDGE_CURVE ( 'NONE', #6442, #6461, #4349, .T. ) ;
#3154 = CARTESIAN_POINT ( 'NONE',  ( 14.34999999999999609, -12.59999999999999964, 10.15000000000000391 ) ) ;
#3155 = LINE ( 'NONE', #6655, #6943 ) ;
#3156 = DIRECTION ( 'NONE',  ( 2.215108438555004799E-13, 0.0000000000000000000, 1.000000000000000000 ) ) ;
#3157 = EDGE_LOOP ( 'NONE', ( #6192, #6616, #3461, #2911 ) ) ;
#3158 = VECTOR ( 'NONE', #7352, 1000.000000000000000 ) ;
#3159 = FACE_OUTER_BOUND ( 'NONE', #1891, .T. ) ;
#3160 = MECHANICAL_DESIGN_GEOMETRIC_PRESENTATION_REPRESENTATION (  '', ( #2563 ), #1844 ) ;
#3161 =( NAMED_UNIT ( * ) PLANE_ANGLE_UNIT ( ) SI_UNIT ( $, .RADIAN. ) );
#3162 = CARTESIAN_POINT ( 'NONE',  ( 16.34999999999999787, -4.599999999999999645, 12.15000000000000391 ) ) ;
#3163 = AXIS2_PLACEMENT_3D ( 'NONE', #1182, #2041, #3672 ) ;
#3164 = AXIS2_PLACEMENT_3D ( 'NONE', #3214, #4961, #3772 ) ;
#3165 = PRESENTATION_STYLE_ASSIGNMENT (( #6134 ) ) ;
#3166 = EDGE_LOOP ( 'NONE', ( #1145, #2742, #3596 ) ) ;
#3167 = ORIENTED_EDGE ( 'NONE', *, *, #4913, .T. ) ;
#3168 = VECTOR ( 'NONE', #5011, 1000.000000000000000 ) ;
#3169 = LINE ( 'NONE', #4726, #5784 ) ;
#3170 = SURFACE_SIDE_STYLE ('',( #6850 ) ) ;
#3171 = LINE ( 'NONE', #3056, #5635 ) ;
#3172 =( GEOMETRIC_REPRESENTATION_CONTEXT ( 3 ) GLOBAL_UNCERTAINTY_ASSIGNED_CONTEXT ( ( #658 ) ) GLOBAL_UNIT_ASSIGNED_CONTEXT ( ( #5698, #2874, #2280 ) ) REPRESENTATION_CONTEXT ( 'NONE', 'WORKASPACE' ) );
#3173 = DIRECTION ( 'NONE',  ( -0.0000000000000000000, 1.000000000000000000, -0.0000000000000000000 ) ) ;
#3174 = VECTOR ( 'NONE', #1729, 1000.000000000000227 ) ;
#3175 = FACE_OUTER_BOUND ( 'NONE', #2877, .T. ) ;
#3176 = STYLED_ITEM ( 'NONE', ( #6485 ), #6339 ) ;
#3177 =( GEOMETRIC_REPRESENTATION_CONTEXT ( 3 ) GLOBAL_UNCERTAINTY_ASSIGNED_CONTEXT ( ( #5801 ) ) GLOBAL_UNIT_ASSIGNED_CONTEXT ( ( #2875, #5159, #6904 ) ) REPRESENTATION_CONTEXT ( 'NONE', 'WORKASPACE' ) );
#3178 = DIRECTION ( 'NONE',  ( -0.5773502691895390226, 0.5773502691896975625, 0.5773502691896406080 ) ) ;
#3179 = EDGE_LOOP ( 'NONE', ( #3813, #5600, #1981, #1471 ) ) ;
#3180 = DIRECTION ( 'NONE',  ( 0.0000000000000000000, 0.0000000000000000000, 1.000000000000000000 ) ) ;
#3181 = UNCERTAINTY_MEASURE_WITH_UNIT (LENGTH_MEASURE( 1.000000000000000082E-05 ), #6735, 'distance_accuracy_value', 'NONE');
#3182 = EDGE_LOOP ( 'NONE', ( #5964, #892, #503, #4092 ) ) ;
#3183 = DIRECTION ( 'NONE',  ( 0.0000000000000000000, 1.000000000000000000, -0.0000000000000000000 ) ) ;
#3184 = CARTESIAN_POINT ( 'NONE',  ( -14.32499996851920621, -18.61923881554287519, -3.746602379074059162E-12 ) ) ;
#3185 = ORIENTED_EDGE ( 'NONE', *, *, #221, .T. ) ;
#3186 = CARTESIAN_POINT ( 'NONE',  ( 7.241003607157344035, -10.11055129483321835, -12.14999999999999680 ) ) ;
#3187 = PRESENTATION_STYLE_ASSIGNMENT (( #6150 ) ) ;
#3188 = VERTEX_POINT ( 'NONE', #4310 ) ;
#3189 = PLANE ( 'NONE',  #3861 ) ;
#3190 = EDGE_CURVE ( 'NONE', #4762, #349, #3796, .T. ) ;
#3191 = CARTESIAN_POINT ( 'NONE',  ( -0.3563168074456526391, -12.19999999999999041, 10.21245434496620952 ) ) ;
#3192 = EDGE_CURVE ( 'NONE', #1658, #313, #4909, .T. ) ;
#3193 =( NAMED_UNIT ( * ) PLANE_ANGLE_UNIT ( ) SI_UNIT ( $, .RADIAN. ) );
#3194 = PLANE ( 'NONE',  #3450 ) ;
#3195 = CARTESIAN_POINT ( 'NONE',  ( -4.187565705693876872, -9.900000000000002132, -12.14999999999999680 ) ) ;
#3196 = VERTEX_POINT ( 'NONE', #3762 ) ;
#3197 = CARTESIAN_POINT ( 'NONE',  ( 7.170083562801061759E-16, -10.11055129483321835, -10.14999999999999503 ) ) ;
#3198 = DIRECTION ( 'NONE',  ( -1.000000000000000000, 0.0000000000000000000, 0.0000000000000000000 ) ) ;
#3199 = EDGE_CURVE ( 'NONE', #3901, #3681, #6697, .T. ) ;
#3200 = FACE_OUTER_BOUND ( 'NONE', #5642, .T. ) ;
#3201 = ADVANCED_FACE ( 'NONE', ( #957 ), #6104, .F. ) ;
#3202 = FACE_OUTER_BOUND ( 'NONE', #637, .T. ) ;
#3203 = ORIENTED_EDGE ( 'NONE', *, *, #2031, .T. ) ;
#3204 = ORIENTED_EDGE ( 'NONE', *, *, #388, .F. ) ;
#3205 = CARTESIAN_POINT ( 'NONE',  ( -3.487565705693870921, -10.11055129483321835, -11.64999999999999680 ) ) ;
#3206 = PRESENTATION_LAYER_ASSIGNMENT (  '', '', ( #5833 ) ) ;
#3207 = ORIENTED_EDGE ( 'NONE', *, *, #4972, .T. ) ;
#3208 = DIRECTION ( 'NONE',  ( 5.304964758338859037E-17, 0.0000000000000000000, -1.000000000000000000 ) ) ;
#3209 = CARTESIAN_POINT ( 'NONE',  ( 8.530452312324126041, -10.11055129483321835, -11.64999999999999680 ) ) ;
#3210 = EDGE_CURVE ( 'NONE', #4714, #3466, #426, .T. ) ;
#3211 = CIRCLE ( 'NONE', #28, 2.000000000000008882 ) ;
#3212 =( LENGTH_UNIT ( ) NAMED_UNIT ( * ) SI_UNIT ( .MILLI., .METRE. ) );
#3213 = ADVANCED_BREP_SHAPE_REPRESENTATION ( '794FA04F-49E7-4600-AAB5-4879086ABE50', ( #4345, #5627 ), #4297 ) ;
#3214 = CARTESIAN_POINT ( 'NONE',  ( -11.42500020299949171, -6.899999999999999467, -11.42499978884426781 ) ) ;
#3215 =( GEOMETRIC_REPRESENTATION_CONTEXT ( 3 ) GLOBAL_UNCERTAINTY_ASSIGNED_CONTEXT ( ( #5655 ) ) GLOBAL_UNIT_ASSIGNED_CONTEXT ( ( #7083, #5275, #4698 ) ) REPRESENTATION_CONTEXT ( 'NONE', 'WORKASPACE' ) );
#3216 = ORIENTED_EDGE ( 'NONE', *, *, #2236, .F. ) ;
#3217 = DIRECTION ( 'NONE',  ( 0.0000000000000000000, 0.0000000000000000000, -1.000000000000000000 ) ) ;
#3218 = ORIENTED_EDGE ( 'NONE', *, *, #1618, .T. ) ;
#3219 = DIRECTION ( 'NONE',  ( -0.0000000000000000000, -1.000000000000000000, 0.0000000000000000000 ) ) ;
#3220 = FACE_OUTER_BOUND ( 'NONE', #4812, .T. ) ;
#3221 = CARTESIAN_POINT ( 'NONE',  ( -14.32499996012495203, -12.20000000000000462, -10.72500000000015064 ) ) ;
#3222 = ORIENTED_EDGE ( 'NONE', *, *, #6047, .F. ) ;
#3223 = DIRECTION ( 'NONE',  ( 0.0000000000000000000, -1.000000000000000000, 0.0000000000000000000 ) ) ;
#3224 = CARTESIAN_POINT ( 'NONE',  ( 7.041719095097280880E-16, 11.50000000000000000, 0.0000000000000000000 ) ) ;
#3225 = CARTESIAN_POINT ( 'NONE',  ( -2.274999954687495496, -6.899999999999999467, 2.274999954687535020 ) ) ;
#3226 = ORIENTED_EDGE ( 'NONE', *, *, #5621, .T. ) ;
#3227 = CARTESIAN_POINT ( 'NONE',  ( 11.49999999999999822, -0.09999999999999592548, -11.50000000000000000 ) ) ;
#3228 =( NAMED_UNIT ( * ) SI_UNIT ( $, .STERADIAN. ) SOLID_ANGLE_UNIT ( ) );
#3229 = CARTESIAN_POINT ( 'NONE',  ( -10.39999994562513486, -12.59999999999999964, -10.14999999999999858 ) ) ;
#3230 = EDGE_CURVE ( 'NONE', #2688, #1947, #6665, .T. ) ;
#3231 = ORIENTED_EDGE ( 'NONE', *, *, #351, .T. ) ;
#3232 = CARTESIAN_POINT ( 'NONE',  ( 6.819901017490917816, 1.971773733146600697E-15, -11.64999999999999680 ) ) ;
#3233 = CARTESIAN_POINT ( 'NONE',  ( -2.198117000527087583, -10.11055129483321835, -11.64999999999999680 ) ) ;
#3234 = CARTESIAN_POINT ( 'NONE',  ( -13.39999993703557912, -4.599999999999999645, -6.349999972339651855 ) ) ;
#3235 = ORIENTED_EDGE ( 'NONE', *, *, #483, .T. ) ;
#3236 = ORIENTED_EDGE ( 'NONE', *, *, #6138, .F. ) ;
#3237 = SURFACE_STYLE_USAGE ( .BOTH. , #4992 ) ;
#3238 = ADVANCED_FACE ( 'NONE', ( #468 ), #1054, .F. ) ;
#3239 = ORIENTED_EDGE ( 'NONE', *, *, #3241, .T. ) ;
#3240 = FILL_AREA_STYLE ('',( #1086 ) ) ;
#3241 = EDGE_CURVE ( 'NONE', #747, #6103, #1084, .T. ) ;
#3242 = FACE_OUTER_BOUND ( 'NONE', #3157, .T. ) ;
#3243 = CIRCLE ( 'NONE', #3593, 2.000000000000013767 ) ;
#3244 = PRESENTATION_LAYER_ASSIGNMENT (  '', '', ( #6843 ) ) ;
#3245 = ADVANCED_FACE ( 'NONE', ( #3484 ), #1989, .T. ) ;
#3246 = ORIENTED_EDGE ( 'NONE', *, *, #2827, .F. ) ;
#3247 = SURFACE_STYLE_USAGE ( .BOTH. , #4394 ) ;
#3248 = VECTOR ( 'NONE', #1432, 1000.000000000000000 ) ;
#3249 = UNCERTAINTY_MEASURE_WITH_UNIT (LENGTH_MEASURE( 1.000000000000000082E-05 ), #988, 'distance_accuracy_value', 'NONE');
#3250 = ORIENTED_EDGE ( 'NONE', *, *, #3933, .T. ) ;
#3251 = FILL_AREA_STYLE ('',( #998 ) ) ;
#3252 =( LENGTH_UNIT ( ) NAMED_UNIT ( * ) SI_UNIT ( .MILLI., .METRE. ) );
#3253 = LINE ( 'NONE', #5543, #4901 ) ;
#3254 = CARTESIAN_POINT ( 'NONE',  ( -14.97499993203147106, -6.899999999999999467, -8.225000000000077804 ) ) ;
#3255 = EDGE_LOOP ( 'NONE', ( #3685, #4401, #4081, #4159 ) ) ;
#3256 = MECHANICAL_DESIGN_GEOMETRIC_PRESENTATION_REPRESENTATION (  '', ( #312 ), #3728 ) ;
#3257 = CARTESIAN_POINT ( 'NONE',  ( -2.198117000527087583, -8.400000000000000355, -12.14999999999999680 ) ) ;
#3258 = CARTESIAN_POINT ( 'NONE',  ( -0.9063168074456495749, -12.30000000000000071, 10.76245434496620668 ) ) ;
#3259 = LINE ( 'NONE', #1006, #3763 ) ;
#3260 = CARTESIAN_POINT ( 'NONE',  ( 0.0000000000000000000, 0.0000000000000000000, 0.0000000000000000000 ) ) ;
#3261 =( LENGTH_UNIT ( ) NAMED_UNIT ( * ) SI_UNIT ( .MILLI., .METRE. ) );
#3262 = DIRECTION ( 'NONE',  ( 1.000000000000000000, 0.0000000000000000000, -2.215108438555004799E-13 ) ) ;
#3263 = VERTEX_POINT ( 'NONE', #1774 ) ;
#3264 = LINE ( 'NONE', #5556, #3984 ) ;
#3265 = EDGE_LOOP ( 'NONE', ( #5759, #5812, #2893 ) ) ;
#3266 = LINE ( 'NONE', #5095, #6643 ) ;
#3267 = LINE ( 'NONE', #4342, #4833 ) ;
#3268 = ADVANCED_FACE ( 'NONE', ( #6309 ), #5062, .T. ) ;
#3269 =( NAMED_UNIT ( * ) SI_UNIT ( $, .STERADIAN. ) SOLID_ANGLE_UNIT ( ) );
#3270 = AXIS2_PLACEMENT_3D ( 'NONE', #1814, #3125, #3608 ) ;
#3271 = ORIENTED_EDGE ( 'NONE', *, *, #1871, .T. ) ;
#3272 = VECTOR ( 'NONE', #358, 1000.000000000000000 ) ;
#3273 = SURFACE_STYLE_FILL_AREA ( #985 ) ;
#3274 = EDGE_LOOP ( 'NONE', ( #5820, #237, #1999, #6376 ) ) ;
#3275 = COLOUR_RGB ( '',0.0000000000000000000, 0.007843137254901960675, 0.02745098039215686236 ) ;
#3276 = VECTOR ( 'NONE', #3774, 1000.000000000000000 ) ;
#3277 = CARTESIAN_POINT ( 'NONE',  ( 7.241003607157344035, -9.689448705166794795, -10.14999999999999503 ) ) ;
#3278 =( GEOMETRIC_REPRESENTATION_CONTEXT ( 3 ) GLOBAL_UNCERTAINTY_ASSIGNED_CONTEXT ( ( #6633 ) ) GLOBAL_UNIT_ASSIGNED_CONTEXT ( ( #4011, #56, #2257 ) ) REPRESENTATION_CONTEXT ( 'NONE', 'WORKASPACE' ) );
#3279 = VECTOR ( 'NONE', #1309, 1000.000000000000000 ) ;
#3280 = EDGE_CURVE ( 'NONE', #3557, #1853, #691, .T. ) ;
#3281 = PLANE ( 'NONE',  #687 ) ;
#3282 = VECTOR ( 'NONE', #1534, 1000.000000000000000 ) ;
#3283 = COLOUR_RGB ( '',0.1137254901960784298, 0.1137254901960784298, 0.1137254901960784298 ) ;
#3284 = EDGE_CURVE ( 'NONE', #1577, #5776, #6841, .T. ) ;
#3285 = LINE ( 'NONE', #1060, #2908 ) ;
#3286 = VECTOR ( 'NONE', #5421, 1000.000000000000000 ) ;
#3287 = EDGE_LOOP ( 'NONE', ( #2865, #3536, #3399 ) ) ;
#3288 = ORIENTED_EDGE ( 'NONE', *, *, #7301, .F. ) ;
#3289 = CIRCLE ( 'NONE', #1040, 8.201829064300508065 ) ;
#3290 = DIRECTION ( 'NONE',  ( 1.000000000000000000, -1.239088197126291063E-16, 5.304964758338859037E-17 ) ) ;
#3291 = COLOUR_RGB ( '',0.1137254901960784298, 0.1137254901960784298, 0.1137254901960784298 ) ;
#3292 = EDGE_CURVE ( 'NONE', #1942, #2583, #2330, .T. ) ;
#3293 = EDGE_CURVE ( 'NONE', #519, #4929, #1707, .T. ) ;
#3294 = AXIS2_PLACEMENT_3D ( 'NONE', #4257, #968, #6567 ) ;
#3295 = LINE ( 'NONE', #379, #4061 ) ;
#3296 = VECTOR ( 'NONE', #4325, 1000.000000000000000 ) ;
#3297 = CARTESIAN_POINT ( 'NONE',  ( -15.90000000000000391, -6.899999999999999467, 0.0000000000000000000 ) ) ;
#3298 = ORIENTED_EDGE ( 'NONE', *, *, #2356, .T. ) ;
#3299 = AXIS2_PLACEMENT_3D ( 'NONE', #122, #926, #1836 ) ;
#3300 = LINE ( 'NONE', #3191, #2244 ) ;
#3301 = ADVANCED_FACE ( 'NONE', ( #1748 ), #3381, .T. ) ;
#3302 = DIRECTION ( 'NONE',  ( -1.000000000000000000, 0.0000000000000000000, 0.0000000000000000000 ) ) ;
#3303 = VERTEX_POINT ( 'NONE', #6343 ) ;
#3304 = FACE_OUTER_BOUND ( 'NONE', #6511, .T. ) ;
#3305 = VERTEX_POINT ( 'NONE', #1218 ) ;
#3306 = CYLINDRICAL_SURFACE ( 'NONE', #444, 2.199999999999998845 ) ;
#3307 = ORIENTED_EDGE ( 'NONE', *, *, #1283, .F. ) ;
#3308 = CARTESIAN_POINT ( 'NONE',  ( -14.42499996012637098, -12.30000000000000071, -1.924875851675747762E-12 ) ) ;
#3309 = CARTESIAN_POINT ( 'NONE',  ( 7.241003607157344035, 7.488015623777569931E-32, -10.14999999999999503 ) ) ;
#3310 = CARTESIAN_POINT ( 'NONE',  ( -1.777014410860662252, 5.137714359448481921E-16, -11.64999999999999680 ) ) ;
#3311 = ORIENTED_EDGE ( 'NONE', *, *, #5718, .F. ) ;
#3312 = VERTEX_POINT ( 'NONE', #683 ) ;
#3313 = ORIENTED_EDGE ( 'NONE', *, *, #5910, .T. ) ;
#3314 = CYLINDRICAL_SURFACE ( 'NONE', #656, 2.199999999999999289 ) ;
#3315 = DIRECTION ( 'NONE',  ( 0.0000000000000000000, 0.0000000000000000000, 1.000000000000000000 ) ) ;
#3316 = CARTESIAN_POINT ( 'NONE',  ( 2.143683192554345585, -12.19999999999999751, 10.86245434496621343 ) ) ;
#3317 = EDGE_CURVE ( 'NONE', #2749, #6296, #2930, .T. ) ;
#3318 = EDGE_LOOP ( 'NONE', ( #5739, #172, #718, #2258 ) ) ;
#3319 = CARTESIAN_POINT ( 'NONE',  ( 16.34999999999999787, -4.599999999999999645, -12.14999999999999680 ) ) ;
#3320 = FILL_AREA_STYLE ('',( #6187 ) ) ;
#3321 = CARTESIAN_POINT ( 'NONE',  ( -13.40000052251277829, -6.899999999999999467, -1.235495486976247826E-06 ) ) ;
#3322 = AXIS2_PLACEMENT_3D ( 'NONE', #1580, #4969, #6148 ) ;
#3323 = LINE ( 'NONE', #5041, #564 ) ;
#3324 = EDGE_CURVE ( 'NONE', #7049, #6306, #541, .T. ) ;
#3325 = ORIENTED_EDGE ( 'NONE', *, *, #4041, .T. ) ;
#3326 = ADVANCED_FACE ( 'NONE', ( #1967 ), #164, .T. ) ;
#3327 = UNCERTAINTY_MEASURE_WITH_UNIT (LENGTH_MEASURE( 1.000000000000000082E-05 ), #5288, 'distance_accuracy_value', 'NONE');
#3328 = PLANE ( 'NONE',  #3515 ) ;
#3329 = COLOUR_RGB ( '',0.0000000000000000000, 0.9372549019607843146, 0.3450980392156862697 ) ;
#3330 = DIRECTION ( 'NONE',  ( 0.0000000000000000000, 0.0000000000000000000, -1.000000000000000000 ) ) ;
#3331 = DIRECTION ( 'NONE',  ( 0.0000000000000000000, 0.0000000000000000000, -1.000000000000000000 ) ) ;
#3332 = ORIENTED_EDGE ( 'NONE', *, *, #5621, .F. ) ;
#3333 = PLANE ( 'NONE',  #4107 ) ;
#3334 = DIRECTION ( 'NONE',  ( 3.269436954241216420E-49, -1.000000000000000000, -6.162975822039153361E-33 ) ) ;
#3335 = DIRECTION ( 'NONE',  ( -7.885106708985470298E-16, 0.0000000000000000000, -1.000000000000000000 ) ) ;
#3336 = VECTOR ( 'NONE', #5817, 1000.000000000000000 ) ;
#3337 = EDGE_CURVE ( 'NONE', #4782, #6103, #5945, .T. ) ;
#3338 = VERTEX_POINT ( 'NONE', #6427 ) ;
#3339 = EDGE_CURVE ( 'NONE', #5460, #5134, #3039, .T. ) ;
#3340 = DIRECTION ( 'NONE',  ( 2.891205793294677833E-16, -1.000000000000000000, 0.0000000000000000000 ) ) ;
#3341 = ORIENTED_EDGE ( 'NONE', *, *, #1977, .T. ) ;
#3342 = DIRECTION ( 'NONE',  ( 0.0000000000000000000, 0.0000000000000000000, -1.000000000000000000 ) ) ;
#3343 = CARTESIAN_POINT ( 'NONE',  ( 1.571026067530226910E-15, -6.400000000000003020, -10.14999999999999503 ) ) ;
#3344 = DIRECTION ( 'NONE',  ( 1.000000000000000000, 0.0000000000000000000, -0.0000000000000000000 ) ) ;
#3345 = ORIENTED_EDGE ( 'NONE', *, *, #3293, .T. ) ;
#3346 = ORIENTED_EDGE ( 'NONE', *, *, #4545, .T. ) ;
#3347 = CARTESIAN_POINT ( 'NONE',  ( -14.97499993203133251, -12.30000000000000071, -7.675000000000073541 ) ) ;
#3348 = EDGE_LOOP ( 'NONE', ( #628, #1481, #1252, #19 ) ) ;
#3349 = DIRECTION ( 'NONE',  ( -1.000000000000000000, 0.0000000000000000000, 0.0000000000000000000 ) ) ;
#3350 = LINE ( 'NONE', #6811, #3978 ) ;
#3351 =( LENGTH_UNIT ( ) NAMED_UNIT ( * ) SI_UNIT ( .MILLI., .METRE. ) );
#3352 = ORIENTED_EDGE ( 'NONE', *, *, #2306, .T. ) ;
#3353 = FACE_OUTER_BOUND ( 'NONE', #3738, .T. ) ;
#3354 = PRESENTATION_STYLE_ASSIGNMENT (( #1679 ) ) ;
#3355 = CARTESIAN_POINT ( 'NONE',  ( 13.35751266122969128, -5.599999999999999645, 0.0000000000000000000 ) ) ;
#3356 = CARTESIAN_POINT ( 'NONE',  ( 0.0000000000000000000, -6.899999999999999467, 11.78745434496620703 ) ) ;
#3357 = LINE ( 'NONE', #2796, #4871 ) ;
#3358 = EDGE_CURVE ( 'NONE', #1026, #1745, #4117, .T. ) ;
#3359 = VECTOR ( 'NONE', #874, 1000.000000000000000 ) ;
#3360 = CARTESIAN_POINT ( 'NONE',  ( -13.40000013987819472, -6.899999999999999467, -4.149999072413981693 ) ) ;
#3361 = ORIENTED_EDGE ( 'NONE', *, *, #7188, .T. ) ;
#3362 = CARTESIAN_POINT ( 'NONE',  ( 11.49999999999999822, -0.09999999999999592548, 11.50000000000000178 ) ) ;
#3363 = LINE ( 'NONE', #5695, #1298 ) ;
#3364 = ADVANCED_FACE ( 'NONE', ( #757, #3562 ), #1329, .T. ) ;
#3365 = VERTEX_POINT ( 'NONE', #3075 ) ;
#3366 = CARTESIAN_POINT ( 'NONE',  ( 14.34999999999999609, -12.59999999999999964, 10.15000000000000391 ) ) ;
#3367 = CARTESIAN_POINT ( 'NONE',  ( 0.8686831925543407884, -6.899999999999999467, 9.287454344966208808 ) ) ;
#3368 = EDGE_CURVE ( 'NONE', #6695, #3675, #198, .T. ) ;
#3369 =( NAMED_UNIT ( * ) SI_UNIT ( $, .STERADIAN. ) SOLID_ANGLE_UNIT ( ) );
#3370 = EDGE_LOOP ( 'NONE', ( #605, #3617, #557, #6452 ) ) ;
#3371 = CARTESIAN_POINT ( 'NONE',  ( 1.493683192554345673, -6.899999999999999467, 0.0000000000000000000 ) ) ;
#3372 = ORIENTED_EDGE ( 'NONE', *, *, #6784, .F. ) ;
#3373 = DIRECTION ( 'NONE',  ( 1.000000000000000000, -2.668805347656626678E-16, 0.0000000000000000000 ) ) ;
#3374 = DIRECTION ( 'NONE',  ( -2.264556430794584913E-14, -0.7071067811865230368, 0.7071067811865721087 ) ) ;
#3375 = LINE ( 'NONE', #2255, #1388 ) ;
#3376 = STYLED_ITEM ( 'NONE', ( #952 ), #4492 ) ;
#3377 = EDGE_CURVE ( 'NONE', #3694, #3303, #6542, .T. ) ;
#3378 = EDGE_CURVE ( 'NONE', #328, #5103, #7096, .T. ) ;
#3379 = EDGE_LOOP ( 'NONE', ( #6053, #6589, #1191, #6598 ) ) ;
#3380 = DIRECTION ( 'NONE',  ( -2.668805347656623326E-15, 0.0000000000000000000, 1.000000000000000000 ) ) ;
#3381 = PLANE ( 'NONE',  #5075 ) ;
#3382 = ORIENTED_EDGE ( 'NONE', *, *, #5399, .F. ) ;
#3383 =( LENGTH_UNIT ( ) NAMED_UNIT ( * ) SI_UNIT ( .MILLI., .METRE. ) );
#3384 = CARTESIAN_POINT ( 'NONE',  ( 7.553621657310904677E-16, 6.871718041573652269E-32, -11.14999999999999680 ) ) ;
#3385 = MECHANICAL_DESIGN_GEOMETRIC_PRESENTATION_REPRESENTATION (  '', ( #561 ), #7218 ) ;
#3386 = PRESENTATION_LAYER_ASSIGNMENT (  '', '', ( #2563 ) ) ;
#3387 = PRESENTATION_STYLE_ASSIGNMENT (( #1089 ) ) ;
#3388 = FILL_AREA_STYLE ('',( #1782 ) ) ;
#3389 = EDGE_LOOP ( 'NONE', ( #1181, #1280, #4523, #474 ) ) ;
#3390 = DIRECTION ( 'NONE',  ( -3.269436954241216420E-49, 1.000000000000000000, 6.162975822039153361E-33 ) ) ;
#3391 = MECHANICAL_DESIGN_GEOMETRIC_PRESENTATION_REPRESENTATION (  '', ( #7334 ), #1031 ) ;
#3392 = DIRECTION ( 'NONE',  ( 1.000000000000000000, 0.0000000000000000000, -1.334402673828022151E-15 ) ) ;
#3393 = DIRECTION ( 'NONE',  ( -2.891205793294679312E-16, -1.000000000000000000, 0.0000000000000000000 ) ) ;
#3394 = DIRECTION ( 'NONE',  ( 2.409338161078898194E-16, 1.000000000000000000, 0.0000000000000000000 ) ) ;
#3395 = VECTOR ( 'NONE', #929, 1000.000000000000000 ) ;
#3396 = VECTOR ( 'NONE', #3876, 1000.000000000000000 ) ;
#3397 = MECHANICAL_DESIGN_GEOMETRIC_PRESENTATION_REPRESENTATION (  '', ( #7335 ), #4699 ) ;
#3398 = STYLED_ITEM ( 'NONE', ( #1585 ), #1334 ) ;
#3399 = ORIENTED_EDGE ( 'NONE', *, *, #4051, .T. ) ;
#3400 = DIRECTION ( 'NONE',  ( 0.0000000000000000000, 0.0000000000000000000, 1.000000000000000000 ) ) ;
#3401 = VECTOR ( 'NONE', #3057, 1000.000000000000114 ) ;
#3402 = PRESENTATION_LAYER_ASSIGNMENT (  '', '', ( #5672 ) ) ;
#3403 = CARTESIAN_POINT ( 'NONE',  ( -1.006316807445652106, -12.30000000000000071, 10.76245434496620668 ) ) ;
#3404 = DIRECTION ( 'NONE',  ( -0.7071067811865495711, 0.0000000000000000000, 0.7071067811865454633 ) ) ;
#3405 = AXIS2_PLACEMENT_3D ( 'NONE', #4060, #1763, #1832 ) ;
#3406 = VECTOR ( 'NONE', #2758, 1000.000000000000000 ) ;
#3407 = AXIS2_PLACEMENT_3D ( 'NONE', #4216, #186, #1317 ) ;
#3408 = ORIENTED_EDGE ( 'NONE', *, *, #1778, .T. ) ;
#3409 = SURFACE_STYLE_USAGE ( .BOTH. , #2739 ) ;
#3410 = CARTESIAN_POINT ( 'NONE',  ( 1.076209146011456178E-14, -6.899999999999999467, 11.78745434496620526 ) ) ;
#3411 = SURFACE_STYLE_USAGE ( .BOTH. , #3927 ) ;
#3412 = VERTEX_POINT ( 'NONE', #2441 ) ;
#3413 =( LENGTH_UNIT ( ) NAMED_UNIT ( * ) SI_UNIT ( .MILLI., .METRE. ) );
#3414 = EDGE_LOOP ( 'NONE', ( #5610, #4368, #6105, #858, #4374 ) ) ;
#3415 = LINE ( 'NONE', #3931, #7225 ) ;
#3416 = EDGE_CURVE ( 'NONE', #6074, #519, #5370, .T. ) ;
#3417 = FACE_OUTER_BOUND ( 'NONE', #5047, .T. ) ;
#3418 = CARTESIAN_POINT ( 'NONE',  ( 14.35000000000000142, -12.59999999999999964, -12.15000000000001279 ) ) ;
#3419 = EDGE_CURVE ( 'NONE', #1704, #5788, #240, .T. ) ;
#3420 = ORIENTED_EDGE ( 'NONE', *, *, #1884, .F. ) ;
#3421 = ORIENTED_EDGE ( 'NONE', *, *, #305, .T. ) ;
#3422 = SURFACE_SIDE_STYLE ('',( #1157 ) ) ;
#3423 = ORIENTED_EDGE ( 'NONE', *, *, #1676, .T. ) ;
#3424 = EDGE_CURVE ( 'NONE', #3126, #5567, #88, .T. ) ;
#3425 = FILL_AREA_STYLE_COLOUR ( '', #2664 ) ;
#3426 = EDGE_CURVE ( 'NONE', #2290, #2344, #2963, .T. ) ;
#3427 = PLANE ( 'NONE',  #2573 ) ;
#3428 = CARTESIAN_POINT ( 'NONE',  ( -0.4875657056938695888, -10.11055129483321835, -11.64999999999999680 ) ) ;
#3429 = FILL_AREA_STYLE ('',( #1754 ) ) ;
#3430 = VERTEX_POINT ( 'NONE', #2598 ) ;
#3431 = DIRECTION ( 'NONE',  ( -1.334402673827726470E-13, 0.0000000000000000000, 1.000000000000000000 ) ) ;
#3432 = EDGE_CURVE ( 'NONE', #178, #6296, #5451, .T. ) ;
#3433 = DIRECTION ( 'NONE',  ( 0.0000000000000000000, -1.000000000000000000, 0.0000000000000000000 ) ) ;
#3434 = CARTESIAN_POINT ( 'NONE',  ( -3.406316807445656014, -12.30000000000000071, 10.76245434496621201 ) ) ;
#3435 = ORIENTED_EDGE ( 'NONE', *, *, #6720, .F. ) ;
#3436 = FACE_OUTER_BOUND ( 'NONE', #7151, .T. ) ;
#3437 = DIRECTION ( 'NONE',  ( 1.227920561723996522E-14, 0.7071067811865230368, -0.7071067811865721087 ) ) ;
#3438 = FACE_OUTER_BOUND ( 'NONE', #6237, .T. ) ;
#3439 = VECTOR ( 'NONE', #861, 1000.000000000000000 ) ;
#3440 = ORIENTED_EDGE ( 'NONE', *, *, #4460, .T. ) ;
#3441 = PLANE ( 'NONE',  #3407 ) ;
#3442 =( NAMED_UNIT ( * ) PLANE_ANGLE_UNIT ( ) SI_UNIT ( $, .RADIAN. ) );
#3443 = VERTEX_POINT ( 'NONE', #4266 ) ;
#3444 = ORIENTED_EDGE ( 'NONE', *, *, #2721, .F. ) ;
#3445 = LINE ( 'NONE', #2954, #1846 ) ;
#3446 = VECTOR ( 'NONE', #2896, 1000.000000000000000 ) ;
#3447 = LINE ( 'NONE', #6834, #193 ) ;
#3448 = ADVANCED_FACE ( 'NONE', ( #6019 ), #905, .F. ) ;
#3449 = EDGE_LOOP ( 'NONE', ( #1949, #4145, #5231, #2633 ) ) ;
#3450 = AXIS2_PLACEMENT_3D ( 'NONE', #488, #1588, #4978 ) ;
#3451 =( NAMED_UNIT ( * ) PLANE_ANGLE_UNIT ( ) SI_UNIT ( $, .RADIAN. ) );
#3452 = LINE ( 'NONE', #1805, #4398 ) ;
#3453 = SURFACE_STYLE_USAGE ( .BOTH. , #3422 ) ;
#3454 = ORIENTED_EDGE ( 'NONE', *, *, #1068, .T. ) ;
#3455 = DIRECTION ( 'NONE',  ( -1.000000000000000000, 0.0000000000000000000, 1.577021341797096623E-15 ) ) ;
#3456 = FILL_AREA_STYLE_COLOUR ( '', #5774 ) ;
#3457 = LINE ( 'NONE', #2262, #4821 ) ;
#3458 = ADVANCED_FACE ( 'NONE', ( #7139 ), #3712, .T. ) ;
#3459 = DIRECTION ( 'NONE',  ( 0.7071067811865398012, 0.0000000000000000000, 0.7071067811865552333 ) ) ;
#3460 = EDGE_CURVE ( 'NONE', #3951, #3938, #3350, .T. ) ;
#3461 = ORIENTED_EDGE ( 'NONE', *, *, #6143, .T. ) ;
#3462 = CARTESIAN_POINT ( 'NONE',  ( 0.0000000000000000000, -5.599999999999999645, 4.300192520074537228 ) ) ;
#3463 =( LENGTH_UNIT ( ) NAMED_UNIT ( * ) SI_UNIT ( .MILLI., .METRE. ) );
#3464 = CARTESIAN_POINT ( 'NONE',  ( -16.35000000000000853, -4.599999999999999645, -12.14999999999999858 ) ) ;
#3465 = EDGE_CURVE ( 'NONE', #4052, #3930, #1195, .T. ) ;
#3466 = VERTEX_POINT ( 'NONE', #5224 ) ;
#3467 = UNCERTAINTY_MEASURE_WITH_UNIT (LENGTH_MEASURE( 1.000000000000000082E-05 ), #6614, 'distance_accuracy_value', 'NONE');
#3468 = ORIENTED_EDGE ( 'NONE', *, *, #5700, .F. ) ;
#3469 = DIRECTION ( 'NONE',  ( -0.7071067159904811383, 0.0000000000000000000, -0.7071068463826079009 ) ) ;
#3470 = DIRECTION ( 'NONE',  ( -0.5773502691895959771, -0.5773502691895588956, 0.5773502691897224315 ) ) ;
#3471 = SURFACE_STYLE_FILL_AREA ( #3512 ) ;
#3472 = VECTOR ( 'NONE', #2057, 1000.000000000000000 ) ;
#3473 = ORIENTED_EDGE ( 'NONE', *, *, #5618, .T. ) ;
#3474 = DIRECTION ( 'NONE',  ( -1.000000000000000000, 0.0000000000000000000, 0.0000000000000000000 ) ) ;
#3475 = DIRECTION ( 'NONE',  ( 1.000000000000000000, 0.0000000000000000000, -9.130123557772656255E-16 ) ) ;
#3476 = ORIENTED_EDGE ( 'NONE', *, *, #6440, .T. ) ;
#3477 = ORIENTED_EDGE ( 'NONE', *, *, #2469, .F. ) ;
#3478 = DIRECTION ( 'NONE',  ( 0.0000000000000000000, -1.000000000000000000, 0.0000000000000000000 ) ) ;
#3479 = DIRECTION ( 'NONE',  ( -3.269436954241216420E-49, 1.000000000000000000, 6.162975822039153361E-33 ) ) ;
#3480 = CARTESIAN_POINT ( 'NONE',  ( 7.241003607157344035, -8.400000000000000355, -11.14999999999999680 ) ) ;
#3481 = EDGE_LOOP ( 'NONE', ( #6444, #2353, #2986, #1558 ) ) ;
#3482 = SURFACE_STYLE_USAGE ( .BOTH. , #6341 ) ;
#3483 = ORIENTED_EDGE ( 'NONE', *, *, #6514, .T. ) ;
#3484 = FACE_OUTER_BOUND ( 'NONE', #3821, .T. ) ;
#3485 = ORIENTED_EDGE ( 'NONE', *, *, #351, .F. ) ;
#3486 = FACE_OUTER_BOUND ( 'NONE', #1109, .T. ) ;
#3487 = AXIS2_PLACEMENT_3D ( 'NONE', #3798, #6140, #3866 ) ;
#3488 = EDGE_CURVE ( 'NONE', #6929, #6569, #6350, .T. ) ;
#3489 = CARTESIAN_POINT ( 'NONE',  ( -3.485777327012159255, 6.871718041573654458E-32, -11.14999999999999680 ) ) ;
#3490 = DIRECTION ( 'NONE',  ( 0.0000000000000000000, 0.0000000000000000000, -1.000000000000000000 ) ) ;
#3491 = PRESENTATION_LAYER_ASSIGNMENT (  '', '', ( #72 ) ) ;
#3492 = PRESENTATION_STYLE_ASSIGNMENT (( #6351 ) ) ;
#3493 = FACE_OUTER_BOUND ( 'NONE', #1365, .T. ) ;
#3494 = EDGE_LOOP ( 'NONE', ( #612, #6213, #6973, #3962 ) ) ;
#3495 = FILL_AREA_STYLE ('',( #6998 ) ) ;
#3496 = EDGE_CURVE ( 'NONE', #3938, #4768, #2294, .T. ) ;
#3497 = PRESENTATION_STYLE_ASSIGNMENT (( #2940 ) ) ;
#3498 = CARTESIAN_POINT ( 'NONE',  ( 5.530452312324126041, 7.488015623777569931E-32, -11.64999999999999680 ) ) ;
#3499 = EDGE_CURVE ( 'NONE', #6300, #3365, #6848, .T. ) ;
#3500 = VECTOR ( 'NONE', #33, 1000.000000000000000 ) ;
#3501 = COLOUR_RGB ( '',0.9686274509803921573, 0.9686274509803921573, 0.9686274509803921573 ) ;
#3502 = ORIENTED_EDGE ( 'NONE', *, *, #491, .F. ) ;
#3503 = ORIENTED_EDGE ( 'NONE', *, *, #1600, .T. ) ;
#3504 = DIRECTION ( 'NONE',  ( 3.269436954241216800E-49, -1.000000000000000000, -6.162975822039153361E-33 ) ) ;
#3505 = EDGE_CURVE ( 'NONE', #4555, #3797, #650, .T. ) ;
#3506 = VECTOR ( 'NONE', #7069, 1000.000000000000000 ) ;
#3507 = MECHANICAL_DESIGN_GEOMETRIC_PRESENTATION_REPRESENTATION (  '', ( #5438 ), #6996 ) ;
#3508 = EDGE_CURVE ( 'NONE', #5693, #6630, #589, .T. ) ;
#3509 = LINE ( 'NONE', #3403, #1544 ) ;
#3510 = STYLED_ITEM ( 'NONE', ( #3835 ), #3919 ) ;
#3511 = PRESENTATION_LAYER_ASSIGNMENT (  '', '', ( #7335 ) ) ;
#3512 = FILL_AREA_STYLE ('',( #562 ) ) ;
#3513 = ORIENTED_EDGE ( 'NONE', *, *, #2070, .F. ) ;
#3514 = VECTOR ( 'NONE', #4079, 1000.000000000000000 ) ;
#3515 = AXIS2_PLACEMENT_3D ( 'NONE', #5622, #1131, #6229 ) ;
#3516 = CARTESIAN_POINT ( 'NONE',  ( 6.819901017490917816, 1.971773733146600697E-15, -11.64999999999999680 ) ) ;
#3517 = PLANE ( 'NONE',  #4469 ) ;
#3518 =( NAMED_UNIT ( * ) PLANE_ANGLE_UNIT ( ) SI_UNIT ( $, .RADIAN. ) );
#3519 = ORIENTED_EDGE ( 'NONE', *, *, #5208, .T. ) ;
#3520 = VECTOR ( 'NONE', #5028, 1000.000000000000000 ) ;
#3521 = ORIENTED_EDGE ( 'NONE', *, *, #1977, .F. ) ;
#3522 = CARTESIAN_POINT ( 'NONE',  ( 7.030452312324132258, -9.900000000000003908, -12.14999999999999680 ) ) ;
#3523 = VECTOR ( 'NONE', #1175, 1000.000000000000000 ) ;
#3524 = DIRECTION ( 'NONE',  ( 0.0000000000000000000, 1.000000000000000000, 0.0000000000000000000 ) ) ;
#3525 = VECTOR ( 'NONE', #2624, 1000.000000000000000 ) ;
#3526 = ORIENTED_EDGE ( 'NONE', *, *, #3339, .T. ) ;
#3527 = LINE ( 'NONE', #835, #5919 ) ;
#3528 = CARTESIAN_POINT ( 'NONE',  ( -14.32499993203133215, -18.61923881554287519, -8.225000000000081357 ) ) ;
#3529 = DIRECTION ( 'NONE',  ( -1.000000000000000000, 0.0000000000000000000, 0.0000000000000000000 ) ) ;
#3530 = ORIENTED_EDGE ( 'NONE', *, *, #4272, .F. ) ;
#3531 = LINE ( 'NONE', #1709, #7325 ) ;
#3532 = CARTESIAN_POINT ( 'NONE',  ( 1.262434294306124638, -1.564267433722175243E-16, -10.14999999999999503 ) ) ;
#3533 = DIRECTION ( 'NONE',  ( 3.269436954241216800E-49, -1.000000000000000000, -6.162975822039153361E-33 ) ) ;
#3534 = ORIENTED_EDGE ( 'NONE', *, *, #2224, .F. ) ;
#3535 = CARTESIAN_POINT ( 'NONE',  ( 5.530452312324126041, -10.11055129483321835, -11.64999999999999680 ) ) ;
#3536 = ORIENTED_EDGE ( 'NONE', *, *, #7234, .T. ) ;
#3537 = SURFACE_STYLE_FILL_AREA ( #3495 ) ;
#3538 =( NAMED_UNIT ( * ) SI_UNIT ( $, .STERADIAN. ) SOLID_ANGLE_UNIT ( ) );
#3539 = LINE ( 'NONE', #4132, #6765 ) ;
#3540 = EDGE_CURVE ( 'NONE', #3557, #5847, #331, .T. ) ;
#3541 = ORIENTED_EDGE ( 'NONE', *, *, #5951, .F. ) ;
#3542 = LINE ( 'NONE', #2977, #2578 ) ;
#3543 = EDGE_LOOP ( 'NONE', ( #301, #825, #864, #3055 ) ) ;
#3544 = DIRECTION ( 'NONE',  ( -2.891205793294677833E-16, 1.000000000000000000, -1.342363825506707313E-32 ) ) ;
#3545 =( NAMED_UNIT ( * ) PLANE_ANGLE_UNIT ( ) SI_UNIT ( $, .RADIAN. ) );
#3546 = EDGE_LOOP ( 'NONE', ( #6031, #493, #641, #3096 ) ) ;
#3547 = EDGE_CURVE ( 'NONE', #1014, #3810, #2337, .T. ) ;
#3548 = CARTESIAN_POINT ( 'NONE',  ( 5.530452312324126041, 7.488015623777569931E-32, -11.14999999999999680 ) ) ;
#3549 = PLANE ( 'NONE',  #1393 ) ;
#3550 = DIRECTION ( 'NONE',  ( 3.624991326682406617E-08, 0.0000000000000000000, 0.9999999999999993339 ) ) ;
#3551 = ORIENTED_EDGE ( 'NONE', *, *, #5962, .T. ) ;
#3552 = VERTEX_POINT ( 'NONE', #4491 ) ;
#3553 = SURFACE_SIDE_STYLE ('',( #1287 ) ) ;
#3554 = DIRECTION ( 'NONE',  ( 0.0000000000000000000, -1.000000000000000000, 0.0000000000000000000 ) ) ;
#3555 = VECTOR ( 'NONE', #3437, 1000.000000000000000 ) ;
#3556 = LINE ( 'NONE', #6492, #814 ) ;
#3557 = VERTEX_POINT ( 'NONE', #5107 ) ;
#3558 = EDGE_CURVE ( 'NONE', #986, #4714, #1166, .T. ) ;
#3559 = ADVANCED_FACE ( 'NONE', ( #5716 ), #620, .T. ) ;
#3560 = DIRECTION ( 'NONE',  ( -1.000000000000000000, 0.0000000000000000000, -6.774548571579288900E-17 ) ) ;
#3561 = PLANE ( 'NONE',  #6338 ) ;
#3562 = FACE_BOUND ( 'NONE', #5255, .T. ) ;
#3563 = VECTOR ( 'NONE', #4323, 1000.000000000000000 ) ;
#3564 = VERTEX_POINT ( 'NONE', #4239 ) ;
#3565 = LINE ( 'NONE', #4190, #1248 ) ;
#3566 = DIRECTION ( 'NONE',  ( 0.0000000000000000000, 0.0000000000000000000, -1.000000000000000000 ) ) ;
#3567 = DIRECTION ( 'NONE',  ( -1.239088197126290817E-16, -1.000000000000000000, -1.455723899794182381E-32 ) ) ;
#3568 = VECTOR ( 'NONE', #2781, 1000.000000000000000 ) ;
#3569 = FACE_OUTER_BOUND ( 'NONE', #2195, .T. ) ;
#3570 = DIRECTION ( 'NONE',  ( -1.000000000000000000, 0.0000000000000000000, -8.807057647264946433E-14 ) ) ;
#3571 = EDGE_LOOP ( 'NONE', ( #6609, #6046, #2706, #7166 ) ) ;
#3572 = VERTEX_POINT ( 'NONE', #1896 ) ;
#3573 = CARTESIAN_POINT ( 'NONE',  ( 11.49999999999999822, -3.000000000000000000, 11.50000000000000178 ) ) ;
#3574 = DIRECTION ( 'NONE',  ( 0.7071067811865721087, 0.7071067811865230368, -4.717825897487471839E-16 ) ) ;
#3575 = ORIENTED_EDGE ( 'NONE', *, *, #5797, .T. ) ;
#3576 = FILL_AREA_STYLE ('',( #2939 ) ) ;
#3577 = DIRECTION ( 'NONE',  ( -1.000000000000000000, 0.0000000000000000000, -8.807057647264946433E-14 ) ) ;
#3578 = VERTEX_POINT ( 'NONE', #5419 ) ;
#3579 = FACE_BOUND ( 'NONE', #3035, .T. ) ;
#3580 = CARTESIAN_POINT ( 'NONE',  ( -14.35000000000000320, -12.20000000000000107, 12.15000000000000391 ) ) ;
#3581 = EDGE_LOOP ( 'NONE', ( #2979, #3146, #195, #3207 ) ) ;
#3582 = DIRECTION ( 'NONE',  ( 1.000000000000000000, 0.0000000000000000000, 0.0000000000000000000 ) ) ;
#3583 = VECTOR ( 'NONE', #239, 1000.000000000000000 ) ;
#3584 = EDGE_CURVE ( 'NONE', #1219, #3578, #5303, .T. ) ;
#3585 = CARTESIAN_POINT ( 'NONE',  ( -14.35000000000000320, -4.599999999999999645, 10.15000000000000391 ) ) ;
#3586 = ORIENTED_EDGE ( 'NONE', *, *, #1148, .T. ) ;
#3587 = AXIS2_PLACEMENT_3D ( 'NONE', #5143, #67, #4053 ) ;
#3588 = SURFACE_STYLE_FILL_AREA ( #1316 ) ;
#3589 = ORIENTED_EDGE ( 'NONE', *, *, #3145, .T. ) ;
#3590 = ORIENTED_EDGE ( 'NONE', *, *, #2400, .F. ) ;
#3591 = DIRECTION ( 'NONE',  ( 0.0000000000000000000, 0.0000000000000000000, 1.000000000000000000 ) ) ;
#3592 =( NAMED_UNIT ( * ) PLANE_ANGLE_UNIT ( ) SI_UNIT ( $, .RADIAN. ) );
#3593 = AXIS2_PLACEMENT_3D ( 'NONE', #3702, #4926, #6007 ) ;
#3594 = VECTOR ( 'NONE', #5944, 1000.000000000000000 ) ;
#3595 = EDGE_CURVE ( 'NONE', #4473, #4477, #1023, .T. ) ;
#3596 = ORIENTED_EDGE ( 'NONE', *, *, #4883, .T. ) ;
#3597 = LINE ( 'NONE', #5891, #5789 ) ;
#3598 = CARTESIAN_POINT ( 'NONE',  ( -3.778227730679330852E-12, -12.20000000000000462, -10.72500000000519726 ) ) ;
#3599 = CARTESIAN_POINT ( 'NONE',  ( 14.34999999999999609, -4.599999999999999645, 12.15000000000000391 ) ) ;
#3600 = ORIENTED_EDGE ( 'NONE', *, *, #1163, .T. ) ;
#3601 = CIRCLE ( 'NONE', #5149, 2.000000000000008882 ) ;
#3602 = CARTESIAN_POINT ( 'NONE',  ( -4.509385576205925616, -4.599999999999999645, 4.509385576205834134 ) ) ;
#3603 = FACE_OUTER_BOUND ( 'NONE', #396, .T. ) ;
#3604 = CARTESIAN_POINT ( 'NONE',  ( 2.223782055935355083E-13, -18.61923881554287519, -7.574999999999637801 ) ) ;
#3605 = DIRECTION ( 'NONE',  ( 0.0000000000000000000, 0.0000000000000000000, 1.000000000000000000 ) ) ;
#3606 = EDGE_CURVE ( 'NONE', #5380, #4797, #2527, .T. ) ;
#3607 = CARTESIAN_POINT ( 'NONE',  ( -14.85000000000000675, -3.000000000000000000, -1.000000000000001554 ) ) ;
#3608 = DIRECTION ( 'NONE',  ( 0.0000000000000000000, 0.0000000000000000000, 1.000000000000000000 ) ) ;
#3609 = ORIENTED_EDGE ( 'NONE', *, *, #3957, .T. ) ;
#3610 = ORIENTED_EDGE ( 'NONE', *, *, #6736, .F. ) ;
#3611 = CARTESIAN_POINT ( 'NONE',  ( 11.39999999999999325, 0.0000000000000000000, -1.513274595042189086 ) ) ;
#3612 = LINE ( 'NONE', #2456, #3506 ) ;
#3613 = ORIENTED_EDGE ( 'NONE', *, *, #1018, .F. ) ;
#3614 = CARTESIAN_POINT ( 'NONE',  ( -0.4893540843755935232, -4.599999999999999645, -11.14999999999999680 ) ) ;
#3615 = LINE ( 'NONE', #4205, #3401 ) ;
#3616 = VECTOR ( 'NONE', #5336, 1000.000000000000000 ) ;
#3617 = ORIENTED_EDGE ( 'NONE', *, *, #4451, .F. ) ;
#3618 = UNCERTAINTY_MEASURE_WITH_UNIT (LENGTH_MEASURE( 1.000000000000000082E-05 ), #5721, 'distance_accuracy_value', 'NONE');
#3619 = STYLED_ITEM ( 'NONE', ( #1883 ), #4735 ) ;
#3620 = EDGE_LOOP ( 'NONE', ( #5241, #2750, #4370, #3530 ) ) ;
#3621 = CARTESIAN_POINT ( 'NONE',  ( -4.431316807445652373, -6.899999999999999467, 11.78745434496620703 ) ) ;
#3622 = CARTESIAN_POINT ( 'NONE',  ( 14.34999999999999609, -12.59999999999999964, 10.15000000000000391 ) ) ;
#3623 = AXIS2_PLACEMENT_3D ( 'NONE', #4749, #278, #723 ) ;
#3624 = ORIENTED_EDGE ( 'NONE', *, *, #7001, .T. ) ;
#3625 = CARTESIAN_POINT ( 'NONE',  ( 6.819901017490917816, 1.971773733146600697E-15, -12.14999999999999680 ) ) ;
#3626 = AXIS2_PLACEMENT_3D ( 'NONE', #730, #2763, #6226 ) ;
#3627 = VERTEX_POINT ( 'NONE', #5864 ) ;
#3628 = VECTOR ( 'NONE', #2392, 1000.000000000000000 ) ;
#3629 = ORIENTED_EDGE ( 'NONE', *, *, #2511, .F. ) ;
#3630 = DIRECTION ( 'NONE',  ( 0.0000000000000000000, -0.0000000000000000000, -1.000000000000000000 ) ) ;
#3631 =( GEOMETRIC_REPRESENTATION_CONTEXT ( 3 ) GLOBAL_UNCERTAINTY_ASSIGNED_CONTEXT ( ( #1466 ) ) GLOBAL_UNIT_ASSIGNED_CONTEXT ( ( #3413, #1698, #1347 ) ) REPRESENTATION_CONTEXT ( 'NONE', 'WORKASPACE' ) );
#3632 = AXIS2_PLACEMENT_3D ( 'NONE', #3384, #1643, #5613 ) ;
#3633 = AXIS2_PLACEMENT_3D ( 'NONE', #148, #660, #1875 ) ;
#3634 = CARTESIAN_POINT ( 'NONE',  ( -0.4563168074456555035, -12.30000000000000071, 10.76245434496620845 ) ) ;
#3635 = COLOUR_RGB ( '',0.0000000000000000000, 0.007843137254901960675, 0.02745098039215686236 ) ;
#3636 = CARTESIAN_POINT ( 'NONE',  ( 0.0000000000000000000, -6.899999999999999467, 9.287454344966207032 ) ) ;
#3637 = MECHANICAL_DESIGN_GEOMETRIC_PRESENTATION_REPRESENTATION (  '', ( #215 ), #5184 ) ;
#3638 = CARTESIAN_POINT ( 'NONE',  ( 11.45000000000039719, -3.000000000000000000, 11.44999999999960316 ) ) ;
#3639 = DIRECTION ( 'NONE',  ( 0.0000000000000000000, 0.0000000000000000000, 1.000000000000000000 ) ) ;
#3640 = EDGE_CURVE ( 'NONE', #3552, #4108, #7324, .T. ) ;
#3641 = ORIENTED_EDGE ( 'NONE', *, *, #1179, .T. ) ;
#3642 = DIRECTION ( 'NONE',  ( 0.0000000000000000000, 0.0000000000000000000, -1.000000000000000000 ) ) ;
#3643 = DIRECTION ( 'NONE',  ( -0.7071067811865409114, 0.0000000000000000000, 0.7071067811865541231 ) ) ;
#3644 = VECTOR ( 'NONE', #2183, 1000.000000000000000 ) ;
#3645 = AXIS2_PLACEMENT_3D ( 'NONE', #4569, #3433, #6892 ) ;
#3646 = LINE ( 'NONE', #3717, #2778 ) ;
#3647 = DIRECTION ( 'NONE',  ( -3.624991156526046762E-08, 0.0000000000000000000, -0.9999999999999994449 ) ) ;
#3648 = EDGE_CURVE ( 'NONE', #3889, #6680, #4808, .T. ) ;
#3649 = LINE ( 'NONE', #763, #2105 ) ;
#3650 =( GEOMETRIC_REPRESENTATION_CONTEXT ( 3 ) GLOBAL_UNCERTAINTY_ASSIGNED_CONTEXT ( ( #891 ) ) GLOBAL_UNIT_ASSIGNED_CONTEXT ( ( #3066, #827, #5359 ) ) REPRESENTATION_CONTEXT ( 'NONE', 'WORKASPACE' ) );
#3651 = DIRECTION ( 'NONE',  ( 0.0000000000000000000, 1.000000000000000000, -0.0000000000000000000 ) ) ;
#3652 = MECHANICAL_DESIGN_GEOMETRIC_PRESENTATION_REPRESENTATION (  '', ( #696 ), #584 ) ;
#3653 = ORIENTED_EDGE ( 'NONE', *, *, #5797, .F. ) ;
#3654 = CARTESIAN_POINT ( 'NONE',  ( -11.40000000000000568, -0.09999999999999592548, -11.50000000000000000 ) ) ;
#3655 = ADVANCED_FACE ( 'NONE', ( #5378 ), #2487, .T. ) ;
#3656 = FILL_AREA_STYLE ('',( #2055 ) ) ;
#3657 = AXIS2_PLACEMENT_3D ( 'NONE', #6368, #6557, #5426 ) ;
#3658 = EDGE_CURVE ( 'NONE', #4991, #789, #4722, .T. ) ;
#3659 = ORIENTED_EDGE ( 'NONE', *, *, #750, .T. ) ;
#3660 = DIRECTION ( 'NONE',  ( 0.7071067811865537900, 0.0000000000000000000, -0.7071067811865412445 ) ) ;
#3661 = CARTESIAN_POINT ( 'NONE',  ( -0.3563168074456526391, -12.19999999999999041, 10.21245434496620952 ) ) ;
#3662 = DIRECTION ( 'NONE',  ( 0.0000000000000000000, -0.7071067811865721087, -0.7071067811865230368 ) ) ;
#3663 = EDGE_CURVE ( 'NONE', #5089, #509, #1299, .T. ) ;
#3664 = EDGE_CURVE ( 'NONE', #339, #509, #1376, .T. ) ;
#3665 = ORIENTED_EDGE ( 'NONE', *, *, #1927, .T. ) ;
#3666 = ORIENTED_EDGE ( 'NONE', *, *, #1163, .F. ) ;
#3667 = CARTESIAN_POINT ( 'NONE',  ( -14.85000000000000675, -3.000000000000000000, 0.0000000000000000000 ) ) ;
#3668 = SURFACE_STYLE_USAGE ( .BOTH. , #7086 ) ;
#3669 = DIRECTION ( 'NONE',  ( -0.0000000000000000000, 1.000000000000000000, -0.0000000000000000000 ) ) ;
#3670 = ORIENTED_EDGE ( 'NONE', *, *, #3013, .F. ) ;
#3671 = EDGE_LOOP ( 'NONE', ( #5030, #4701, #5461, #6787 ) ) ;
#3672 = DIRECTION ( 'NONE',  ( 0.0000000000000000000, 0.0000000000000000000, 1.000000000000000000 ) ) ;
#3673 = ORIENTED_EDGE ( 'NONE', *, *, #4245, .T. ) ;
#3674 = CARTESIAN_POINT ( 'NONE',  ( 7.030452312324132258, -9.900000000000003908, -11.14999999999999680 ) ) ;
#3675 = VERTEX_POINT ( 'NONE', #5294 ) ;
#3676 = SURFACE_STYLE_FILL_AREA ( #4119 ) ;
#3677 = DIRECTION ( 'NONE',  ( 0.0000000000000000000, 1.000000000000000000, 0.0000000000000000000 ) ) ;
#3678 = ADVANCED_FACE ( 'NONE', ( #4757 ), #7065, .T. ) ;
#3679 = AXIS2_PLACEMENT_3D ( 'NONE', #6790, #2806, #2211 ) ;
#3680 = CARTESIAN_POINT ( 'NONE',  ( 6.819901017490917816, 1.971773733146600697E-15, -11.14999999999999680 ) ) ;
#3681 = VERTEX_POINT ( 'NONE', #3083 ) ;
#3682 = VERTEX_POINT ( 'NONE', #285 ) ;
#3683 = CARTESIAN_POINT ( 'NONE',  ( 0.0000000000000000000, 0.0000000000000000000, 0.0000000000000000000 ) ) ;
#3684 = FACE_OUTER_BOUND ( 'NONE', #4893, .T. ) ;
#3685 = ORIENTED_EDGE ( 'NONE', *, *, #1369, .T. ) ;
#3686 = CARTESIAN_POINT ( 'NONE',  ( 0.0000000000000000000, 0.0000000000000000000, 11.39999999999999858 ) ) ;
#3687 = CARTESIAN_POINT ( 'NONE',  ( 1.654122574073665937E-06, -4.599999999999999645, -4.149993731382910944 ) ) ;
#3688 = APPLICATION_CONTEXT ( 'automotive_design' ) ;
#3689 = EDGE_CURVE ( 'NONE', #4219, #4160, #1415, .T. ) ;
#3690 = PLANE ( 'NONE',  #5436 ) ;
#3691 = EDGE_CURVE ( 'NONE', #6392, #6477, #1980, .T. ) ;
#3692 = DIRECTION ( 'NONE',  ( 5.304964758338859037E-17, -0.0000000000000000000, -1.000000000000000000 ) ) ;
#3693 = VECTOR ( 'NONE', #5892, 1000.000000000000000 ) ;
#3694 = VERTEX_POINT ( 'NONE', #4080 ) ;
#3695 = UNCERTAINTY_MEASURE_WITH_UNIT (LENGTH_MEASURE( 1.000000000000000082E-05 ), #2670, 'distance_accuracy_value', 'NONE');
#3696 = VERTEX_POINT ( 'NONE', #6388 ) ;
#3697 = DIRECTION ( 'NONE',  ( -1.000000000000000000, 3.709206150687421386E-65, -5.304964758338859037E-17 ) ) ;
#3698 = CARTESIAN_POINT ( 'NONE',  ( -14.87499996851783912, -12.30000000000000071, -5.624999986169918031 ) ) ;
#3699 = ADVANCED_FACE ( 'NONE', ( #4989 ), #6025, .F. ) ;
#3700 = FACE_OUTER_BOUND ( 'NONE', #3414, .T. ) ;
#3701 = EDGE_CURVE ( 'NONE', #2583, #259, #2051, .T. ) ;
#3702 = CARTESIAN_POINT ( 'NONE',  ( 14.35000000000000142, -4.599999999999999645, -10.14999999999999858 ) ) ;
#3703 = FACE_OUTER_BOUND ( 'NONE', #2379, .T. ) ;
#3704 = VERTEX_POINT ( 'NONE', #4346 ) ;
#3705 = VERTEX_POINT ( 'NONE', #2018 ) ;
#3706 =( LENGTH_UNIT ( ) NAMED_UNIT ( * ) SI_UNIT ( .MILLI., .METRE. ) );
#3707 =( NAMED_UNIT ( * ) PLANE_ANGLE_UNIT ( ) SI_UNIT ( $, .RADIAN. ) );
#3708 = COLOUR_RGB ( '',0.0000000000000000000, 0.007843137254901960675, 0.02745098039215686236 ) ;
#3709 = PRESENTATION_STYLE_ASSIGNMENT (( #3117 ) ) ;
#3710 = LINE ( 'NONE', #2397, #1440 ) ;
#3711 = PLANE ( 'NONE',  #2269 ) ;
#3712 = PLANE ( 'NONE',  #2561 ) ;
#3713 = EDGE_LOOP ( 'NONE', ( #2339, #1772, #6958, #4777 ) ) ;
#3714 = LINE ( 'NONE', #3602, #4688 ) ;
#3715 = SURFACE_STYLE_USAGE ( .BOTH. , #6068 ) ;
#3716 = VECTOR ( 'NONE', #3390, 1000.000000000000000 ) ;
#3717 = CARTESIAN_POINT ( 'NONE',  ( 10.28045231232413492, -2.547677424264102905E-15, -11.14999999999999680 ) ) ;
#3718 = MECHANICAL_DESIGN_GEOMETRIC_PRESENTATION_REPRESENTATION (  '', ( #6843 ), #5034 ) ;
#3719 = CARTESIAN_POINT ( 'NONE',  ( 5.530452312324126041, -10.11055129483321835, -12.14999999999999680 ) ) ;
#3720 = AXIS2_PLACEMENT_3D ( 'NONE', #3532, #5823, #4121 ) ;
#3721 = ORIENTED_EDGE ( 'NONE', *, *, #792, .F. ) ;
#3722 = VERTEX_POINT ( 'NONE', #5490 ) ;
#3723 = CARTESIAN_POINT ( 'NONE',  ( -2.198117000527087583, -11.40000000000000036, -11.64999999999999680 ) ) ;
#3724 = VERTEX_POINT ( 'NONE', #6073 ) ;
#3725 = DIRECTION ( 'NONE',  ( 1.000000000000000000, 0.0000000000000000000, 2.668805347656626481E-15 ) ) ;
#3726 =( LENGTH_UNIT ( ) NAMED_UNIT ( * ) SI_UNIT ( .MILLI., .METRE. ) );
#3727 = LINE ( 'NONE', #2095, #3472 ) ;
#3728 =( GEOMETRIC_REPRESENTATION_CONTEXT ( 3 ) GLOBAL_UNCERTAINTY_ASSIGNED_CONTEXT ( ( #2501 ) ) GLOBAL_UNIT_ASSIGNED_CONTEXT ( ( #6178, #1057, #586 ) ) REPRESENTATION_CONTEXT ( 'NONE', 'WORKASPACE' ) );
#3729 = DIRECTION ( 'NONE',  ( -0.0000000000000000000, 1.000000000000000000, -0.0000000000000000000 ) ) ;
#3730 =( GEOMETRIC_REPRESENTATION_CONTEXT ( 3 ) GLOBAL_UNCERTAINTY_ASSIGNED_CONTEXT ( ( #4287 ) ) GLOBAL_UNIT_ASSIGNED_CONTEXT ( ( #4645, #4686, #3538 ) ) REPRESENTATION_CONTEXT ( 'NONE', 'WORKASPACE' ) );
#3731 = EDGE_CURVE ( 'NONE', #1716, #6371, #5605, .T. ) ;
#3732 = ORIENTED_EDGE ( 'NONE', *, *, #2192, .T. ) ;
#3733 = PLANE ( 'NONE',  #5449 ) ;
#3734 = VERTEX_POINT ( 'NONE', #4385 ) ;
#3735 = FACE_OUTER_BOUND ( 'NONE', #234, .T. ) ;
#3736 = ADVANCED_FACE ( 'NONE', ( #4308 ), #3759, .T. ) ;
#3737 = CARTESIAN_POINT ( 'NONE',  ( 2.143683192554346029, -18.61923881554287519, 10.21245434496621307 ) ) ;
#3738 = EDGE_LOOP ( 'NONE', ( #2639, #2531, #136, #3382 ) ) ;
#3739 = LINE ( 'NONE', #7288, #3945 ) ;
#3740 = ADVANCED_FACE ( 'NONE', ( #3202 ), #6171, .T. ) ;
#3741 = ORIENTED_EDGE ( 'NONE', *, *, #4460, .F. ) ;
#3742 = EDGE_CURVE ( 'NONE', #4153, #1123, #2638, .T. ) ;
#3743 = ORIENTED_EDGE ( 'NONE', *, *, #4968, .T. ) ;
#3744 = CARTESIAN_POINT ( 'NONE',  ( 0.0000000000000000000, -6.899999999999999467, 11.78745434496620703 ) ) ;
#3745 = CARTESIAN_POINT ( 'NONE',  ( -15.90000000000000391, -4.599999999999999645, -11.64999999999999858 ) ) ;
#3746 = VERTEX_POINT ( 'NONE', #7275 ) ;
#3747 = LINE ( 'NONE', #353, #5446 ) ;
#3748 = FACE_OUTER_BOUND ( 'NONE', #2232, .T. ) ;
#3749 = ORIENTED_EDGE ( 'NONE', *, *, #7350, .F. ) ;
#3750 = COLOUR_RGB ( '',0.1137254901960784298, 0.1137254901960784298, 0.1137254901960784298 ) ;
#3751 = EDGE_CURVE ( 'NONE', #4589, #3851, #1452, .T. ) ;
#3752 = LINE ( 'NONE', #4305, #5790 ) ;
#3753 = LINE ( 'NONE', #6721, #5656 ) ;
#3754 = DIRECTION ( 'NONE',  ( -9.637352644315584889E-16, -1.000000000000000000, -7.145168941239318192E-32 ) ) ;
#3755 = STYLED_ITEM ( 'NONE', ( #1573 ), #818 ) ;
#3756 = CARTESIAN_POINT ( 'NONE',  ( -2.198117000527087583, 7.488015623777569931E-32, -11.64999999999999680 ) ) ;
#3757 = STYLED_ITEM ( 'NONE', ( #4595 ), #3793 ) ;
#3758 = VECTOR ( 'NONE', #4760, 1000.000000000000000 ) ;
#3759 = PLANE ( 'NONE',  #1128 ) ;
#3760 = ORIENTED_EDGE ( 'NONE', *, *, #3114, .T. ) ;
#3761 = ORIENTED_EDGE ( 'NONE', *, *, #1915, .F. ) ;
#3762 = CARTESIAN_POINT ( 'NONE',  ( 6.819901017490920481, -10.11055129483321835, -11.64999999999999680 ) ) ;
#3763 = VECTOR ( 'NONE', #3302, 1000.000000000000000 ) ;
#3764 = DIRECTION ( 'NONE',  ( -0.0000000000000000000, 0.0000000000000000000, -1.000000000000000000 ) ) ;
#3765 = COLOUR_RGB ( '',0.1137254901960784298, 0.1137254901960784298, 0.1137254901960784298 ) ;
#3766 = LINE ( 'NONE', #291, #2292 ) ;
#3767 = AXIS2_PLACEMENT_3D ( 'NONE', #3260, #6016, #458 ) ;
#3768 = AXIS2_PLACEMENT_3D ( 'NONE', #5894, #2519, #1930 ) ;
#3769 = DIRECTION ( 'NONE',  ( 0.0000000000000000000, 1.000000000000000000, 0.0000000000000000000 ) ) ;
#3770 = VECTOR ( 'NONE', #3605, 1000.000000000000000 ) ;
#3771 = COLOUR_RGB ( '',0.1137254901960784298, 0.1137254901960784298, 0.1137254901960784298 ) ;
#3772 = DIRECTION ( 'NONE',  ( 0.7071067683702687567, 0.0000000000000000000, -0.7071067940028260557 ) ) ;
#3773 = ORIENTED_EDGE ( 'NONE', *, *, #5727, .F. ) ;
#3774 = DIRECTION ( 'NONE',  ( 5.304964758338859037E-17, -0.0000000000000000000, -1.000000000000000000 ) ) ;
#3775 = UNCERTAINTY_MEASURE_WITH_UNIT (LENGTH_MEASURE( 1.000000000000000082E-05 ), #1758, 'distance_accuracy_value', 'NONE');
#3776 = VERTEX_POINT ( 'NONE', #3234 ) ;
#3777 = CARTESIAN_POINT ( 'NONE',  ( -3.506316807445651662, -18.61923881554287519, 10.86245434496620632 ) ) ;
#3778 = EDGE_CURVE ( 'NONE', #3974, #2873, #5525, .T. ) ;
#3779 = VERTEX_POINT ( 'NONE', #2672 ) ;
#3780 = PLANE ( 'NONE',  #3294 ) ;
#3781 = CARTESIAN_POINT ( 'NONE',  ( 8.530452312324126041, -10.11055129483321835, -11.64999999999999680 ) ) ;
#3782 = VERTEX_POINT ( 'NONE', #4951 ) ;
#3783 = DIRECTION ( 'NONE',  ( -0.7071067811865481278, 0.0000000000000000000, -0.7071067811865470176 ) ) ;
#3784 =( NAMED_UNIT ( * ) SI_UNIT ( $, .STERADIAN. ) SOLID_ANGLE_UNIT ( ) );
#3785 = EDGE_CURVE ( 'NONE', #4841, #5437, #2123, .T. ) ;
#3786 = ORIENTED_EDGE ( 'NONE', *, *, #4455, .T. ) ;
#3787 = CYLINDRICAL_SURFACE ( 'NONE', #5316, 2.199999999999998845 ) ;
#3788 = CARTESIAN_POINT ( 'NONE',  ( 6.819901017490917816, 1.971773733146600697E-15, -11.64999999999999680 ) ) ;
#3789 = EDGE_CURVE ( 'NONE', #1716, #2724, #2156, .T. ) ;
#3790 = DIRECTION ( 'NONE',  ( 0.0000000000000000000, -1.000000000000000000, 0.0000000000000000000 ) ) ;
#3791 = EDGE_LOOP ( 'NONE', ( #4977, #3875, #6725, #6553 ) ) ;
#3792 = EDGE_CURVE ( 'NONE', #4797, #2089, #25, .T. ) ;
#3793 = ADVANCED_FACE ( 'NONE', ( #3970 ), #1746, .F. ) ;
#3794 = CARTESIAN_POINT ( 'NONE',  ( -13.69999990937522405, -6.899999999999999467, -9.149999999999996803 ) ) ;
#3795 = VERTEX_POINT ( 'NONE', #6803 ) ;
#3796 = LINE ( 'NONE', #4420, #3520 ) ;
#3797 = VERTEX_POINT ( 'NONE', #6769 ) ;
#3798 = CARTESIAN_POINT ( 'NONE',  ( -10.39999994562513486, -12.20000000000000107, -10.14999999999999858 ) ) ;
#3799 = CARTESIAN_POINT ( 'NONE',  ( 7.170083562801061759E-16, -9.689448705166794795, -10.14999999999999503 ) ) ;
#3800 = COLOUR_RGB ( '',0.0000000000000000000, 0.9372549019607843146, 0.3450980392156862697 ) ;
#3801 = CIRCLE ( 'NONE', #1897, 2.199999999999999289 ) ;
#3802 = PRESENTATION_LAYER_ASSIGNMENT (  '', '', ( #7048 ) ) ;
#3803 = ORIENTED_EDGE ( 'NONE', *, *, #937, .T. ) ;
#3804 = LINE ( 'NONE', #3319, #3396 ) ;
#3805 = ORIENTED_EDGE ( 'NONE', *, *, #3883, .T. ) ;
#3806 = PLANE ( 'NONE',  #2108 ) ;
#3807 = DIRECTION ( 'NONE',  ( -3.269436954241216420E-49, 1.000000000000000000, 6.162975822039153361E-33 ) ) ;
#3808 = DIRECTION ( 'NONE',  ( 5.304964758338859037E-17, 0.0000000000000000000, -1.000000000000000000 ) ) ;
#3809 = COLOUR_RGB ( '',1.000000000000000000, 0.3960784313725490002, 0.1843137254901960898 ) ;
#3810 = VERTEX_POINT ( 'NONE', #1638 ) ;
#3811 = DIRECTION ( 'NONE',  ( 0.5773502691896122974, -0.5773502691896525985, 0.5773502691896124084 ) ) ;
#3812 = PLANE ( 'NONE',  #4960 ) ;
#3813 = ORIENTED_EDGE ( 'NONE', *, *, #3424, .F. ) ;
#3814 = DIRECTION ( 'NONE',  ( 0.0000000000000000000, -0.0000000000000000000, -1.000000000000000000 ) ) ;
#3815 = ADVANCED_FACE ( 'NONE', ( #1115 ), #5638, .F. ) ;
#3816 = FILL_AREA_STYLE_COLOUR ( '', #6212 ) ;
#3817 = CARTESIAN_POINT ( 'NONE',  ( 11.49999999999999822, -0.09999999999999592548, 11.50000000000000178 ) ) ;
#3818 = AXIS2_PLACEMENT_3D ( 'NONE', #4409, #3262, #3820 ) ;
#3819 =( NAMED_UNIT ( * ) SI_UNIT ( $, .STERADIAN. ) SOLID_ANGLE_UNIT ( ) );
#3820 = DIRECTION ( 'NONE',  ( -2.215108438555004799E-13, 0.0000000000000000000, -1.000000000000000000 ) ) ;
#3821 = EDGE_LOOP ( 'NONE', ( #1399, #2510, #4066, #5827 ) ) ;
#3822 = DIRECTION ( 'NONE',  ( -6.227530184682100977E-14, -0.7071067811865230368, 0.7071067811865721087 ) ) ;
#3823 = ADVANCED_FACE ( 'NONE', ( #4039 ), #5744, .T. ) ;
#3824 = LINE ( 'NONE', #5023, #693 ) ;
#3825 = PRESENTATION_LAYER_ASSIGNMENT (  '', '', ( #1206 ) ) ;
#3826 = ADVANCED_FACE ( 'NONE', ( #2848 ), #1186, .F. ) ;
#3827 = DIRECTION ( 'NONE',  ( 0.7071068623563007138, 0.0000000000000000000, -0.7071067000167851058 ) ) ;
#3828 = ORIENTED_EDGE ( 'NONE', *, *, #2418, .F. ) ;
#3829 = CARTESIAN_POINT ( 'NONE',  ( 8.231076514468834183E-16, -10.11055129483321835, -12.14999999999999680 ) ) ;
#3830 = ORIENTED_EDGE ( 'NONE', *, *, #3034, .F. ) ;
#3831 = EDGE_CURVE ( 'NONE', #3795, #1829, #2478, .T. ) ;
#3832 = FACE_OUTER_BOUND ( 'NONE', #275, .T. ) ;
#3833 =( NAMED_UNIT ( * ) PLANE_ANGLE_UNIT ( ) SI_UNIT ( $, .RADIAN. ) );
#3834 = ORIENTED_EDGE ( 'NONE', *, *, #1238, .T. ) ;
#3835 = PRESENTATION_STYLE_ASSIGNMENT (( #3247 ) ) ;
#3836 = UNCERTAINTY_MEASURE_WITH_UNIT (LENGTH_MEASURE( 1.000000000000000082E-05 ), #4141, 'distance_accuracy_value', 'NONE');
#3837 = ORIENTED_EDGE ( 'NONE', *, *, #982, .T. ) ;
#3838 =( NAMED_UNIT ( * ) SI_UNIT ( $, .STERADIAN. ) SOLID_ANGLE_UNIT ( ) );
#3839 = CARTESIAN_POINT ( 'NONE',  ( 0.5686831925543465172, -6.899999999999999467, 11.48745434496620987 ) ) ;
#3840 =( NAMED_UNIT ( * ) SI_UNIT ( $, .STERADIAN. ) SOLID_ANGLE_UNIT ( ) );
#3841 = ORIENTED_EDGE ( 'NONE', *, *, #6559, .F. ) ;
#3842 = COLOUR_RGB ( '',1.000000000000000000, 0.3960784313725490002, 0.1843137254901960898 ) ;
#3843 = EDGE_LOOP ( 'NONE', ( #3929, #2453, #600, #6802 ) ) ;
#3844 = DIRECTION ( 'NONE',  ( 5.304964758338859037E-17, -0.0000000000000000000, -1.000000000000000000 ) ) ;
#3845 = LINE ( 'NONE', #6057, #4497 ) ;
#3846 = VECTOR ( 'NONE', #4045, 1000.000000000000000 ) ;
#3847 = EDGE_LOOP ( 'NONE', ( #2473, #2652, #1108 ) ) ;
#3848 = CARTESIAN_POINT ( 'NONE',  ( -4.390184796894300331E-14, -12.19999999999999751, -8.225000000000157740 ) ) ;
#3849 = CARTESIAN_POINT ( 'NONE',  ( 5.530452312324126041, -10.11055129483321835, -10.14999999999999503 ) ) ;
#3850 = CARTESIAN_POINT ( 'NONE',  ( 1.262434294306124638, -1.564267433722175243E-16, -10.14999999999999503 ) ) ;
#3851 = VERTEX_POINT ( 'NONE', #6979 ) ;
#3852 = DIRECTION ( 'NONE',  ( 0.0000000000000000000, 0.0000000000000000000, 1.000000000000000000 ) ) ;
#3853 = ORIENTED_EDGE ( 'NONE', *, *, #272, .T. ) ;
#3854 = LINE ( 'NONE', #6163, #5551 ) ;
#3855 = CARTESIAN_POINT ( 'NONE',  ( 5.699999999999603162, 5.699999999999998401, 0.0000000000000000000 ) ) ;
#3856 = EDGE_CURVE ( 'NONE', #2361, #3065, #4070, .T. ) ;
#3857 = ORIENTED_EDGE ( 'NONE', *, *, #7061, .F. ) ;
#3858 = DIRECTION ( 'NONE',  ( 0.7071067811865435759, 0.0000000000000000000, 0.7071067811865515695 ) ) ;
#3859 = AXIS2_PLACEMENT_3D ( 'NONE', #5904, #3006, #205 ) ;
#3860 = ORIENTED_EDGE ( 'NONE', *, *, #6629, .T. ) ;
#3861 = AXIS2_PLACEMENT_3D ( 'NONE', #1672, #3455, #2403 ) ;
#3862 = DIRECTION ( 'NONE',  ( 0.0000000000000000000, 1.000000000000000000, 0.0000000000000000000 ) ) ;
#3863 = ORIENTED_EDGE ( 'NONE', *, *, #114, .F. ) ;
#3864 = MECHANICAL_DESIGN_GEOMETRIC_PRESENTATION_REPRESENTATION (  '', ( #3755 ), #3032 ) ;
#3865 = VECTOR ( 'NONE', #2322, 1000.000000000000000 ) ;
#3866 = DIRECTION ( 'NONE',  ( 0.0000000000000000000, 0.0000000000000000000, -1.000000000000000000 ) ) ;
#3867 = LINE ( 'NONE', #4424, #1149 ) ;
#3868 = EDGE_CURVE ( 'NONE', #4390, #3894, #3527, .T. ) ;
#3869 = VECTOR ( 'NONE', #6315, 1000.000000000000000 ) ;
#3870 = VECTOR ( 'NONE', #1205, 1000.000000000000000 ) ;
#3871 = ADVANCED_FACE ( 'NONE', ( #1289 ), #4186, .T. ) ;
#3872 = SURFACE_SIDE_STYLE ('',( #4997 ) ) ;
#3873 = VECTOR ( 'NONE', #3093, 1000.000000000000000 ) ;
#3874 = COLOUR_RGB ( '',0.0000000000000000000, 0.007843137254901960675, 0.02745098039215686236 ) ;
#3875 = ORIENTED_EDGE ( 'NONE', *, *, #4489, .F. ) ;
#3876 = DIRECTION ( 'NONE',  ( 1.000000000000000000, -0.0000000000000000000, 5.304964758338858421E-17 ) ) ;
#3877 = PLANE ( 'NONE',  #6529 ) ;
#3878 = VECTOR ( 'NONE', #6330, 1000.000000000000227 ) ;
#3879 = DIRECTION ( 'NONE',  ( 9.220115214925091276E-08, 0.0000000000000000000, -0.9999999999999956701 ) ) ;
#3880 = VECTOR ( 'NONE', #3677, 1000.000000000000000 ) ;
#3881 = VECTOR ( 'NONE', #1226, 1000.000000000000000 ) ;
#3882 = DIRECTION ( 'NONE',  ( -0.0000000000000000000, 1.000000000000000000, -0.0000000000000000000 ) ) ;
#3883 = EDGE_CURVE ( 'NONE', #3572, #6630, #6457, .T. ) ;
#3884 = LINE ( 'NONE', #5007, #7328 ) ;
#3885 = ORIENTED_EDGE ( 'NONE', *, *, #6422, .F. ) ;
#3886 = ORIENTED_EDGE ( 'NONE', *, *, #2813, .T. ) ;
#3887 =( LENGTH_UNIT ( ) NAMED_UNIT ( * ) SI_UNIT ( .MILLI., .METRE. ) );
#3888 = CARTESIAN_POINT ( 'NONE',  ( -1.006316807445648998, -12.19999999999999041, -3.357079596434616513E-16 ) ) ;
#3889 = VERTEX_POINT ( 'NONE', #4629 ) ;
#3890 = LINE ( 'NONE', #5090, #1037 ) ;
#3891 = FACE_BOUND ( 'NONE', #6448, .T. ) ;
#3892 = FILL_AREA_STYLE_COLOUR ( '', #2636 ) ;
#3893 = ORIENTED_EDGE ( 'NONE', *, *, #174, .T. ) ;
#3894 = VERTEX_POINT ( 'NONE', #2436 ) ;
#3895 = PLANE ( 'NONE',  #1616 ) ;
#3896 = DIRECTION ( 'NONE',  ( 0.0000000000000000000, 0.0000000000000000000, -1.000000000000000000 ) ) ;
#3897 = CARTESIAN_POINT ( 'NONE',  ( -3.406316807445656458, -12.30000000000000071, 10.31245434496620383 ) ) ;
#3898 = EDGE_LOOP ( 'NONE', ( #1402, #6270, #6220, #7019, #4787, #199, #6172, #412 ) ) ;
#3899 = ORIENTED_EDGE ( 'NONE', *, *, #6168, .F. ) ;
#3900 = DIRECTION ( 'NONE',  ( -1.000000000000000000, 0.0000000000000000000, -2.935685882423051090E-14 ) ) ;
#3901 = VERTEX_POINT ( 'NONE', #1326 ) ;
#3902 = FILL_AREA_STYLE_COLOUR ( '', #1818 ) ;
#3903 = EDGE_CURVE ( 'NONE', #2360, #6508, #3597, .T. ) ;
#3904 = LINE ( 'NONE', #4996, #4226 ) ;
#3905 = CARTESIAN_POINT ( 'NONE',  ( -6.709385576205949775, -6.899999999999999467, 6.709385576205803225 ) ) ;
#3906 = FACE_OUTER_BOUND ( 'NONE', #5379, .T. ) ;
#3907 = VERTEX_POINT ( 'NONE', #3634 ) ;
#3908 = PLANE ( 'NONE',  #1933 ) ;
#3909 = DIRECTION ( 'NONE',  ( -1.000000000000000000, 0.0000000000000000000, 0.0000000000000000000 ) ) ;
#3910 = ADVANCED_FACE ( 'NONE', ( #132 ), #3073, .F. ) ;
#3911 = AXIS2_PLACEMENT_3D ( 'NONE', #4434, #6088, #5479 ) ;
#3912 = DIRECTION ( 'NONE',  ( -1.000000000000000000, 0.0000000000000000000, -6.774548571579288900E-17 ) ) ;
#3913 = DIRECTION ( 'NONE',  ( 1.000000000000000000, -2.409338161078898194E-16, 5.304964758338859037E-17 ) ) ;
#3914 = EDGE_CURVE ( 'NONE', #6296, #490, #5578, .T. ) ;
#3915 =( GEOMETRIC_REPRESENTATION_CONTEXT ( 3 ) GLOBAL_UNCERTAINTY_ASSIGNED_CONTEXT ( ( #1548 ) ) GLOBAL_UNIT_ASSIGNED_CONTEXT ( ( #3252, #1615, #3838 ) ) REPRESENTATION_CONTEXT ( 'NONE', 'WORKASPACE' ) );
#3916 = CARTESIAN_POINT ( 'NONE',  ( -9.916666640081164275, -17.25833332004257414, -15.13333332004169662 ) ) ;
#3917 = ORIENTED_EDGE ( 'NONE', *, *, #6422, .T. ) ;
#3918 = SURFACE_SIDE_STYLE ('',( #7322 ) ) ;
#3919 = ADVANCED_FACE ( 'NONE', ( #6815 ), #5616, .T. ) ;
#3920 = EDGE_CURVE ( 'NONE', #6698, #5558, #2, .T. ) ;
#3921 = VECTOR ( 'NONE', #3475, 1000.000000000000000 ) ;
#3922 = CARTESIAN_POINT ( 'NONE',  ( -11.12499820925449967, -6.899999999999999467, -11.12500076336242394 ) ) ;
#3923 = SURFACE_STYLE_FILL_AREA ( #1657 ) ;
#3924 = ORIENTED_EDGE ( 'NONE', *, *, #362, .T. ) ;
#3925 = CARTESIAN_POINT ( 'NONE',  ( 16.34999999999999787, -4.599999999999999645, -12.14999999999999680 ) ) ;
#3926 = SURFACE_STYLE_FILL_AREA ( #1660 ) ;
#3927 = SURFACE_SIDE_STYLE ('',( #2771 ) ) ;
#3928 = STYLED_ITEM ( 'NONE', ( #1694 ), #401 ) ;
#3929 = ORIENTED_EDGE ( 'NONE', *, *, #3135, .T. ) ;
#3930 = VERTEX_POINT ( 'NONE', #1611 ) ;
#3931 = CARTESIAN_POINT ( 'NONE',  ( -4.431316807445652373, -4.599999999999999645, 0.0000000000000000000 ) ) ;
#3932 = LINE ( 'NONE', #2285, #431 ) ;
#3933 = EDGE_CURVE ( 'NONE', #427, #3557, #3804, .T. ) ;
#3934 = CARTESIAN_POINT ( 'NONE',  ( -14.32499996012495203, -18.61923881554287519, -10.72500000000015064 ) ) ;
#3935 = ORIENTED_EDGE ( 'NONE', *, *, #3505, .F. ) ;
#3936 = SURFACE_STYLE_FILL_AREA ( #93 ) ;
#3937 = FACE_BOUND ( 'NONE', #5042, .T. ) ;
#3938 = VERTEX_POINT ( 'NONE', #5537 ) ;
#3939 = COLOUR_RGB ( '',0.7921568627450980005, 0.8196078431372548767, 0.9333333333333333481 ) ;
#3940 = CARTESIAN_POINT ( 'NONE',  ( -7.639455289210539317E-15, -12.20000000000000462, -5.724999986169926558 ) ) ;
#3941 = ORIENTED_EDGE ( 'NONE', *, *, #3337, .F. ) ;
#3942 = CARTESIAN_POINT ( 'NONE',  ( -2.856316807445651307, -12.30000000000000071, 10.31245434496620561 ) ) ;
#3943 = CARTESIAN_POINT ( 'NONE',  ( -13.39999957768851324, -6.899999999999999467, 4.857487996657364004E-07 ) ) ;
#3944 = DIRECTION ( 'NONE',  ( 0.5773502691896118533, 0.5773502691896520433, 0.5773502691896134076 ) ) ;
#3945 = VECTOR ( 'NONE', #346, 1000.000000000000000 ) ;
#3946 = FACE_OUTER_BOUND ( 'NONE', #3019, .T. ) ;
#3947 = ADVANCED_FACE ( 'NONE', ( #7316 ), #4963, .T. ) ;
#3948 = LINE ( 'NONE', #5692, #6015 ) ;
#3949 = MECHANICAL_DESIGN_GEOMETRIC_PRESENTATION_REPRESENTATION (  '', ( #2402 ), #774 ) ;
#3950 = PLANE ( 'NONE',  #3626 ) ;
#3951 = VERTEX_POINT ( 'NONE', #1678 ) ;
#3952 = EDGE_CURVE ( 'NONE', #1566, #4762, #510, .T. ) ;
#3953 = VERTEX_POINT ( 'NONE', #994 ) ;
#3954 =( NAMED_UNIT ( * ) SI_UNIT ( $, .STERADIAN. ) SOLID_ANGLE_UNIT ( ) );
#3955 = LINE ( 'NONE', #4059, #7163 ) ;
#3956 = ORIENTED_EDGE ( 'NONE', *, *, #7102, .F. ) ;
#3957 = EDGE_CURVE ( 'NONE', #1055, #7271, #4465, .T. ) ;
#3958 = CARTESIAN_POINT ( 'NONE',  ( 5.530452312324126041, 7.488015623777569931E-32, -12.14999999999999680 ) ) ;
#3959 = ADVANCED_FACE ( 'NONE', ( #6111 ), #3908, .T. ) ;
#3960 = LINE ( 'NONE', #567, #735 ) ;
#3961 =( LENGTH_UNIT ( ) NAMED_UNIT ( * ) SI_UNIT ( .MILLI., .METRE. ) );
#3962 = ORIENTED_EDGE ( 'NONE', *, *, #4778, .T. ) ;
#3963 = AXIS2_PLACEMENT_3D ( 'NONE', #7318, #6322, #4468 ) ;
#3964 =( NAMED_UNIT ( * ) SI_UNIT ( $, .STERADIAN. ) SOLID_ANGLE_UNIT ( ) );
#3965 = EDGE_LOOP ( 'NONE', ( #2572, #5528, #2534, #436 ) ) ;
#3966 = LINE ( 'NONE', #2284, #5918 ) ;
#3967 = CARTESIAN_POINT ( 'NONE',  ( 6.819901017490920481, -9.689448705166794795, -11.64999999999999680 ) ) ;
#3968 = FACE_OUTER_BOUND ( 'NONE', #3166, .T. ) ;
#3969 = VECTOR ( 'NONE', #1332, 1000.000000000000000 ) ;
#3970 = FACE_OUTER_BOUND ( 'NONE', #2180, .T. ) ;
#3971 = ADVANCED_FACE ( 'NONE', ( #3353 ), #5648, .T. ) ;
#3972 = ORIENTED_EDGE ( 'NONE', *, *, #158, .T. ) ;
#3973 = DIRECTION ( 'NONE',  ( 0.0000000000000000000, 0.0000000000000000000, 1.000000000000000000 ) ) ;
#3974 = VERTEX_POINT ( 'NONE', #2233 ) ;
#3975 = DIRECTION ( 'NONE',  ( -1.000000000000000000, 0.0000000000000000000, -1.060992951667771931E-16 ) ) ;
#3976 = CARTESIAN_POINT ( 'NONE',  ( -13.39999993703557912, -6.899999999999999467, -6.349999972339651855 ) ) ;
#3977 = DIRECTION ( 'NONE',  ( 0.7071067811865230368, 0.7071067811865721087, 0.0000000000000000000 ) ) ;
#3978 = VECTOR ( 'NONE', #2263, 1000.000000000000000 ) ;
#3979 = CARTESIAN_POINT ( 'NONE',  ( 11.39999999999999503, 0.0000000000000000000, 0.0000000000000000000 ) ) ;
#3980 = CIRCLE ( 'NONE', #7230, 1.000000000000003331 ) ;
#3981 = ORIENTED_EDGE ( 'NONE', *, *, #3102, .F. ) ;
#3982 =( NAMED_UNIT ( * ) PLANE_ANGLE_UNIT ( ) SI_UNIT ( $, .RADIAN. ) );
#3983 = COLOUR_RGB ( '',0.0000000000000000000, 0.007843137254901960675, 0.02745098039215686236 ) ;
#3984 = VECTOR ( 'NONE', #5599, 1000.000000000000000 ) ;
#3985 = CARTESIAN_POINT ( 'NONE',  ( 7.965828276551891570E-16, -10.11055129483321835, -11.64999999999999680 ) ) ;
#3986 = SURFACE_STYLE_FILL_AREA ( #7285 ) ;
#3987 = CIRCLE ( 'NONE', #6058, 8.201829064300508065 ) ;
#3988 = CARTESIAN_POINT ( 'NONE',  ( 1.262434294306122862, -13.40000000000000036, -10.14999999999999503 ) ) ;
#3989 = AXIS2_PLACEMENT_3D ( 'NONE', #4516, #573, #1560 ) ;
#3990 = VECTOR ( 'NONE', #2496, 1000.000000000000000 ) ;
#3991 = AXIS2_PLACEMENT_3D ( 'NONE', #847, #6469, #4681 ) ;
#3992 = VECTOR ( 'NONE', #4626, 1000.000000000000000 ) ;
#3993 = ORIENTED_EDGE ( 'NONE', *, *, #1571, .T. ) ;
#3994 = VECTOR ( 'NONE', #262, 1000.000000000000000 ) ;
#3995 = UNCERTAINTY_MEASURE_WITH_UNIT (LENGTH_MEASURE( 1.000000000000000082E-05 ), #307, 'distance_accuracy_value', 'NONE');
#3996 = LINE ( 'NONE', #1761, #5189 ) ;
#3997 = EDGE_CURVE ( 'NONE', #2938, #290, #6251, .T. ) ;
#3998 = CARTESIAN_POINT ( 'NONE',  ( 14.34999999999999609, -12.20000000000000107, 10.15000000000000391 ) ) ;
#3999 = DIRECTION ( 'NONE',  ( 0.0000000000000000000, 0.0000000000000000000, -1.000000000000000000 ) ) ;
#4000 = VECTOR ( 'NONE', #5417, 1000.000000000000000 ) ;
#4001 = AXIS2_PLACEMENT_3D ( 'NONE', #896, #941, #1473 ) ;
#4002 = ORIENTED_EDGE ( 'NONE', *, *, #1314, .F. ) ;
#4003 = FILL_AREA_STYLE_COLOUR ( '', #6652 ) ;
#4004 = LINE ( 'NONE', #2914, #1673 ) ;
#4005 = ORIENTED_EDGE ( 'NONE', *, *, #6482, .F. ) ;
#4006 = ORIENTED_EDGE ( 'NONE', *, *, #3101, .F. ) ;
#4007 = DIRECTION ( 'NONE',  ( 0.0000000000000000000, -1.000000000000000000, 0.0000000000000000000 ) ) ;
#4008 = EDGE_CURVE ( 'NONE', #55, #572, #2265, .T. ) ;
#4009 = ADVANCED_FACE ( 'NONE', ( #5831 ), #4643, .T. ) ;
#4010 = ORIENTED_EDGE ( 'NONE', *, *, #2511, .T. ) ;
#4011 =( LENGTH_UNIT ( ) NAMED_UNIT ( * ) SI_UNIT ( .MILLI., .METRE. ) );
#4012 = ORIENTED_EDGE ( 'NONE', *, *, #6731, .F. ) ;
#4013 = DIRECTION ( 'NONE',  ( 0.0000000000000000000, 0.0000000000000000000, -1.000000000000000000 ) ) ;
#4014 = VERTEX_POINT ( 'NONE', #732 ) ;
#4015 = SURFACE_STYLE_FILL_AREA ( #725 ) ;
#4016 = DIRECTION ( 'NONE',  ( 0.7071067811865721087, 0.7071067811865229258, 2.358912948743735919E-16 ) ) ;
#4017 = EDGE_CURVE ( 'NONE', #3734, #6489, #5753, .T. ) ;
#4018 = ADVANCED_FACE ( 'NONE', ( #4130 ), #2458, .T. ) ;
#4019 = LINE ( 'NONE', #1674, #7339 ) ;
#4020 = DIRECTION ( 'NONE',  ( 0.0000000000000000000, 1.000000000000000000, -0.0000000000000000000 ) ) ;
#4021 = ORIENTED_EDGE ( 'NONE', *, *, #6060, .F. ) ;
#4022 = DIRECTION ( 'NONE',  ( -1.000000000000000000, -1.334402673828312846E-16, -6.774548571579288900E-17 ) ) ;
#4023 = LINE ( 'NONE', #5337, #5327 ) ;
#4024 = DIRECTION ( 'NONE',  ( 1.000000000000000000, -0.0000000000000000000, 5.304964758338858421E-17 ) ) ;
#4025 = ORIENTED_EDGE ( 'NONE', *, *, #5148, .T. ) ;
#4026 = DIRECTION ( 'NONE',  ( -0.0000000000000000000, 1.000000000000000000, -0.0000000000000000000 ) ) ;
#4027 = CARTESIAN_POINT ( 'NONE',  ( 14.34999999999999609, -12.20000000000000107, 12.15000000000001279 ) ) ;
#4028 = CARTESIAN_POINT ( 'NONE',  ( 8.530452312324126041, 7.488015623777569931E-32, -10.14999999999999503 ) ) ;
#4029 = EDGE_LOOP ( 'NONE', ( #230, #1288, #3271, #2842 ) ) ;
#4030 = FACE_OUTER_BOUND ( 'NONE', #304, .T. ) ;
#4031 = EDGE_CURVE ( 'NONE', #1051, #2093, #2298, .T. ) ;
#4032 = ORIENTED_EDGE ( 'NONE', *, *, #6319, .F. ) ;
#4033 = VERTEX_POINT ( 'NONE', #5182 ) ;
#4034 = PLANE ( 'NONE',  #2308 ) ;
#4035 = AXIS2_PLACEMENT_3D ( 'NONE', #5003, #3140, #934 ) ;
#4036 = DIRECTION ( 'NONE',  ( 5.304964758338859037E-17, -0.0000000000000000000, -1.000000000000000000 ) ) ;
#4037 = CARTESIAN_POINT ( 'NONE',  ( -3.485777327012159255, -4.599999999999999645, -11.14999999999999680 ) ) ;
#4038 = ORIENTED_EDGE ( 'NONE', *, *, #315, .F. ) ;
#4039 = FACE_OUTER_BOUND ( 'NONE', #4029, .T. ) ;
#4040 = CARTESIAN_POINT ( 'NONE',  ( 7.030452312324132258, -9.900000000000003908, -11.14999999999999680 ) ) ;
#4041 = EDGE_CURVE ( 'NONE', #4380, #2690, #1200, .T. ) ;
#4042 = ORIENTED_EDGE ( 'NONE', *, *, #5248, .F. ) ;
#4043 = DIRECTION ( 'NONE',  ( -1.000000000000000000, -1.334402673828312846E-16, -6.774548571579288900E-17 ) ) ;
#4044 = FACE_OUTER_BOUND ( 'NONE', #1632, .T. ) ;
#4045 = DIRECTION ( 'NONE',  ( 0.0000000000000000000, 0.0000000000000000000, 1.000000000000000000 ) ) ;
#4046 = EDGE_CURVE ( 'NONE', #4033, #6392, #5870, .T. ) ;
#4047 = CARTESIAN_POINT ( 'NONE',  ( 5.078068768760283014, -4.599999999999999645, 5.078068768760187979 ) ) ;
#4048 = LINE ( 'NONE', #6389, #4567 ) ;
#4049 = EDGE_CURVE ( 'NONE', #408, #339, #6891, .T. ) ;
#4050 = AXIS2_PLACEMENT_3D ( 'NONE', #530, #3335, #5737 ) ;
#4051 = EDGE_CURVE ( 'NONE', #5620, #3552, #919, .T. ) ;
#4052 = VERTEX_POINT ( 'NONE', #6473 ) ;
#4053 = DIRECTION ( 'NONE',  ( 1.000000000000000000, 0.0000000000000000000, -9.130123557772656255E-16 ) ) ;
#4054 = CARTESIAN_POINT ( 'NONE',  ( 2.143683192554346029, -6.899999999999999467, 10.21245434496621307 ) ) ;
#4055 = FACE_OUTER_BOUND ( 'NONE', #883, .T. ) ;
#4056 = VECTOR ( 'NONE', #6852, 1000.000000000000000 ) ;
#4057 = ORIENTED_EDGE ( 'NONE', *, *, #2022, .F. ) ;
#4058 = CARTESIAN_POINT ( 'NONE',  ( -3.225000000000091571, -4.599999999999999645, 3.225000000000055156 ) ) ;
#4059 = CARTESIAN_POINT ( 'NONE',  ( -9.549999973416703369, -7.425000013292063272, -15.49999998670944379 ) ) ;
#4060 = CARTESIAN_POINT ( 'NONE',  ( -14.85000000000000675, -8.400000000000000355, 0.0000000000000000000 ) ) ;
#4061 = VECTOR ( 'NONE', #2730, 1000.000000000000000 ) ;
#4062 =( GEOMETRIC_REPRESENTATION_CONTEXT ( 3 ) GLOBAL_UNCERTAINTY_ASSIGNED_CONTEXT ( ( #5504 ) ) GLOBAL_UNIT_ASSIGNED_CONTEXT ( ( #756, #1256, #5369 ) ) REPRESENTATION_CONTEXT ( 'NONE', 'WORKASPACE' ) );
#4063 = ORIENTED_EDGE ( 'NONE', *, *, #4983, .F. ) ;
#4064 = DIRECTION ( 'NONE',  ( 1.000000000000000000, 0.0000000000000000000, 6.774548571579288900E-17 ) ) ;
#4065 = ORIENTED_EDGE ( 'NONE', *, *, #661, .F. ) ;
#4066 = ORIENTED_EDGE ( 'NONE', *, *, #2703, .F. ) ;
#4067 = CARTESIAN_POINT ( 'NONE',  ( 1.657328116465867958E-13, -12.30000000000000071, -5.174999986169417809 ) ) ;
#4068 = SURFACE_SIDE_STYLE ('',( #6268 ) ) ;
#4069 = PRESENTATION_LAYER_ASSIGNMENT (  '', '', ( #5890 ) ) ;
#4070 = LINE ( 'NONE', #1926, #927 ) ;
#4071 = CARTESIAN_POINT ( 'NONE',  ( 3.780452312324130038, -6.400000000000002132, -10.14999999999999503 ) ) ;
#4072 = DIRECTION ( 'NONE',  ( 0.0000000000000000000, -1.000000000000000000, 0.0000000000000000000 ) ) ;
#4073 = CARTESIAN_POINT ( 'NONE',  ( -12.37499999999982414, -4.599999999999999645, -12.37500000000010836 ) ) ;
#4074 = ORIENTED_EDGE ( 'NONE', *, *, #6592, .T. ) ;
#4075 = DIRECTION ( 'NONE',  ( -0.7071067811865496822, 0.0000000000000000000, 0.7071067811865454633 ) ) ;
#4076 = CYLINDRICAL_SURFACE ( 'NONE', #2871, 2.000000000000000000 ) ;
#4077 = FACE_OUTER_BOUND ( 'NONE', #3370, .T. ) ;
#4078 = EDGE_CURVE ( 'NONE', #3682, #2873, #6032, .T. ) ;
#4079 = DIRECTION ( 'NONE',  ( 0.0000000000000000000, 1.000000000000000000, 0.0000000000000000000 ) ) ;
#4080 = CARTESIAN_POINT ( 'NONE',  ( -4.431316807445652373, -4.599999999999999645, 11.78745434496620703 ) ) ;
#4081 = ORIENTED_EDGE ( 'NONE', *, *, #585, .F. ) ;
#4082 = STYLED_ITEM ( 'NONE', ( #2889 ), #4345 ) ;
#4083 = LINE ( 'NONE', #3940, #5317 ) ;
#4084 = DIRECTION ( 'NONE',  ( 5.304964758338859037E-17, 0.0000000000000000000, -1.000000000000000000 ) ) ;
#4085 = ORIENTED_EDGE ( 'NONE', *, *, #6955, .T. ) ;
#4086 = DIRECTION ( 'NONE',  ( 6.774548571579288900E-17, 6.162975822039154730E-33, -1.000000000000000000 ) ) ;
#4087 = AXIS2_PLACEMENT_3D ( 'NONE', #1807, #4786, #5332 ) ;
#4088 = VECTOR ( 'NONE', #2393, 1000.000000000000000 ) ;
#4089 = EDGE_CURVE ( 'NONE', #3953, #339, #3171, .T. ) ;
#4090 = VECTOR ( 'NONE', #5988, 1000.000000000000000 ) ;
#4091 = AXIS2_PLACEMENT_3D ( 'NONE', #5983, #3120, #1854 ) ;
#4092 = ORIENTED_EDGE ( 'NONE', *, *, #3595, .F. ) ;
#4093 = ORIENTED_EDGE ( 'NONE', *, *, #1232, .T. ) ;
#4094 = CARTESIAN_POINT ( 'NONE',  ( 0.0000000000000000000, -6.899999999999999467, 10.86245434496620632 ) ) ;
#4095 = VECTOR ( 'NONE', #143, 1000.000000000000000 ) ;
#4096 = AXIS2_PLACEMENT_3D ( 'NONE', #3111, #310, #2076 ) ;
#4097 = EDGE_CURVE ( 'NONE', #4207, #4694, #400, .T. ) ;
#4098 = PRESENTATION_STYLE_ASSIGNMENT (( #6525 ) ) ;
#4099 = PRESENTATION_LAYER_ASSIGNMENT (  '', '', ( #3510 ) ) ;
#4100 = EDGE_CURVE ( 'NONE', #963, #3188, #7185, .T. ) ;
#4101 = ORIENTED_EDGE ( 'NONE', *, *, #1604, .F. ) ;
#4102 = VECTOR ( 'NONE', #4976, 1000.000000000000000 ) ;
#4103 = VECTOR ( 'NONE', #6745, 1000.000000000000000 ) ;
#4104 = PLANE ( 'NONE',  #6292 ) ;
#4105 = CARTESIAN_POINT ( 'NONE',  ( -12.20598832703387693, -5.599999999999999645, 6.398369318106219339 ) ) ;
#4106 = EDGE_LOOP ( 'NONE', ( #1760, #6450, #5566, #2062 ) ) ;
#4107 = AXIS2_PLACEMENT_3D ( 'NONE', #5158, #528, #2216 ) ;
#4108 = VERTEX_POINT ( 'NONE', #1457 ) ;
#4109 = DIRECTION ( 'NONE',  ( -1.000000000000000000, 0.0000000000000000000, -3.202566417188799645E-14 ) ) ;
#4110 = FACE_OUTER_BOUND ( 'NONE', #4348, .T. ) ;
#4111 = VECTOR ( 'NONE', #953, 1000.000000000000000 ) ;
#4112 = DIRECTION ( 'NONE',  ( 9.435651794972880807E-16, 0.7071067811865230368, 0.7071067811865721087 ) ) ;
#4113 = VECTOR ( 'NONE', #712, 1000.000000000000000 ) ;
#4114 = VECTOR ( 'NONE', #3550, 1000.000000000000114 ) ;
#4115 = ORIENTED_EDGE ( 'NONE', *, *, #989, .F. ) ;
#4116 = CARTESIAN_POINT ( 'NONE',  ( -3.378051995803447113E-14, -8.399999999999971934, -12.14999999999999680 ) ) ;
#4117 = LINE ( 'NONE', #4231, #1486 ) ;
#4118 = ORIENTED_EDGE ( 'NONE', *, *, #5787, .F. ) ;
#4119 = FILL_AREA_STYLE ('',( #3001 ) ) ;
#4120 = PRODUCT_DEFINITION ( 'UNKNOWN', '', #2383, #5579 ) ;
#4121 = DIRECTION ( 'NONE',  ( 1.239088197126291063E-16, 1.000000000000000000, 0.0000000000000000000 ) ) ;
#4122 = DIRECTION ( 'NONE',  ( -0.0000000000000000000, 1.000000000000000000, -0.0000000000000000000 ) ) ;
#4123 = CARTESIAN_POINT ( 'NONE',  ( -5.699999999999603162, 5.699999999999998401, 0.0000000000000000000 ) ) ;
#4124 = DIRECTION ( 'NONE',  ( 0.0000000000000000000, -0.0000000000000000000, -1.000000000000000000 ) ) ;
#4125 = EDGE_LOOP ( 'NONE', ( #3860, #4012, #3288, #2822, #7071, #6672, #1159, #2272, #460, #5607, #3250, #4360, #2102 ) ) ;
#4126 = DIRECTION ( 'NONE',  ( 0.7071067811865495711, 0.0000000000000000000, 0.7071067811865455743 ) ) ;
#4127 = LINE ( 'NONE', #2411, #1975 ) ;
#4128 = EDGE_CURVE ( 'NONE', #6698, #4033, #369, .T. ) ;
#4129 = ORIENTED_EDGE ( 'NONE', *, *, #4925, .F. ) ;
#4130 = FACE_OUTER_BOUND ( 'NONE', #2005, .T. ) ;
#4131 = CARTESIAN_POINT ( 'NONE',  ( 7.553621657310904677E-16, 6.871718041573655553E-32, -11.14999999999999680 ) ) ;
#4132 = CARTESIAN_POINT ( 'NONE',  ( 0.0000000000000000000, -12.19999999999999041, 10.21245434496620952 ) ) ;
#4133 = EDGE_CURVE ( 'NONE', #1300, #2089, #3131, .T. ) ;
#4134 = ORIENTED_EDGE ( 'NONE', *, *, #792, .T. ) ;
#4135 = SURFACE_STYLE_FILL_AREA ( #2219 ) ;
#4136 = ORIENTED_EDGE ( 'NONE', *, *, #619, .F. ) ;
#4137 = CARTESIAN_POINT ( 'NONE',  ( 14.35000000000000142, -12.59999999999999964, -10.14999999999999858 ) ) ;
#4138 = EDGE_CURVE ( 'NONE', #978, #1920, #7152, .T. ) ;
#4139 = FACE_OUTER_BOUND ( 'NONE', #5580, .T. ) ;
#4140 = VERTEX_POINT ( 'NONE', #2535 ) ;
#4141 =( LENGTH_UNIT ( ) NAMED_UNIT ( * ) SI_UNIT ( .MILLI., .METRE. ) );
#4142 = PRESENTATION_STYLE_ASSIGNMENT (( #1879 ) ) ;
#4143 = CARTESIAN_POINT ( 'NONE',  ( 0.0000000000000000000, 0.0000000000000000000, 0.0000000000000000000 ) ) ;
#4144 = ADVANCED_FACE ( 'NONE', ( #5423 ), #5994, .T. ) ;
#4145 = ORIENTED_EDGE ( 'NONE', *, *, #1424, .T. ) ;
#4146 = EDGE_CURVE ( 'NONE', #6367, #3705, #4312, .T. ) ;
#4147 = ORIENTED_EDGE ( 'NONE', *, *, #4031, .T. ) ;
#4148 = CIRCLE ( 'NONE', #1427, 2.000000000000000000 ) ;
#4149 = VERTEX_POINT ( 'NONE', #6512 ) ;
#4150 = CARTESIAN_POINT ( 'NONE',  ( -5.237565705693876694, -6.400000000000000355, -10.14999999999999503 ) ) ;
#4151 = SURFACE_STYLE_USAGE ( .BOTH. , #791 ) ;
#4152 = CARTESIAN_POINT ( 'NONE',  ( 16.34999999999999787, -3.000000000000000000, 12.15000000000000391 ) ) ;
#4153 = VERTEX_POINT ( 'NONE', #3089 ) ;
#4154 = CARTESIAN_POINT ( 'NONE',  ( 2.143683192554345585, -18.61923881554287519, 10.86245434496621343 ) ) ;
#4155 = DIRECTION ( 'NONE',  ( 2.935685882423051090E-14, 0.0000000000000000000, -1.000000000000000000 ) ) ;
#4156 = CIRCLE ( 'NONE', #149, 2.199999999999999734 ) ;
#4157 = LINE ( 'NONE', #4047, #6762 ) ;
#4158 = DIRECTION ( 'NONE',  ( 0.0000000000000000000, 0.0000000000000000000, -1.000000000000000000 ) ) ;
#4159 = ORIENTED_EDGE ( 'NONE', *, *, #3292, .F. ) ;
#4160 = VERTEX_POINT ( 'NONE', #1491 ) ;
#4161 = LINE ( 'NONE', #5907, #337 ) ;
#4162 = LINE ( 'NONE', #6470, #4936 ) ;
#4163 = ORIENTED_EDGE ( 'NONE', *, *, #4194, .F. ) ;
#4164 = CARTESIAN_POINT ( 'NONE',  ( 6.028068768760273421, -6.899999999999999467, 6.028068768760381779 ) ) ;
#4165 = CARTESIAN_POINT ( 'NONE',  ( -10.39999994562513486, -12.20000000000000107, -12.14999999999999858 ) ) ;
#4166 = DIRECTION ( 'NONE',  ( 0.0000000000000000000, 0.0000000000000000000, -1.000000000000000000 ) ) ;
#4167 = EDGE_LOOP ( 'NONE', ( #2207, #1258, #746, #704 ) ) ;
#4168 = EDGE_LOOP ( 'NONE', ( #3981, #3741, #1939, #7305 ) ) ;
#4169 = DIRECTION ( 'NONE',  ( 0.0000000000000000000, 1.000000000000000000, 0.0000000000000000000 ) ) ;
#4170 = DIRECTION ( 'NONE',  ( 0.0000000000000000000, 0.0000000000000000000, -1.000000000000000000 ) ) ;
#4171 = EDGE_CURVE ( 'NONE', #7116, #71, #7072, .T. ) ;
#4172 = ORIENTED_EDGE ( 'NONE', *, *, #937, .F. ) ;
#4173 = VECTOR ( 'NONE', #6393, 1000.000000000000000 ) ;
#4174 =( NAMED_UNIT ( * ) SI_UNIT ( $, .STERADIAN. ) SOLID_ANGLE_UNIT ( ) );
#4175 = FILL_AREA_STYLE ('',( #6531 ) ) ;
#4176 = EDGE_CURVE ( 'NONE', #6371, #4955, #7037, .T. ) ;
#4177 = ORIENTED_EDGE ( 'NONE', *, *, #352, .F. ) ;
#4178 = ORIENTED_EDGE ( 'NONE', *, *, #2568, .F. ) ;
#4179 = LINE ( 'NONE', #831, #2904 ) ;
#4180 = CARTESIAN_POINT ( 'NONE',  ( -4.431316807445652373, -4.599999999999999645, 9.287454344966207032 ) ) ;
#4181 = DIRECTION ( 'NONE',  ( 9.637352644315584889E-16, -1.000000000000000000, 5.912573776831487246E-32 ) ) ;
#4182 = VECTOR ( 'NONE', #1368, 1000.000000000000000 ) ;
#4183 = EDGE_CURVE ( 'NONE', #376, #6929, #6626, .T. ) ;
#4184 = EDGE_CURVE ( 'NONE', #4750, #1397, #329, .T. ) ;
#4185 = ORIENTED_EDGE ( 'NONE', *, *, #3284, .T. ) ;
#4186 = PLANE ( 'NONE',  #800 ) ;
#4187 = DIRECTION ( 'NONE',  ( 1.000000000000000000, -4.119479477319223187E-15, 6.774548571579288900E-17 ) ) ;
#4188 = FILL_AREA_STYLE ('',( #6541 ) ) ;
#4189 = ORIENTED_EDGE ( 'NONE', *, *, #2498, .F. ) ;
#4190 = CARTESIAN_POINT ( 'NONE',  ( -16.35000000000000853, -4.599999999999999645, -12.14999999999999858 ) ) ;
#4191 = CARTESIAN_POINT ( 'NONE',  ( 0.0000000000000000000, 0.0000000000000000000, 0.0000000000000000000 ) ) ;
#4192 = CARTESIAN_POINT ( 'NONE',  ( -11.12499820925449967, -6.899999999999999467, -11.12500076336242394 ) ) ;
#4193 = LINE ( 'NONE', #1371, #1041 ) ;
#4194 = EDGE_CURVE ( 'NONE', #1392, #540, #3766, .T. ) ;
#4195 = DIRECTION ( 'NONE',  ( -1.000000000000000000, 0.0000000000000000000, 0.0000000000000000000 ) ) ;
#4196 = EDGE_CURVE ( 'NONE', #6759, #2999, #1119, .T. ) ;
#4197 = CARTESIAN_POINT ( 'NONE',  ( 7.965828276551891570E-16, -10.11055129483321835, -11.64999999999999680 ) ) ;
#4198 = EDGE_LOOP ( 'NONE', ( #2916, #5271, #4301, #7297 ) ) ;
#4199 = ORIENTED_EDGE ( 'NONE', *, *, #5192, .T. ) ;
#4200 = DIRECTION ( 'NONE',  ( -3.985843548545140262E-07, 0.0000000000000000000, 0.9999999999999206191 ) ) ;
#4201 = SURFACE_STYLE_USAGE ( .BOTH. , #4243 ) ;
#4202 = VERTEX_POINT ( 'NONE', #6077 ) ;
#4203 = CARTESIAN_POINT ( 'NONE',  ( 8.530452312324126041, -9.689448705166794795, -10.14999999999999503 ) ) ;
#4204 = LINE ( 'NONE', #146, #2773 ) ;
#4205 = CARTESIAN_POINT ( 'NONE',  ( -12.63333330646314856, -10.50833333794471436, -3.383333324114659924 ) ) ;
#4206 = VECTOR ( 'NONE', #4869, 1000.000000000000000 ) ;
#4207 = VERTEX_POINT ( 'NONE', #4247 ) ;
#4208 = CARTESIAN_POINT ( 'NONE',  ( 0.0000000000000000000, -12.30000000000000071, 0.0000000000000000000 ) ) ;
#4209 = DIRECTION ( 'NONE',  ( 9.220115214925091276E-08, 0.0000000000000000000, -0.9999999999999956701 ) ) ;
#4210 = UNCERTAINTY_MEASURE_WITH_UNIT (LENGTH_MEASURE( 1.000000000000000082E-05 ), #3097, 'distance_accuracy_value', 'NONE');
#4211 = MECHANICAL_DESIGN_GEOMETRIC_PRESENTATION_REPRESENTATION (  '', ( #3619 ), #1962 ) ;
#4212 = ORIENTED_EDGE ( 'NONE', *, *, #5618, .F. ) ;
#4213 = LINE ( 'NONE', #4734, #5927 ) ;
#4214 = DIRECTION ( 'NONE',  ( 0.0000000000000000000, 0.0000000000000000000, -1.000000000000000000 ) ) ;
#4215 = VECTOR ( 'NONE', #2372, 1000.000000000000000 ) ;
#4216 = CARTESIAN_POINT ( 'NONE',  ( 0.0000000000000000000, -6.899999999999999467, 0.0000000000000000000 ) ) ;
#4217 = VERTEX_POINT ( 'NONE', #3614 ) ;
#4218 = VECTOR ( 'NONE', #5601, 1000.000000000000000 ) ;
#4219 = VERTEX_POINT ( 'NONE', #5345 ) ;
#4220 = FACE_OUTER_BOUND ( 'NONE', #5025, .T. ) ;
#4221 = EDGE_CURVE ( 'NONE', #2506, #1686, #253, .T. ) ;
#4222 = CARTESIAN_POINT ( 'NONE',  ( -3.506316807445651662, -6.899999999999999467, 10.86245434496620632 ) ) ;
#4223 = VECTOR ( 'NONE', #6724, 1000.000000000000000 ) ;
#4224 = MECHANICAL_DESIGN_GEOMETRIC_PRESENTATION_REPRESENTATION (  '', ( #2687 ), #1144 ) ;
#4225 = PRESENTATION_STYLE_ASSIGNMENT (( #5977 ) ) ;
#4226 = VECTOR ( 'NONE', #6216, 1000.000000000000000 ) ;
#4227 = VECTOR ( 'NONE', #5387, 1000.000000000000000 ) ;
#4228 = PLANE ( 'NONE',  #2497 ) ;
#4229 = AXIS2_PLACEMENT_3D ( 'NONE', #6075, #2054, #7251 ) ;
#4230 = DIRECTION ( 'NONE',  ( 0.0000000000000000000, 0.0000000000000000000, -1.000000000000000000 ) ) ;
#4231 = CARTESIAN_POINT ( 'NONE',  ( 7.241003607157344035, -8.400000000000000355, -11.64999999999999680 ) ) ;
#4232 = EDGE_LOOP ( 'NONE', ( #6962, #5036, #4724, #5353, #2428, #6755, #7032, #7220, #4442, #3015, #6261, #2066 ) ) ;
#4233 = EDGE_CURVE ( 'NONE', #3722, #206, #4846, .T. ) ;
#4234 =( GEOMETRIC_REPRESENTATION_CONTEXT ( 3 ) GLOBAL_UNCERTAINTY_ASSIGNED_CONTEXT ( ( #4578 ) ) GLOBAL_UNIT_ASSIGNED_CONTEXT ( ( #7101, #4332, #3784 ) ) REPRESENTATION_CONTEXT ( 'NONE', 'WORKASPACE' ) );
#4235 =( GEOMETRIC_REPRESENTATION_CONTEXT ( 3 ) GLOBAL_UNCERTAINTY_ASSIGNED_CONTEXT ( ( #6562 ) ) GLOBAL_UNIT_ASSIGNED_CONTEXT ( ( #3080, #5185, #842 ) ) REPRESENTATION_CONTEXT ( 'NONE', 'WORKASPACE' ) );
#4236 = FILL_AREA_STYLE_COLOUR ( '', #2078 ) ;
#4237 = DIRECTION ( 'NONE',  ( -2.891205793294677833E-16, 1.000000000000000000, -1.342363825506707313E-32 ) ) ;
#4238 = VECTOR ( 'NONE', #5474, 1000.000000000000000 ) ;
#4239 = CARTESIAN_POINT ( 'NONE',  ( 0.2686831925543509136, -4.599999999999999645, 9.287454344966207032 ) ) ;
#4240 = ORIENTED_EDGE ( 'NONE', *, *, #1608, .T. ) ;
#4241 = ORIENTED_EDGE ( 'NONE', *, *, #2061, .T. ) ;
#4242 = DIRECTION ( 'NONE',  ( -5.304964758338859037E-17, 0.0000000000000000000, 1.000000000000000000 ) ) ;
#4243 = SURFACE_SIDE_STYLE ('',( #4844 ) ) ;
#4244 = VECTOR ( 'NONE', #373, 1000.000000000000000 ) ;
#4245 = EDGE_CURVE ( 'NONE', #5518, #3110, #5680, .T. ) ;
#4246 = ORIENTED_EDGE ( 'NONE', *, *, #5681, .F. ) ;
#4247 = CARTESIAN_POINT ( 'NONE',  ( -3.506316807445652106, -6.899999999999999467, 10.21245434496620774 ) ) ;
#4248 = EDGE_CURVE ( 'NONE', #6868, #425, #421, .T. ) ;
#4249 = CARTESIAN_POINT ( 'NONE',  ( -14.35000000000000320, -12.20000000000000107, 10.15000000000000391 ) ) ;
#4250 = CARTESIAN_POINT ( 'NONE',  ( 0.0000000000000000000, -12.59999999999999964, 0.0000000000000000000 ) ) ;
#4251 = FACE_OUTER_BOUND ( 'NONE', #2674, .T. ) ;
#4252 = ORIENTED_EDGE ( 'NONE', *, *, #4838, .F. ) ;
#4253 = LINE ( 'NONE', #7158, #334 ) ;
#4254 = ORIENTED_EDGE ( 'NONE', *, *, #3648, .T. ) ;
#4255 = DIRECTION ( 'NONE',  ( -0.7071067811865230368, 0.7071067811865721087, 0.0000000000000000000 ) ) ;
#4256 = LINE ( 'NONE', #5235, #5371 ) ;
#4257 = CARTESIAN_POINT ( 'NONE',  ( -14.32499993203352595, -18.61923881554287519, -3.823063642379053100E-12 ) ) ;
#4258 =( LENGTH_UNIT ( ) NAMED_UNIT ( * ) SI_UNIT ( .MILLI., .METRE. ) );
#4259 = ORIENTED_EDGE ( 'NONE', *, *, #4451, .T. ) ;
#4260 = VERTEX_POINT ( 'NONE', #3277 ) ;
#4261 = PLANE ( 'NONE',  #7329 ) ;
#4262 = FACE_OUTER_BOUND ( 'NONE', #2660, .T. ) ;
#4263 = SURFACE_SIDE_STYLE ('',( #2707 ) ) ;
#4264 = DIRECTION ( 'NONE',  ( -2.054980117695600852E-13, 0.0000000000000000000, -1.000000000000000000 ) ) ;
#4265 = DIRECTION ( 'NONE',  ( 0.5773502691896121863, -0.5773502691896518213, 0.5773502691896132966 ) ) ;
#4266 = CARTESIAN_POINT ( 'NONE',  ( 7.241003607157344035, -11.40000000000000213, -12.14999999999999680 ) ) ;
#4267 = ORIENTED_EDGE ( 'NONE', *, *, #2504, .T. ) ;
#4268 = FACE_OUTER_BOUND ( 'NONE', #1898, .T. ) ;
#4269 = FACE_OUTER_BOUND ( 'NONE', #5677, .T. ) ;
#4270 = PRESENTATION_LAYER_ASSIGNMENT (  '', '', ( #2357 ) ) ;
#4271 = CARTESIAN_POINT ( 'NONE',  ( -13.40000013987819472, -4.599999999999999645, -4.149999072413982582 ) ) ;
#4272 = EDGE_CURVE ( 'NONE', #3312, #5296, #2753, .T. ) ;
#4273 = SURFACE_STYLE_FILL_AREA ( #6694 ) ;
#4274 = ORIENTED_EDGE ( 'NONE', *, *, #3114, .F. ) ;
#4275 = EDGE_LOOP ( 'NONE', ( #1501, #4319, #916, #1840 ) ) ;
#4276 = LINE ( 'NONE', #6587, #7000 ) ;
#4277 = ADVANCED_FACE ( 'NONE', ( #1570 ), #5031, .F. ) ;
#4278 = ORIENTED_EDGE ( 'NONE', *, *, #3789, .T. ) ;
#4279 = CARTESIAN_POINT ( 'NONE',  ( 16.34999999999999787, -4.599999999999999645, 12.15000000000000391 ) ) ;
#4280 = DIRECTION ( 'NONE',  ( 0.0000000000000000000, 0.0000000000000000000, -1.000000000000000000 ) ) ;
#4281 = SURFACE_SIDE_STYLE ('',( #6628 ) ) ;
#4282 = ADVANCED_FACE ( 'NONE', ( #3832 ), #3314, .T. ) ;
#4283 = DIRECTION ( 'NONE',  ( -1.000000000000000000, 0.0000000000000000000, 7.885106708985469312E-16 ) ) ;
#4284 = PRESENTATION_LAYER_ASSIGNMENT (  '', '', ( #6219 ) ) ;
#4285 = ORIENTED_EDGE ( 'NONE', *, *, #3606, .F. ) ;
#4286 = DIRECTION ( 'NONE',  ( 0.0000000000000000000, 0.0000000000000000000, -1.000000000000000000 ) ) ;
#4287 = UNCERTAINTY_MEASURE_WITH_UNIT (LENGTH_MEASURE( 1.000000000000000082E-05 ), #4645, 'distance_accuracy_value', 'NONE');
#4288 = ORIENTED_EDGE ( 'NONE', *, *, #5477, .F. ) ;
#4289 = DIRECTION ( 'NONE',  ( 1.000000000000000000, 0.0000000000000000000, -2.054980117695600852E-13 ) ) ;
#4290 = DIRECTION ( 'NONE',  ( 1.239088197126291063E-16, 1.000000000000000000, 0.0000000000000000000 ) ) ;
#4291 = FACE_BOUND ( 'NONE', #5277, .T. ) ;
#4292 = ADVANCED_FACE ( 'NONE', ( #1642 ), #428, .T. ) ;
#4293 = ORIENTED_EDGE ( 'NONE', *, *, #2237, .T. ) ;
#4294 = CARTESIAN_POINT ( 'NONE',  ( 13.35751266122969128, -4.599999999999999645, 6.869388599297004738 ) ) ;
#4295 = VECTOR ( 'NONE', #3660, 1000.000000000000114 ) ;
#4296 = ORIENTED_EDGE ( 'NONE', *, *, #4171, .F. ) ;
#4297 =( GEOMETRIC_REPRESENTATION_CONTEXT ( 3 ) GLOBAL_UNCERTAINTY_ASSIGNED_CONTEXT ( ( #7219 ) ) GLOBAL_UNIT_ASSIGNED_CONTEXT ( ( #5666, #3442, #2176 ) ) REPRESENTATION_CONTEXT ( 'NONE', 'WORKASPACE' ) );
#4298 = EDGE_LOOP ( 'NONE', ( #6670, #6342, #1180 ) ) ;
#4299 = CARTESIAN_POINT ( 'NONE',  ( 0.8686831925543443411, -6.899999999999999467, 11.78745434496620703 ) ) ;
#4300 = PLANE ( 'NONE',  #258 ) ;
#4301 = ORIENTED_EDGE ( 'NONE', *, *, #2368, .T. ) ;
#4302 = DIRECTION ( 'NONE',  ( -1.000000000000000000, 0.0000000000000000000, 0.0000000000000000000 ) ) ;
#4303 = LINE ( 'NONE', #5410, #2862 ) ;
#4304 = ORIENTED_EDGE ( 'NONE', *, *, #6063, .T. ) ;
#4305 = CARTESIAN_POINT ( 'NONE',  ( -3.778227730679330852E-12, -12.20000000000000462, -10.72500000000519726 ) ) ;
#4306 = CARTESIAN_POINT ( 'NONE',  ( -6.709385576205949775, -6.899999999999999467, 6.709385576205803225 ) ) ;
#4307 = CARTESIAN_POINT ( 'NONE',  ( -0.4875657056938695888, -10.11055129483321835, -11.64999999999999680 ) ) ;
#4308 = FACE_OUTER_BOUND ( 'NONE', #846, .T. ) ;
#4309 = EDGE_LOOP ( 'NONE', ( #2157, #2364, #3477, #6127 ) ) ;
#4310 = CARTESIAN_POINT ( 'NONE',  ( -8.594011564216394561, -4.599999999999999645, -3.107656175016917821 ) ) ;
#4311 = CARTESIAN_POINT ( 'NONE',  ( 2.143683192554346029, -12.19999999999999751, 10.21245434496621307 ) ) ;
#4312 = LINE ( 'NONE', #2645, #6604 ) ;
#4313 = EDGE_CURVE ( 'NONE', #572, #5076, #470, .T. ) ;
#4314 = LINE ( 'NONE', #292, #1462 ) ;
#4315 = DIRECTION ( 'NONE',  ( -1.887130358994987552E-15, -0.7071067811865230368, 0.7071067811865721087 ) ) ;
#4316 =( GEOMETRIC_REPRESENTATION_CONTEXT ( 3 ) GLOBAL_UNCERTAINTY_ASSIGNED_CONTEXT ( ( #3249 ) ) GLOBAL_UNIT_ASSIGNED_CONTEXT ( ( #988, #2094, #4957 ) ) REPRESENTATION_CONTEXT ( 'NONE', 'WORKASPACE' ) );
#4317 = CARTESIAN_POINT ( 'NONE',  ( -12.37499999999982414, -6.899999999999999467, -12.37500000000010836 ) ) ;
#4318 = ORIENTED_EDGE ( 'NONE', *, *, #987, .F. ) ;
#4319 = ORIENTED_EDGE ( 'NONE', *, *, #2695, .T. ) ;
#4320 = LINE ( 'NONE', #4771, #1381 ) ;
#4321 = ADVANCED_FACE ( 'NONE', ( #5713 ), #6384, .F. ) ;
#4322 = MECHANICAL_DESIGN_GEOMETRIC_PRESENTATION_REPRESENTATION (  '', ( #4082 ), #2417 ) ;
#4323 = DIRECTION ( 'NONE',  ( 0.0000000000000000000, 0.0000000000000000000, 1.000000000000000000 ) ) ;
#4324 = DIRECTION ( 'NONE',  ( -2.891205793294677833E-16, 1.000000000000000000, -1.342363825506707313E-32 ) ) ;
#4325 = DIRECTION ( 'NONE',  ( -0.7071067159904811383, 0.0000000000000000000, -0.7071068463826079009 ) ) ;
#4326 = AXIS2_PLACEMENT_3D ( 'NONE', #5096, #6869, #6908 ) ;
#4327 = ORIENTED_EDGE ( 'NONE', *, *, #6957, .T. ) ;
#4328 = FACE_OUTER_BOUND ( 'NONE', #2489, .T. ) ;
#4329 = EDGE_CURVE ( 'NONE', #4494, #290, #1777, .T. ) ;
#4330 = EDGE_CURVE ( 'NONE', #6299, #3776, #1858, .T. ) ;
#4331 =( GEOMETRIC_REPRESENTATION_CONTEXT ( 3 ) GLOBAL_UNCERTAINTY_ASSIGNED_CONTEXT ( ( #1998 ) ) GLOBAL_UNIT_ASSIGNED_CONTEXT ( ( #363, #4872, #3269 ) ) REPRESENTATION_CONTEXT ( 'NONE', 'WORKASPACE' ) );
#4332 =( NAMED_UNIT ( * ) PLANE_ANGLE_UNIT ( ) SI_UNIT ( $, .RADIAN. ) );
#4333 = DIRECTION ( 'NONE',  ( 5.304964758338859037E-17, 0.0000000000000000000, -1.000000000000000000 ) ) ;
#4334 = CARTESIAN_POINT ( 'NONE',  ( 0.0000000000000000000, 0.0000000000000000000, -11.39999999999999680 ) ) ;
#4335 = DIRECTION ( 'NONE',  ( -0.0000000000000000000, 1.000000000000000000, -0.0000000000000000000 ) ) ;
#4336 = ORIENTED_EDGE ( 'NONE', *, *, #2601, .T. ) ;
#4337 = PRESENTATION_LAYER_ASSIGNMENT (  '', '', ( #5183 ) ) ;
#4338 = CARTESIAN_POINT ( 'NONE',  ( 4.778068768760270757, -6.899999999999999467, 4.778068768760243223 ) ) ;
#4339 = FILL_AREA_STYLE ('',( #359 ) ) ;
#4340 = DIRECTION ( 'NONE',  ( -0.0000000000000000000, 1.000000000000000000, -0.0000000000000000000 ) ) ;
#4341 = AXIS2_PLACEMENT_3D ( 'NONE', #1096, #5084, #2937 ) ;
#4342 = CARTESIAN_POINT ( 'NONE',  ( -2.274999954687495496, -6.899999999999999467, 2.274999954687535020 ) ) ;
#4343 = PRESENTATION_LAYER_ASSIGNMENT (  '', '', ( #2310 ) ) ;
#4344 =( GEOMETRIC_REPRESENTATION_CONTEXT ( 3 ) GLOBAL_UNCERTAINTY_ASSIGNED_CONTEXT ( ( #4210 ) ) GLOBAL_UNIT_ASSIGNED_CONTEXT ( ( #3097, #1537, #821 ) ) REPRESENTATION_CONTEXT ( 'NONE', 'WORKASPACE' ) );
#4345 = MANIFOLD_SOLID_BREP ( 'Extrude11', #6584 ) ;
#4346 = CARTESIAN_POINT ( 'NONE',  ( 0.5686831925543465172, -6.899999999999999467, 9.587454344966209518 ) ) ;
#4347 = EDGE_LOOP ( 'NONE', ( #5267, #7081, #4737, #1487 ) ) ;
#4348 = EDGE_LOOP ( 'NONE', ( #6623, #5171, #3167 ) ) ;
#4349 = LINE ( 'NONE', #7277, #6766 ) ;
#4350 = AXIS2_PLACEMENT_3D ( 'NONE', #4405, #284, #6197 ) ;
#4351 = ORIENTED_EDGE ( 'NONE', *, *, #4359, .T. ) ;
#4352 = CIRCLE ( 'NONE', #2106, 8.201829064300508065 ) ;
#4353 = VECTOR ( 'NONE', #2045, 1000.000000000000000 ) ;
#4354 = MECHANICAL_DESIGN_GEOMETRIC_PRESENTATION_REPRESENTATION (  '', ( #222 ), #7124 ) ;
#4355 = DIRECTION ( 'NONE',  ( -1.000000000000000000, 0.0000000000000000000, -6.774548571579288900E-17 ) ) ;
#4356 = VECTOR ( 'NONE', #5057, 1000.000000000000000 ) ;
#4357 =( NAMED_UNIT ( * ) SI_UNIT ( $, .STERADIAN. ) SOLID_ANGLE_UNIT ( ) );
#4358 = VECTOR ( 'NONE', #4363, 1000.000000000000000 ) ;
#4359 = EDGE_CURVE ( 'NONE', #425, #6868, #6739, .T. ) ;
#4360 = ORIENTED_EDGE ( 'NONE', *, *, #3540, .T. ) ;
#4361 = DIRECTION ( 'NONE',  ( 1.000000000000000000, 0.0000000000000000000, -1.427755947306013918E-16 ) ) ;
#4362 = ORIENTED_EDGE ( 'NONE', *, *, #352, .T. ) ;
#4363 = DIRECTION ( 'NONE',  ( 5.304964758338859037E-17, 0.0000000000000000000, -1.000000000000000000 ) ) ;
#4364 = DIRECTION ( 'NONE',  ( 0.0000000000000000000, 1.000000000000000000, 0.0000000000000000000 ) ) ;
#4365 = ADVANCED_FACE ( 'NONE', ( #1710 ), #5222, .T. ) ;
#4366 = LINE ( 'NONE', #6677, #1336 ) ;
#4367 = CARTESIAN_POINT ( 'NONE',  ( 14.34999999999999609, -12.59999999999999964, 11.75000000000001243 ) ) ;
#4368 = ORIENTED_EDGE ( 'NONE', *, *, #34, .T. ) ;
#4369 = EDGE_CURVE ( 'NONE', #4380, #5604, #4635, .T. ) ;
#4370 = ORIENTED_EDGE ( 'NONE', *, *, #4923, .F. ) ;
#4371 = CARTESIAN_POINT ( 'NONE',  ( -16.35000000000000853, -3.000000000000000000, -12.14999999999999858 ) ) ;
#4372 =( NAMED_UNIT ( * ) PLANE_ANGLE_UNIT ( ) SI_UNIT ( $, .RADIAN. ) );
#4373 = PRESENTATION_STYLE_ASSIGNMENT (( #4860 ) ) ;
#4374 = ORIENTED_EDGE ( 'NONE', *, *, #7184, .F. ) ;
#4375 = ADVANCED_FACE ( 'NONE', ( #4077 ), #6430, .F. ) ;
#4376 = DIRECTION ( 'NONE',  ( -0.7071067811865393571, 0.0000000000000000000, 0.7071067811865556774 ) ) ;
#4377 = ADVANCED_FACE ( 'NONE', ( #910 ), #1483, .T. ) ;
#4378 = DIRECTION ( 'NONE',  ( -0.0000000000000000000, 0.0000000000000000000, 1.000000000000000000 ) ) ;
#4379 = DIRECTION ( 'NONE',  ( 0.0000000000000000000, 1.000000000000000000, 0.0000000000000000000 ) ) ;
#4380 = VERTEX_POINT ( 'NONE', #3004 ) ;
#4381 = DIRECTION ( 'NONE',  ( 0.0000000000000000000, -0.0000000000000000000, 1.000000000000000000 ) ) ;
#4382 =( NAMED_UNIT ( * ) PLANE_ANGLE_UNIT ( ) SI_UNIT ( $, .RADIAN. ) );
#4383 = CARTESIAN_POINT ( 'NONE',  ( -15.60000000000000675, -6.899999999999999467, -9.149999999999998579 ) ) ;
#4384 = DIRECTION ( 'NONE',  ( -1.000000000000000000, 0.0000000000000000000, -0.0000000000000000000 ) ) ;
#4385 = CARTESIAN_POINT ( 'NONE',  ( 10.28045231232413315, -6.400000000000001243, -10.14999999999999503 ) ) ;
#4386 = ADVANCED_FACE ( 'NONE', ( #2565 ), #4720, .F. ) ;
#4387 = ORIENTED_EDGE ( 'NONE', *, *, #1476, .T. ) ;
#4388 = ORIENTED_EDGE ( 'NONE', *, *, #5572, .T. ) ;
#4389 = PLANE ( 'NONE',  #4229 ) ;
#4390 = VERTEX_POINT ( 'NONE', #7176 ) ;
#4391 = DIRECTION ( 'NONE',  ( 5.304964758338859037E-17, 0.0000000000000000000, -1.000000000000000000 ) ) ;
#4392 = VECTOR ( 'NONE', #3783, 1000.000000000000000 ) ;
#4393 = EDGE_LOOP ( 'NONE', ( #5402, #3541 ) ) ;
#4394 = SURFACE_SIDE_STYLE ('',( #592 ) ) ;
#4395 = ORIENTED_EDGE ( 'NONE', *, *, #2024, .F. ) ;
#4396 =( NAMED_UNIT ( * ) PLANE_ANGLE_UNIT ( ) SI_UNIT ( $, .RADIAN. ) );
#4397 = DIRECTION ( 'NONE',  ( 1.000000000000000000, -0.0000000000000000000, 5.304964758338858421E-17 ) ) ;
#4398 = VECTOR ( 'NONE', #2289, 1000.000000000000000 ) ;
#4399 = DIRECTION ( 'NONE',  ( -1.000000000000000000, 0.0000000000000000000, -2.668805347656626481E-15 ) ) ;
#4400 = FACE_OUTER_BOUND ( 'NONE', #29, .T. ) ;
#4401 = ORIENTED_EDGE ( 'NONE', *, *, #860, .F. ) ;
#4402 = LINE ( 'NONE', #7231, #4103 ) ;
#4403 = EDGE_CURVE ( 'NONE', #5895, #3694, #2016, .T. ) ;
#4404 = FILL_AREA_STYLE_COLOUR ( '', #3800 ) ;
#4405 = CARTESIAN_POINT ( 'NONE',  ( -2.898977624452177652E-14, -18.61923881554287519, 10.86245434496620810 ) ) ;
#4406 = VERTEX_POINT ( 'NONE', #6464 ) ;
#4407 = SURFACE_STYLE_USAGE ( .BOTH. , #6123 ) ;
#4408 = DIRECTION ( 'NONE',  ( 0.0000000000000000000, 0.0000000000000000000, -1.000000000000000000 ) ) ;
#4409 = CARTESIAN_POINT ( 'NONE',  ( -14.97499996851658288, -18.61923881554287519, 3.317124879762201059E-12 ) ) ;
#4410 = ORIENTED_EDGE ( 'NONE', *, *, #1469, .T. ) ;
#4411 = LINE ( 'NONE', #5484, #1135 ) ;
#4412 = ORIENTED_EDGE ( 'NONE', *, *, #1868, .F. ) ;
#4413 = CARTESIAN_POINT ( 'NONE',  ( -12.20598832703387693, -4.599999999999999645, -3.107656175016917821 ) ) ;
#4414 = EDGE_CURVE ( 'NONE', #3564, #6093, #1972, .T. ) ;
#4415 = CARTESIAN_POINT ( 'NONE',  ( -10.39999994562513486, -12.59999999999999964, -8.149999999999998579 ) ) ;
#4416 = ADVANCED_FACE ( 'NONE', ( #1893 ), #7062, .T. ) ;
#4417 = CARTESIAN_POINT ( 'NONE',  ( -1.777014410860665139, -9.689448705166794795, -11.64999999999999680 ) ) ;
#4418 = ORIENTED_EDGE ( 'NONE', *, *, #3701, .F. ) ;
#4419 = ORIENTED_EDGE ( 'NONE', *, *, #3488, .F. ) ;
#4420 = CARTESIAN_POINT ( 'NONE',  ( -2.956316807445647399, -12.30000000000000071, 10.86245434496620632 ) ) ;
#4421 = VERTEX_POINT ( 'NONE', #1450 ) ;
#4422 = CARTESIAN_POINT ( 'NONE',  ( 1.625302452293983432E-13, -6.899999999999999467, -5.074999986169428823 ) ) ;
#4423 = EDGE_CURVE ( 'NONE', #6418, #5130, #3646, .T. ) ;
#4424 = CARTESIAN_POINT ( 'NONE',  ( 3.068683192554345851, -4.599999999999999645, 0.0000000000000000000 ) ) ;
#4425 = AXIS2_PLACEMENT_3D ( 'NONE', #3132, #4072, #4230 ) ;
#4426 =( NAMED_UNIT ( * ) SI_UNIT ( $, .STERADIAN. ) SOLID_ANGLE_UNIT ( ) );
#4427 = ORIENTED_EDGE ( 'NONE', *, *, #2058, .T. ) ;
#4428 = CARTESIAN_POINT ( 'NONE',  ( -1.631316807445650996, -4.599999999999999645, 9.287454344966207032 ) ) ;
#4429 = DIRECTION ( 'NONE',  ( 0.9999999999999957812, 0.0000000000000000000, 9.220115214925092600E-08 ) ) ;
#4430 = FILL_AREA_STYLE ('',( #1542 ) ) ;
#4431 = CARTESIAN_POINT ( 'NONE',  ( 11.49956894949960962, -0.09956894949960455599, 0.0000000000000000000 ) ) ;
#4432 = ORIENTED_EDGE ( 'NONE', *, *, #84, .F. ) ;
#4433 = PLANE ( 'NONE',  #5320 ) ;
#4434 = CARTESIAN_POINT ( 'NONE',  ( 0.0000000000000000000, 0.0000000000000000000, 0.0000000000000000000 ) ) ;
#4435 = DIRECTION ( 'NONE',  ( -1.000000000000000000, 0.0000000000000000000, 0.0000000000000000000 ) ) ;
#4436 = VECTOR ( 'NONE', #1811, 1000.000000000000000 ) ;
#4437 = VERTEX_POINT ( 'NONE', #5290 ) ;
#4438 = LINE ( 'NONE', #47, #2446 ) ;
#4439 = ADVANCED_FACE ( 'NONE', ( #5985 ), #5948, .T. ) ;
#4440 = ORIENTED_EDGE ( 'NONE', *, *, #6349, .T. ) ;
#4441 = SURFACE_STYLE_FILL_AREA ( #7298 ) ;
#4442 = ORIENTED_EDGE ( 'NONE', *, *, #887, .F. ) ;
#4443 = FACE_OUTER_BOUND ( 'NONE', #4514, .T. ) ;
#4444 = CARTESIAN_POINT ( 'NONE',  ( 14.34999999999999609, -4.599999999999999645, 10.15000000000000391 ) ) ;
#4445 = VECTOR ( 'NONE', #4007, 1000.000000000000000 ) ;
#4446 = DIRECTION ( 'NONE',  ( 0.0000000000000000000, 0.0000000000000000000, -1.000000000000000000 ) ) ;
#4447 = ORIENTED_EDGE ( 'NONE', *, *, #1649, .T. ) ;
#4448 = VECTOR ( 'NONE', #1936, 1000.000000000000000 ) ;
#4449 = ORIENTED_EDGE ( 'NONE', *, *, #5443, .T. ) ;
#4450 = DIRECTION ( 'NONE',  ( -0.0000000000000000000, 1.000000000000000000, -0.0000000000000000000 ) ) ;
#4451 = EDGE_CURVE ( 'NONE', #4874, #2158, #841, .T. ) ;
#4452 = VERTEX_POINT ( 'NONE', #2048 ) ;
#4453 =( GEOMETRIC_REPRESENTATION_CONTEXT ( 3 ) GLOBAL_UNCERTAINTY_ASSIGNED_CONTEXT ( ( #7291 ) ) GLOBAL_UNIT_ASSIGNED_CONTEXT ( ( #1340, #881, #848 ) ) REPRESENTATION_CONTEXT ( 'NONE', 'WORKASPACE' ) );
#4454 = AXIS2_PLACEMENT_3D ( 'NONE', #2354, #1212, #1245 ) ;
#4455 = EDGE_CURVE ( 'NONE', #2999, #3889, #4675, .T. ) ;
#4456 = VECTOR ( 'NONE', #3827, 1000.000000000000000 ) ;
#4457 = FACE_OUTER_BOUND ( 'NONE', #4981, .T. ) ;
#4458 = VECTOR ( 'NONE', #7030, 1000.000000000000000 ) ;
#4459 = AXIS2_PLACEMENT_3D ( 'NONE', #7012, #6445, #597 ) ;
#4460 = EDGE_CURVE ( 'NONE', #1453, #4160, #282, .T. ) ;
#4461 = AXIS2_PLACEMENT_3D ( 'NONE', #3366, #4542, #5664 ) ;
#4462 = EDGE_CURVE ( 'NONE', #1338, #5460, #3753, .T. ) ;
#4463 = VECTOR ( 'NONE', #4554, 1000.000000000000000 ) ;
#4464 = ORIENTED_EDGE ( 'NONE', *, *, #4574, .F. ) ;
#4465 = LINE ( 'NONE', #1646, #3716 ) ;
#4466 = CARTESIAN_POINT ( 'NONE',  ( 14.85000000000000675, -4.599999999999999645, 0.0000000000000000000 ) ) ;
#4467 = VECTOR ( 'NONE', #2394, 1000.000000000000000 ) ;
#4468 = DIRECTION ( 'NONE',  ( 2.054980117695600852E-13, 0.0000000000000000000, 1.000000000000000000 ) ) ;
#4469 = AXIS2_PLACEMENT_3D ( 'NONE', #4810, #153, #1242 ) ;
#4470 = DIRECTION ( 'NONE',  ( 0.0000000000000000000, 0.0000000000000000000, -1.000000000000000000 ) ) ;
#4471 = DIRECTION ( 'NONE',  ( 6.672013369141570147E-16, 0.0000000000000000000, 1.000000000000000000 ) ) ;
#4472 = ORIENTED_EDGE ( 'NONE', *, *, #1769, .T. ) ;
#4473 = VERTEX_POINT ( 'NONE', #6761 ) ;
#4474 = CARTESIAN_POINT ( 'NONE',  ( 14.35000000000000142, -12.20000000000000107, -12.15000000000001279 ) ) ;
#4475 = DIRECTION ( 'NONE',  ( 0.9999999999999205080, 0.0000000000000000000, 3.985843548545139732E-07 ) ) ;
#4476 = FACE_OUTER_BOUND ( 'NONE', #4727, .T. ) ;
#4477 = VERTEX_POINT ( 'NONE', #496 ) ;
#4478 = DIRECTION ( 'NONE',  ( 0.0000000000000000000, -1.000000000000000000, 0.0000000000000000000 ) ) ;
#4479 = PLANE ( 'NONE',  #2627 ) ;
#4480 = EDGE_LOOP ( 'NONE', ( #4129, #2732, #3786, #4793 ) ) ;
#4481 = ORIENTED_EDGE ( 'NONE', *, *, #1877, .F. ) ;
#4482 = FACE_OUTER_BOUND ( 'NONE', #2643, .T. ) ;
#4483 = DIRECTION ( 'NONE',  ( -1.000000000000000000, -1.334402673828312846E-16, -6.774548571579288900E-17 ) ) ;
#4484 = LINE ( 'NONE', #1049, #5569 ) ;
#4485 = ORIENTED_EDGE ( 'NONE', *, *, #3378, .F. ) ;
#4486 = DIRECTION ( 'NONE',  ( -1.000000000000000000, 0.0000000000000000000, 0.0000000000000000000 ) ) ;
#4487 = ORIENTED_EDGE ( 'NONE', *, *, #3368, .F. ) ;
#4488 = SURFACE_STYLE_FILL_AREA ( #2228 ) ;
#4489 = EDGE_CURVE ( 'NONE', #2093, #6074, #1665, .T. ) ;
#4490 = CARTESIAN_POINT ( 'NONE',  ( 0.2686831925543448074, -6.899999999999999467, 11.78745434496620526 ) ) ;
#4491 = CARTESIAN_POINT ( 'NONE',  ( -1.513274595042146897, 0.0000000000000000000, 11.40000000000000036 ) ) ;
#4492 = ADVANCED_FACE ( 'NONE', ( #7205, #4987, #6071, #6690 ), #7245, .T. ) ;
#4493 = CARTESIAN_POINT ( 'NONE',  ( -12.20598832703387693, -4.599999999999999645, 6.398369318106219339 ) ) ;
#4494 = VERTEX_POINT ( 'NONE', #2182 ) ;
#4495 = DIRECTION ( 'NONE',  ( 1.000000000000000000, 0.0000000000000000000, 0.0000000000000000000 ) ) ;
#4496 = SURFACE_SIDE_STYLE ('',( #3 ) ) ;
#4497 = VECTOR ( 'NONE', #945, 1000.000000000000000 ) ;
#4498 = EDGE_CURVE ( 'NONE', #7049, #7116, #7106, .T. ) ;
#4499 = LINE ( 'NONE', #2301, #5116 ) ;
#4500 = EDGE_CURVE ( 'NONE', #3572, #55, #1081, .T. ) ;
#4501 = DIRECTION ( 'NONE',  ( 0.0000000000000000000, 0.0000000000000000000, 1.000000000000000000 ) ) ;
#4502 = CARTESIAN_POINT ( 'NONE',  ( -3.485777327012159255, -6.400000000000000355, -10.14999999999999503 ) ) ;
#4503 = VERTEX_POINT ( 'NONE', #2084 ) ;
#4504 = UNCERTAINTY_MEASURE_WITH_UNIT (LENGTH_MEASURE( 1.000000000000000082E-05 ), #787, 'distance_accuracy_value', 'NONE');
#4505 = CARTESIAN_POINT ( 'NONE',  ( -2.231316807445653527, -6.899999999999999467, 11.78745434496620703 ) ) ;
#4506 = COLOUR_RGB ( '',0.0000000000000000000, 0.007843137254901960675, 0.02745098039215686236 ) ;
#4507 = DIRECTION ( 'NONE',  ( 5.304964758338859037E-17, 0.0000000000000000000, -1.000000000000000000 ) ) ;
#4508 = EDGE_CURVE ( 'NONE', #2878, #4421, #3447, .T. ) ;
#4509 = FACE_OUTER_BOUND ( 'NONE', #7262, .T. ) ;
#4510 = VERTEX_POINT ( 'NONE', #2323 ) ;
#4511 = FACE_OUTER_BOUND ( 'NONE', #6702, .T. ) ;
#4512 = CARTESIAN_POINT ( 'NONE',  ( -0.3563168074456526946, -12.19999999999999041, 10.86245434496620987 ) ) ;
#4513 = APPLICATION_PROTOCOL_DEFINITION ( 'draft international standard', 'automotive_design', 1998, #3688 ) ;
#4514 = EDGE_LOOP ( 'NONE', ( #2151, #736, #1114, #1565 ) ) ;
#4515 = ORIENTED_EDGE ( 'NONE', *, *, #2112, .F. ) ;
#4516 = CARTESIAN_POINT ( 'NONE',  ( -14.35000000000000320, -12.59999999999999964, 10.15000000000000391 ) ) ;
#4517 = DIRECTION ( 'NONE',  ( -1.239088197126290817E-16, -1.000000000000000000, -1.455723899794182381E-32 ) ) ;
#4518 = CARTESIAN_POINT ( 'NONE',  ( 11.40000000000000213, -0.09999999999999592548, 11.50000000000000178 ) ) ;
#4519 = VERTEX_POINT ( 'NONE', #4665 ) ;
#4520 = CARTESIAN_POINT ( 'NONE',  ( 7.241003607157344035, 7.488015623777569931E-32, -11.64999999999999680 ) ) ;
#4521 = ORIENTED_EDGE ( 'NONE', *, *, #3199, .F. ) ;
#4522 = DIRECTION ( 'NONE',  ( 0.0000000000000000000, -1.000000000000000000, 0.0000000000000000000 ) ) ;
#4523 = ORIENTED_EDGE ( 'NONE', *, *, #5433, .F. ) ;
#4524 = VECTOR ( 'NONE', #5092, 1000.000000000000000 ) ;
#4525 = LINE ( 'NONE', #6846, #1620 ) ;
#4526 = SURFACE_STYLE_FILL_AREA ( #6920 ) ;
#4527 = PLANE ( 'NONE',  #443 ) ;
#4528 = EDGE_CURVE ( 'NONE', #490, #5125, #4625, .T. ) ;
#4529 = ORIENTED_EDGE ( 'NONE', *, *, #4089, .F. ) ;
#4530 = CARTESIAN_POINT ( 'NONE',  ( 3.780452312324130038, -6.400000000000002132, -10.14999999999999503 ) ) ;
#4531 = LINE ( 'NONE', #5144, #694 ) ;
#4532 = AXIS2_PLACEMENT_3D ( 'NONE', #2997, #1363, #4785 ) ;
#4533 = SURFACE_STYLE_USAGE ( .BOTH. , #2268 ) ;
#4534 = ADVANCED_FACE ( 'NONE', ( #87 ), #5741, .T. ) ;
#4535 = ORIENTED_EDGE ( 'NONE', *, *, #4498, .F. ) ;
#4536 = ORIENTED_EDGE ( 'NONE', *, *, #4031, .F. ) ;
#4537 = DIRECTION ( 'NONE',  ( -1.000000000000000000, 2.668805347656626185E-16, -6.774548571579288900E-17 ) ) ;
#4538 = ADVANCED_FACE ( 'NONE', ( #1740 ), #552, .T. ) ;
#4539 = CARTESIAN_POINT ( 'NONE',  ( 8.231076514468834183E-16, -11.40000000000000036, -12.14999999999999680 ) ) ;
#4540 = LINE ( 'NONE', #4581, #3523 ) ;
#4541 = ORIENTED_EDGE ( 'NONE', *, *, #5821, .F. ) ;
#4542 = DIRECTION ( 'NONE',  ( -0.0000000000000000000, 1.000000000000000000, -0.0000000000000000000 ) ) ;
#4543 = SURFACE_SIDE_STYLE ('',( #3926 ) ) ;
#4544 = DIRECTION ( 'NONE',  ( 0.0000000000000000000, 0.0000000000000000000, 1.000000000000000000 ) ) ;
#4545 = EDGE_CURVE ( 'NONE', #7271, #2560, #2845, .T. ) ;
#4546 = ORIENTED_EDGE ( 'NONE', *, *, #1382, .F. ) ;
#4547 = EDGE_CURVE ( 'NONE', #3938, #3696, #3932, .T. ) ;
#4548 = ORIENTED_EDGE ( 'NONE', *, *, #6800, .F. ) ;
#4549 = CARTESIAN_POINT ( 'NONE',  ( 11.40000000000000213, -0.09999999999999592548, 11.50000000000000178 ) ) ;
#4550 = CARTESIAN_POINT ( 'NONE',  ( 7.170083562801061759E-16, -10.11055129483321835, -10.14999999999999503 ) ) ;
#4551 = LINE ( 'NONE', #1249, #938 ) ;
#4552 = PRESENTATION_LAYER_ASSIGNMENT (  '', '', ( #5540 ) ) ;
#4553 = EDGE_LOOP ( 'NONE', ( #5852, #1067, #6906, #7130 ) ) ;
#4554 = DIRECTION ( 'NONE',  ( -0.0000000000000000000, 1.000000000000000000, -0.0000000000000000000 ) ) ;
#4555 = VERTEX_POINT ( 'NONE', #5705 ) ;
#4556 = DIRECTION ( 'NONE',  ( -0.7071067811865454633, 0.0000000000000000000, -0.7071067811865496822 ) ) ;
#4557 = CARTESIAN_POINT ( 'NONE',  ( 3.780452312324131370, -4.684313839999623600E-16, -11.14999999999999680 ) ) ;
#4558 = CARTESIAN_POINT ( 'NONE',  ( -14.32499993203133215, -6.899999999999999467, -8.225000000000081357 ) ) ;
#4559 =( GEOMETRIC_REPRESENTATION_CONTEXT ( 3 ) GLOBAL_UNCERTAINTY_ASSIGNED_CONTEXT ( ( #2208 ) ) GLOBAL_UNIT_ASSIGNED_CONTEXT ( ( #764, #4678, #845 ) ) REPRESENTATION_CONTEXT ( 'NONE', 'WORKASPACE' ) );
#4560 = PRESENTATION_LAYER_ASSIGNMENT (  '', '', ( #435 ) ) ;
#4561 = FILL_AREA_STYLE_COLOUR ( '', #3750 ) ;
#4562 = DIRECTION ( 'NONE',  ( 1.334402673828313093E-16, -1.000000000000000000, 7.078959158092342087E-33 ) ) ;
#4563 = CIRCLE ( 'NONE', #1029, 2.199999999999998845 ) ;
#4564 = ORIENTED_EDGE ( 'NONE', *, *, #2738, .T. ) ;
#4565 = CARTESIAN_POINT ( 'NONE',  ( -12.20598832703387693, -5.599999999999999645, -3.107656175016917821 ) ) ;
#4566 = COLOUR_RGB ( '',0.1137254901960784298, 0.1137254901960784298, 0.1137254901960784298 ) ;
#4567 = VECTOR ( 'NONE', #1715, 1000.000000000000000 ) ;
#4568 = AXIS2_PLACEMENT_3D ( 'NONE', #1143, #1873, #5837 ) ;
#4569 = CARTESIAN_POINT ( 'NONE',  ( -10.39999994562513486, -4.599999999999999645, -10.14999999999999858 ) ) ;
#4570 = SURFACE_STYLE_USAGE ( .BOTH. , #2830 ) ;
#4571 = VECTOR ( 'NONE', #3005, 1000.000000000000000 ) ;
#4572 = CARTESIAN_POINT ( 'NONE',  ( 3.780452312324131370, -4.684313839999623600E-16, -10.14999999999999503 ) ) ;
#4573 = VECTOR ( 'NONE', #451, 1000.000000000000000 ) ;
#4574 = EDGE_CURVE ( 'NONE', #2305, #1474, #6241, .T. ) ;
#4575 = AXIS2_PLACEMENT_3D ( 'NONE', #2338, #1225, #5225 ) ;
#4576 = STYLED_ITEM ( 'NONE', ( #2957 ), #1695 ) ;
#4577 = ORIENTED_EDGE ( 'NONE', *, *, #3914, .T. ) ;
#4578 = UNCERTAINTY_MEASURE_WITH_UNIT (LENGTH_MEASURE( 1.000000000000000082E-05 ), #7101, 'distance_accuracy_value', 'NONE');
#4579 = CYLINDRICAL_SURFACE ( 'NONE', #933, 2.000000000000013767 ) ;
#4580 = DIRECTION ( 'NONE',  ( -0.7071068623563008249, 0.0000000000000000000, 0.7071067000167849947 ) ) ;
#4581 = CARTESIAN_POINT ( 'NONE',  ( -3.487565705693870921, -9.689448705166794795, -11.64999999999999680 ) ) ;
#4582 = EDGE_CURVE ( 'NONE', #4421, #5437, #575, .T. ) ;
#4583 = VECTOR ( 'NONE', #6149, 1000.000000000000000 ) ;
#4584 =( GEOMETRIC_REPRESENTATION_CONTEXT ( 3 ) GLOBAL_UNCERTAINTY_ASSIGNED_CONTEXT ( ( #3995 ) ) GLOBAL_UNIT_ASSIGNED_CONTEXT ( ( #307, #3518, #3840 ) ) REPRESENTATION_CONTEXT ( 'NONE', 'WORKASPACE' ) );
#4585 = ORIENTED_EDGE ( 'NONE', *, *, #2637, .F. ) ;
#4586 = FACE_OUTER_BOUND ( 'NONE', #4662, .T. ) ;
#4587 = EDGE_CURVE ( 'NONE', #5647, #3681, #5772, .T. ) ;
#4588 = ORIENTED_EDGE ( 'NONE', *, *, #6456, .F. ) ;
#4589 = VERTEX_POINT ( 'NONE', #639 ) ;
#4590 = DIRECTION ( 'NONE',  ( -1.000000000000000000, 0.0000000000000000000, 3.522823058906759608E-13 ) ) ;
#4591 = CARTESIAN_POINT ( 'NONE',  ( 14.35000000000000142, -12.20000000000000107, -8.549999999999984723 ) ) ;
#4592 = DIRECTION ( 'NONE',  ( -1.000000000000000000, 0.0000000000000000000, 0.0000000000000000000 ) ) ;
#4593 = EDGE_CURVE ( 'NONE', #233, #4874, #1147, .T. ) ;
#4594 = ORIENTED_EDGE ( 'NONE', *, *, #1369, .F. ) ;
#4595 = PRESENTATION_STYLE_ASSIGNMENT (( #5168 ) ) ;
#4596 = ORIENTED_EDGE ( 'NONE', *, *, #2521, .T. ) ;
#4597 = DIRECTION ( 'NONE',  ( 0.0000000000000000000, -1.000000000000000000, 0.0000000000000000000 ) ) ;
#4598 = ORIENTED_EDGE ( 'NONE', *, *, #6259, .T. ) ;
#4599 = SURFACE_STYLE_FILL_AREA ( #6311 ) ;
#4600 = FILL_AREA_STYLE ('',( #3425 ) ) ;
#4601 = DIRECTION ( 'NONE',  ( 6.774548571579288900E-17, 6.162975822039153361E-33, -1.000000000000000000 ) ) ;
#4602 = EDGE_CURVE ( 'NONE', #3126, #2381, #2784, .T. ) ;
#4603 = SURFACE_STYLE_USAGE ( .BOTH. , #6889 ) ;
#4604 = DIRECTION ( 'NONE',  ( -1.000000000000000000, 4.119479477319231864E-15, 0.0000000000000000000 ) ) ;
#4605 = ORIENTED_EDGE ( 'NONE', *, *, #3292, .T. ) ;
#4606 = DIRECTION ( 'NONE',  ( -1.000000000000000000, 0.0000000000000000000, 0.0000000000000000000 ) ) ;
#4607 = DIRECTION ( 'NONE',  ( -2.054980117695600852E-13, 0.0000000000000000000, -1.000000000000000000 ) ) ;
#4608 = FILL_AREA_STYLE_COLOUR ( '', #1712 ) ;
#4609 = CARTESIAN_POINT ( 'NONE',  ( -11.39999999999999858, -0.09999999999999592548, 11.50000000000000178 ) ) ;
#4610 = ORIENTED_EDGE ( 'NONE', *, *, #4233, .T. ) ;
#4611 = CARTESIAN_POINT ( 'NONE',  ( -14.42499996851784161, -12.30000000000000071, -5.174999986169879662 ) ) ;
#4612 = ORIENTED_EDGE ( 'NONE', *, *, #3508, .T. ) ;
#4613 = DIRECTION ( 'NONE',  ( -0.0000000000000000000, 1.000000000000000000, -0.0000000000000000000 ) ) ;
#4614 = CARTESIAN_POINT ( 'NONE',  ( -14.42499996012501384, -12.30000000000000071, -10.17499999999986215 ) ) ;
#4615 = LINE ( 'NONE', #5088, #2580 ) ;
#4616 = VECTOR ( 'NONE', #2114, 1000.000000000000000 ) ;
#4617 = ORIENTED_EDGE ( 'NONE', *, *, #2828, .T. ) ;
#4618 = CARTESIAN_POINT ( 'NONE',  ( 7.553621657310904677E-16, -4.599999999999999645, -11.14999999999999680 ) ) ;
#4619 = CARTESIAN_POINT ( 'NONE',  ( 3.828068768760283458, -4.599999999999999645, 3.828068768760305662 ) ) ;
#4620 = ORIENTED_EDGE ( 'NONE', *, *, #2112, .T. ) ;
#4621 = ORIENTED_EDGE ( 'NONE', *, *, #4184, .F. ) ;
#4622 = FACE_OUTER_BOUND ( 'NONE', #6144, .T. ) ;
#4623 = ADVANCED_FACE ( 'NONE', ( #1701 ), #128, .F. ) ;
#4624 = VECTOR ( 'NONE', #1094, 1000.000000000000114 ) ;
#4625 = LINE ( 'NONE', #1246, #5544 ) ;
#4626 = DIRECTION ( 'NONE',  ( 5.304964758338859037E-17, 0.0000000000000000000, -1.000000000000000000 ) ) ;
#4627 = ORIENTED_EDGE ( 'NONE', *, *, #2611, .F. ) ;
#4628 = STYLED_ITEM ( 'NONE', ( #6425 ), #82 ) ;
#4629 = CARTESIAN_POINT ( 'NONE',  ( -14.35000000000000320, -12.59999999999999964, 8.550000000000006040 ) ) ;
#4630 = EDGE_LOOP ( 'NONE', ( #4246, #4395, #3521, #6110, #4057, #3899, #949, #7105, #4536, #2716, #4025, #338, #5117, #4897, #1536, #1747 ) ) ;
#4631 = ORIENTED_EDGE ( 'NONE', *, *, #622, .T. ) ;
#4632 = LINE ( 'NONE', #4154, #675 ) ;
#4633 =( LENGTH_UNIT ( ) NAMED_UNIT ( * ) SI_UNIT ( .MILLI., .METRE. ) );
#4634 = ADVANCED_FACE ( 'NONE', ( #3417 ), #2955, .T. ) ;
#4635 = LINE ( 'NONE', #6986, #4436 ) ;
#4636 = EDGE_CURVE ( 'NONE', #5567, #5295, #6260, .T. ) ;
#4637 = CARTESIAN_POINT ( 'NONE',  ( -13.39999982962541658, -6.899999999999999467, -6.950000010874969547 ) ) ;
#4638 = CARTESIAN_POINT ( 'NONE',  ( 7.241003607157344035, 7.488015623777569931E-32, -11.64999999999999680 ) ) ;
#4639 = CARTESIAN_POINT ( 'NONE',  ( -2.725505276854495680E-14, -6.899999999999999467, 10.21245434496621662 ) ) ;
#4640 =( GEOMETRIC_REPRESENTATION_CONTEXT ( 3 ) GLOBAL_UNCERTAINTY_ASSIGNED_CONTEXT ( ( #1538 ) ) GLOBAL_UNIT_ASSIGNED_CONTEXT ( ( #3961, #1044, #1880 ) ) REPRESENTATION_CONTEXT ( 'NONE', 'WORKASPACE' ) );
#4641 = EDGE_CURVE ( 'NONE', #2493, #793, #6266, .T. ) ;
#4642 = ORIENTED_EDGE ( 'NONE', *, *, #5165, .F. ) ;
#4643 = PLANE ( 'NONE',  #6953 ) ;
#4644 = EDGE_CURVE ( 'NONE', #6310, #6734, #716, .T. ) ;
#4645 =( LENGTH_UNIT ( ) NAMED_UNIT ( * ) SI_UNIT ( .MILLI., .METRE. ) );
#4646 = CARTESIAN_POINT ( 'NONE',  ( -2.198117000527087583, -11.40000000000000036, -11.64999999999999680 ) ) ;
#4647 = ORIENTED_EDGE ( 'NONE', *, *, #2821, .T. ) ;
#4648 = DIRECTION ( 'NONE',  ( 0.0000000000000000000, 0.0000000000000000000, 1.000000000000000000 ) ) ;
#4649 = COLOUR_RGB ( '',0.0000000000000000000, 0.9372549019607843146, 0.3450980392156862697 ) ;
#4650 = CARTESIAN_POINT ( 'NONE',  ( -13.40000052251277829, -4.599999999999999645, -1.235495486976247826E-06 ) ) ;
#4651 = COLOUR_RGB ( '',0.1137254901960784298, 0.1137254901960784298, 0.1137254901960784298 ) ;
#4652 = UNCERTAINTY_MEASURE_WITH_UNIT (LENGTH_MEASURE( 1.000000000000000082E-05 ), #7216, 'distance_accuracy_value', 'NONE');
#4653 = ORIENTED_EDGE ( 'NONE', *, *, #5153, .F. ) ;
#4654 = CARTESIAN_POINT ( 'NONE',  ( -4.613895838999224324E-14, -11.39999999999997193, -12.14999999999999680 ) ) ;
#4655 = DIRECTION ( 'NONE',  ( 2.478176394252580648E-16, 1.000000000000000000, 0.0000000000000000000 ) ) ;
#4656 = SURFACE_STYLE_USAGE ( .BOTH. , #2385 ) ;
#4657 = VECTOR ( 'NONE', #138, 1000.000000000000000 ) ;
#4658 = ORIENTED_EDGE ( 'NONE', *, *, #4593, .T. ) ;
#4659 = DIRECTION ( 'NONE',  ( 1.000000000000000000, 0.0000000000000000000, 6.774548571579288900E-17 ) ) ;
#4660 = LINE ( 'NONE', #2426, #4113 ) ;
#4661 = CARTESIAN_POINT ( 'NONE',  ( -12.37499999999982414, -6.899999999999999467, -12.37500000000010836 ) ) ;
#4662 = EDGE_LOOP ( 'NONE', ( #5242, #1467, #5990, #6770 ) ) ;
#4663 = EDGE_LOOP ( 'NONE', ( #248, #5309 ) ) ;
#4664 = LINE ( 'NONE', #5212, #3865 ) ;
#4665 = CARTESIAN_POINT ( 'NONE',  ( -14.85000000000000675, -4.599999999999999645, -1.000000000000001554 ) ) ;
#4666 = PRESENTATION_LAYER_ASSIGNMENT (  '', '', ( #6024 ) ) ;
#4667 = EDGE_CURVE ( 'NONE', #6495, #7160, #5671, .T. ) ;
#4668 = ORIENTED_EDGE ( 'NONE', *, *, #5956, .T. ) ;
#4669 = DIRECTION ( 'NONE',  ( 0.7071067811865412445, 0.0000000000000000000, 0.7071067811865537900 ) ) ;
#4670 = DIRECTION ( 'NONE',  ( 6.774548571579288900E-17, 6.162975822039154730E-33, -1.000000000000000000 ) ) ;
#4671 = DIRECTION ( 'NONE',  ( 5.304964758338859037E-17, -0.0000000000000000000, -1.000000000000000000 ) ) ;
#4672 = ORIENTED_EDGE ( 'NONE', *, *, #2184, .F. ) ;
#4673 = DIRECTION ( 'NONE',  ( -0.7071067811865403563, 0.0000000000000000000, -0.7071067811865546782 ) ) ;
#4674 = SURFACE_STYLE_USAGE ( .BOTH. , #5748 ) ;
#4675 = CIRCLE ( 'NONE', #1353, 0.3999999999999993006 ) ;
#4676 = DIRECTION ( 'NONE',  ( 0.7071067811865721087, 0.7071067811865230368, 7.105427357601000281E-15 ) ) ;
#4677 = ADVANCED_FACE ( 'NONE', ( #5213 ), #191, .T. ) ;
#4678 =( NAMED_UNIT ( * ) PLANE_ANGLE_UNIT ( ) SI_UNIT ( $, .RADIAN. ) );
#4679 = ORIENTED_EDGE ( 'NONE', *, *, #4884, .T. ) ;
#4680 = VECTOR ( 'NONE', #6303, 1000.000000000000000 ) ;
#4681 = DIRECTION ( 'NONE',  ( 0.0000000000000000000, 0.0000000000000000000, -1.000000000000000000 ) ) ;
#4682 = DIRECTION ( 'NONE',  ( 5.304964758338859037E-17, 0.0000000000000000000, -1.000000000000000000 ) ) ;
#4683 = ADVANCED_FACE ( 'NONE', ( #4262 ), #5284, .F. ) ;
#4684 = VERTEX_POINT ( 'NONE', #2594 ) ;
#4685 = PRESENTATION_STYLE_ASSIGNMENT (( #1756 ) ) ;
#4686 =( NAMED_UNIT ( * ) PLANE_ANGLE_UNIT ( ) SI_UNIT ( $, .RADIAN. ) );
#4687 = VECTOR ( 'NONE', #3973, 1000.000000000000000 ) ;
#4688 = VECTOR ( 'NONE', #4673, 1000.000000000000114 ) ;
#4689 = PLANE ( 'NONE',  #7005 ) ;
#4690 = EDGE_CURVE ( 'NONE', #6759, #71, #3113, .T. ) ;
#4691 = AXIS2_PLACEMENT_3D ( 'NONE', #4197, #3651, #5952 ) ;
#4692 = ORIENTED_EDGE ( 'NONE', *, *, #4359, .F. ) ;
#4693 = DIRECTION ( 'NONE',  ( 0.0000000000000000000, -1.000000000000000000, 0.0000000000000000000 ) ) ;
#4694 = VERTEX_POINT ( 'NONE', #4222 ) ;
#4695 = FACE_OUTER_BOUND ( 'NONE', #4309, .T. ) ;
#4696 = VECTOR ( 'NONE', #2799, 1000.000000000000000 ) ;
#4697 = STYLED_ITEM ( 'NONE', ( #943 ), #5542 ) ;
#4698 =( NAMED_UNIT ( * ) SI_UNIT ( $, .STERADIAN. ) SOLID_ANGLE_UNIT ( ) );
#4699 =( GEOMETRIC_REPRESENTATION_CONTEXT ( 3 ) GLOBAL_UNCERTAINTY_ASSIGNED_CONTEXT ( ( #5043 ) ) GLOBAL_UNIT_ASSIGNED_CONTEXT ( ( #3351, #4917, #4426 ) ) REPRESENTATION_CONTEXT ( 'NONE', 'WORKASPACE' ) );
#4700 = MECHANICAL_DESIGN_GEOMETRIC_PRESENTATION_REPRESENTATION (  '', ( #682 ), #6170 ) ;
#4701 = ORIENTED_EDGE ( 'NONE', *, *, #5846, .T. ) ;
#4702 = VECTOR ( 'NONE', #1223, 1000.000000000000000 ) ;
#4703 = STYLED_ITEM ( 'NONE', ( #6082 ), #6003 ) ;
#4704 = DIRECTION ( 'NONE',  ( 0.0000000000000000000, 0.0000000000000000000, 1.000000000000000000 ) ) ;
#4705 = CARTESIAN_POINT ( 'NONE',  ( -13.39999957768849725, -4.599999999999999645, 4.857488224666873412E-07 ) ) ;
#4706 = VERTEX_POINT ( 'NONE', #3071 ) ;
#4707 = VERTEX_POINT ( 'NONE', #1441 ) ;
#4708 =( NAMED_UNIT ( * ) PLANE_ANGLE_UNIT ( ) SI_UNIT ( $, .RADIAN. ) );
#4709 = SURFACE_STYLE_FILL_AREA ( #5975 ) ;
#4710 = AXIS2_PLACEMENT_3D ( 'NONE', #4028, #12, #151 ) ;
#4711 = CARTESIAN_POINT ( 'NONE',  ( 8.530452312324126041, 8.221097714938491560E-15, -11.14999999999999680 ) ) ;
#4712 = VECTOR ( 'NONE', #3392, 1000.000000000000000 ) ;
#4713 = STYLED_ITEM ( 'NONE', ( #3106 ), #454 ) ;
#4714 = VERTEX_POINT ( 'NONE', #4743 ) ;
#4715 =( LENGTH_UNIT ( ) NAMED_UNIT ( * ) SI_UNIT ( .MILLI., .METRE. ) );
#4716 = DIRECTION ( 'NONE',  ( -2.891205793294679312E-16, -1.000000000000000000, 0.0000000000000000000 ) ) ;
#4717 = DIRECTION ( 'NONE',  ( 1.000000000000000000, 0.0000000000000000000, 0.0000000000000000000 ) ) ;
#4718 = EDGE_LOOP ( 'NONE', ( #1185, #4432, #6499, #2969 ) ) ;
#4719 = CARTESIAN_POINT ( 'NONE',  ( -14.35000000000000320, -12.20000000000000107, 11.75000000000000355 ) ) ;
#4720 = PLANE ( 'NONE',  #5044 ) ;
#4721 = DIRECTION ( 'NONE',  ( 5.304964758338859037E-17, -0.0000000000000000000, -1.000000000000000000 ) ) ;
#4722 = LINE ( 'NONE', #1864, #5176 ) ;
#4723 = ORIENTED_EDGE ( 'NONE', *, *, #295, .T. ) ;
#4724 = ORIENTED_EDGE ( 'NONE', *, *, #2154, .T. ) ;
#4725 =( NAMED_UNIT ( * ) SI_UNIT ( $, .STERADIAN. ) SOLID_ANGLE_UNIT ( ) );
#4726 = CARTESIAN_POINT ( 'NONE',  ( -7.639455289210539317E-15, -6.899999999999999467, -5.724999986169926558 ) ) ;
#4727 = EDGE_LOOP ( 'NONE', ( #5775, #2187, #3218, #3051 ) ) ;
#4728 = ADVANCED_FACE ( 'NONE', ( #4859 ), #1842, .F. ) ;
#4729 = PLANE ( 'NONE',  #935 ) ;
#4730 = EDGE_CURVE ( 'NONE', #747, #1351, #2008, .T. ) ;
#4731 = VERTEX_POINT ( 'NONE', #5363 ) ;
#4732 = PRESENTATION_STYLE_ASSIGNMENT (( #5310 ) ) ;
#4733 = VERTEX_POINT ( 'NONE', #4180 ) ;
#4734 = CARTESIAN_POINT ( 'NONE',  ( 11.39999999999999858, -0.04999999999999708844, -11.44999999999999751 ) ) ;
#4735 = ADVANCED_FACE ( 'NONE', ( #4110 ), #5403, .T. ) ;
#4736 = EDGE_CURVE ( 'NONE', #6118, #2470, #4780, .T. ) ;
#4737 = ORIENTED_EDGE ( 'NONE', *, *, #5673, .T. ) ;
#4738 = FILL_AREA_STYLE_COLOUR ( '', #5082 ) ;
#4739 = ORIENTED_EDGE ( 'NONE', *, *, #2521, .F. ) ;
#4740 = PRODUCT_DEFINITION_SHAPE ( 'NONE', 'NONE',  #4120 ) ;
#4741 = ORIENTED_EDGE ( 'NONE', *, *, #1722, .T. ) ;
#4742 = DIRECTION ( 'NONE',  ( -3.549511112383315657E-13, 0.0000000000000000000, 1.000000000000000000 ) ) ;
#4743 = CARTESIAN_POINT ( 'NONE',  ( -3.487565705693870921, -10.11055129483321835, -11.64999999999999680 ) ) ;
#4744 = DIRECTION ( 'NONE',  ( -1.000000000000000000, 0.0000000000000000000, 0.0000000000000000000 ) ) ;
#4745 = VECTOR ( 'NONE', #1032, 1000.000000000000000 ) ;
#4746 = ORIENTED_EDGE ( 'NONE', *, *, #6047, .T. ) ;
#4747 = DIRECTION ( 'NONE',  ( -6.134250969564031897E-14, -0.7071067811865230368, -0.7071067811865721087 ) ) ;
#4748 = FACE_BOUND ( 'NONE', #4232, .T. ) ;
#4749 = CARTESIAN_POINT ( 'NONE',  ( 14.35000000000000142, -12.20000000000000107, -10.14999999999999858 ) ) ;
#4750 = VERTEX_POINT ( 'NONE', #1404 ) ;
#4751 = DIRECTION ( 'NONE',  ( 0.0000000000000000000, 0.0000000000000000000, -1.000000000000000000 ) ) ;
#4752 = CARTESIAN_POINT ( 'NONE',  ( 16.34999999999999787, -4.599999999999999645, -12.14999999999999680 ) ) ;
#4753 =( NAMED_UNIT ( * ) SI_UNIT ( $, .STERADIAN. ) SOLID_ANGLE_UNIT ( ) );
#4754 = CARTESIAN_POINT ( 'NONE',  ( 0.0000000000000000000, -12.30000000000000071, 10.31245434496620916 ) ) ;
#4755 = AXIS2_PLACEMENT_3D ( 'NONE', #5979, #2517, #4716 ) ;
#4756 = DIRECTION ( 'NONE',  ( -1.334402673828022151E-15, 0.0000000000000000000, -1.000000000000000000 ) ) ;
#4757 = FACE_OUTER_BOUND ( 'NONE', #1227, .T. ) ;
#4758 = ORIENTED_EDGE ( 'NONE', *, *, #655, .F. ) ;
#4759 = VERTEX_POINT ( 'NONE', #4816 ) ;
#4760 = DIRECTION ( 'NONE',  ( 5.304964758338859037E-17, -0.0000000000000000000, -1.000000000000000000 ) ) ;
#4761 = DIRECTION ( 'NONE',  ( -1.000000000000000000, -1.334402673828312846E-16, -6.774548571579288900E-17 ) ) ;
#4762 = VERTEX_POINT ( 'NONE', #6421 ) ;
#4763 = DIRECTION ( 'NONE',  ( 0.5773502691896325034, 0.5773502691896624794, -0.5773502691895822103 ) ) ;
#4764 = SURFACE_STYLE_FILL_AREA ( #2974 ) ;
#4765 = DIRECTION ( 'NONE',  ( 1.000000000000000000, 0.0000000000000000000, -0.0000000000000000000 ) ) ;
#4766 = VECTOR ( 'NONE', #4335, 1000.000000000000000 ) ;
#4767 = ADVANCED_FACE ( 'NONE', ( #7134 ), #1606, .T. ) ;
#4768 = VERTEX_POINT ( 'NONE', #5440 ) ;
#4769 = LINE ( 'NONE', #6038, #3276 ) ;
#4770 = ORIENTED_EDGE ( 'NONE', *, *, #6218, .T. ) ;
#4771 = CARTESIAN_POINT ( 'NONE',  ( 6.819901017490920481, -8.400000000000000355, -10.14999999999999503 ) ) ;
#4772 = DIRECTION ( 'NONE',  ( 0.7071067811865722197, 0.7071067811865229258, -4.915800961357081903E-14 ) ) ;
#4773 = EDGE_CURVE ( 'NONE', #4733, #3430, #382, .T. ) ;
#4774 = VECTOR ( 'NONE', #5037, 1000.000000000000000 ) ;
#4775 =( NAMED_UNIT ( * ) PLANE_ANGLE_UNIT ( ) SI_UNIT ( $, .RADIAN. ) );
#4776 = DIRECTION ( 'NONE',  ( 0.0000000000000000000, 0.0000000000000000000, 1.000000000000000000 ) ) ;
#4777 = ORIENTED_EDGE ( 'NONE', *, *, #1285, .T. ) ;
#4778 = EDGE_CURVE ( 'NONE', #3144, #1301, #5478, .T. ) ;
#4779 = VERTEX_POINT ( 'NONE', #2043 ) ;
#4780 = LINE ( 'NONE', #7089, #917 ) ;
#4781 = SURFACE_STYLE_FILL_AREA ( #833 ) ;
#4782 = VERTEX_POINT ( 'NONE', #3745 ) ;
#4783 =( NAMED_UNIT ( * ) SI_UNIT ( $, .STERADIAN. ) SOLID_ANGLE_UNIT ( ) );
#4784 = ADVANCED_FACE ( 'NONE', ( #944 ), #3189, .T. ) ;
#4785 = DIRECTION ( 'NONE',  ( 0.0000000000000000000, 0.0000000000000000000, 1.000000000000000000 ) ) ;
#4786 = DIRECTION ( 'NONE',  ( 6.774548571579288900E-17, 6.162975822039153361E-33, -1.000000000000000000 ) ) ;
#4787 = ORIENTED_EDGE ( 'NONE', *, *, #5718, .T. ) ;
#4788 = DIRECTION ( 'NONE',  ( -0.7071067811865721087, 0.7071067811865230368, -1.887130358994921225E-13 ) ) ;
#4789 = DIRECTION ( 'NONE',  ( -0.0000000000000000000, 1.000000000000000000, -0.0000000000000000000 ) ) ;
#4790 = DIRECTION ( 'NONE',  ( -0.0000000000000000000, 1.000000000000000000, -0.0000000000000000000 ) ) ;
#4791 = LINE ( 'NONE', #2299, #6290 ) ;
#4792 = CARTESIAN_POINT ( 'NONE',  ( -11.12499820925449967, -4.599999999999999645, -11.12500076336242394 ) ) ;
#4793 = ORIENTED_EDGE ( 'NONE', *, *, #7054, .F. ) ;
#4794 = EDGE_LOOP ( 'NONE', ( #3203, #3830, #6408, #1547 ) ) ;
#4795 = DIRECTION ( 'NONE',  ( 0.7071067811865721087, -0.7071067811865230368, 1.237656474256364809E-14 ) ) ;
#4796 = FILL_AREA_STYLE ('',( #367 ) ) ;
#4797 = VERTEX_POINT ( 'NONE', #1776 ) ;
#4798 = DIRECTION ( 'NONE',  ( 0.0000000000000000000, 0.0000000000000000000, -1.000000000000000000 ) ) ;
#4799 = PLANE ( 'NONE',  #646 ) ;
#4800 = DIRECTION ( 'NONE',  ( 0.7071067811865169306, -0.0000000000000000000, 0.7071067811865782149 ) ) ;
#4801 = ORIENTED_EDGE ( 'NONE', *, *, #3664, .F. ) ;
#4802 = UNCERTAINTY_MEASURE_WITH_UNIT (LENGTH_MEASURE( 1.000000000000000082E-05 ), #996, 'distance_accuracy_value', 'NONE');
#4803 = AXIS2_PLACEMENT_3D ( 'NONE', #786, #311, #235 ) ;
#4804 = ORIENTED_EDGE ( 'NONE', *, *, #5727, .T. ) ;
#4805 = CARTESIAN_POINT ( 'NONE',  ( 7.700580038634947971E-16, -10.11055129483321835, -11.14999999999999680 ) ) ;
#4806 = ADVANCED_FACE ( 'NONE', ( #3486 ), #5678, .T. ) ;
#4807 = DIRECTION ( 'NONE',  ( 0.0000000000000000000, 1.000000000000000000, 0.0000000000000000000 ) ) ;
#4808 = CIRCLE ( 'NONE', #1612, 1.599999999999998979 ) ;
#4809 = CIRCLE ( 'NONE', #6515, 0.3999999999999993006 ) ;
#4810 = CARTESIAN_POINT ( 'NONE',  ( -10.17499838204573059, -6.899999999999999467, -10.17500071805005568 ) ) ;
#4811 = FACE_OUTER_BOUND ( 'NONE', #767, .T. ) ;
#4812 = EDGE_LOOP ( 'NONE', ( #227, #4487, #17, #6939 ) ) ;
#4813 = TOROIDAL_SURFACE ( 'NONE', #5314, 1.599999999999999645, 0.4000000000000000222 ) ;
#4814 = ORIENTED_EDGE ( 'NONE', *, *, #1148, .F. ) ;
#4815 = CARTESIAN_POINT ( 'NONE',  ( -14.97499996012875556, -6.899999999999999467, -5.315392876641672077E-12 ) ) ;
#4816 = CARTESIAN_POINT ( 'NONE',  ( -4.431316807445652373, -6.899999999999999467, 9.287454344966207032 ) ) ;
#4817 = AXIS2_PLACEMENT_3D ( 'NONE', #1253, #3036, #720 ) ;
#4818 = CIRCLE ( 'NONE', #6279, 1.000000000000003331 ) ;
#4819 = EDGE_CURVE ( 'NONE', #1051, #5982, #6844, .T. ) ;
#4820 =( NAMED_UNIT ( * ) SI_UNIT ( $, .STERADIAN. ) SOLID_ANGLE_UNIT ( ) );
#4821 = VECTOR ( 'NONE', #5750, 1000.000000000000000 ) ;
#4822 = CIRCLE ( 'NONE', #6283, 2.199999999999999289 ) ;
#4823 = EDGE_CURVE ( 'NONE', #4779, #2953, #5256, .T. ) ;
#4824 = LINE ( 'NONE', #870, #4353 ) ;
#4825 = CIRCLE ( 'NONE', #3767, 11.50000000000000000 ) ;
#4826 = DIRECTION ( 'NONE',  ( 1.000000000000000000, 0.0000000000000000000, 0.0000000000000000000 ) ) ;
#4827 = VECTOR ( 'NONE', #1599, 1000.000000000000000 ) ;
#4828 = DIRECTION ( 'NONE',  ( 0.0000000000000000000, 0.0000000000000000000, 1.000000000000000000 ) ) ;
#4829 = PRESENTATION_STYLE_ASSIGNMENT (( #5857 ) ) ;
#4830 = VERTEX_POINT ( 'NONE', #647 ) ;
#4831 = LINE ( 'NONE', #1448, #2676 ) ;
#4832 = CARTESIAN_POINT ( 'NONE',  ( -2.872289570975611001E-14, -12.30000000000000071, 10.76245434496621023 ) ) ;
#4833 = VECTOR ( 'NONE', #1636, 1000.000000000000000 ) ;
#4834 = AXIS2_PLACEMENT_3D ( 'NONE', #3355, #3909, #2198 ) ;
#4835 = SURFACE_SIDE_STYLE ('',( #321 ) ) ;
#4836 = VECTOR ( 'NONE', #1684, 1000.000000000000227 ) ;
#4837 = DIRECTION ( 'NONE',  ( -0.0000000000000000000, 1.000000000000000000, -0.0000000000000000000 ) ) ;
#4838 = EDGE_CURVE ( 'NONE', #6306, #7116, #3531, .T. ) ;
#4839 = EDGE_CURVE ( 'NONE', #3682, #7109, #2852, .T. ) ;
#4840 = CARTESIAN_POINT ( 'NONE',  ( -3.506316807445659212, -18.61923881554287519, 2.339419261572322643E-15 ) ) ;
#4841 = VERTEX_POINT ( 'NONE', #99 ) ;
#4842 = EDGE_LOOP ( 'NONE', ( #5204, #4672, #4658, #4259 ) ) ;
#4843 = DIRECTION ( 'NONE',  ( 5.304964758338859037E-17, 0.0000000000000000000, -1.000000000000000000 ) ) ;
#4844 = SURFACE_STYLE_FILL_AREA ( #4796 ) ;
#4845 = ORIENTED_EDGE ( 'NONE', *, *, #1232, .F. ) ;
#4846 = LINE ( 'NONE', #6774, #2543 ) ;
#4847 = CARTESIAN_POINT ( 'NONE',  ( 7.170083562801061759E-16, -6.400000000000000355, -10.14999999999999503 ) ) ;
#4848 = LINE ( 'NONE', #4618, #816 ) ;
#4849 = ORIENTED_EDGE ( 'NONE', *, *, #1519, .F. ) ;
#4850 = CARTESIAN_POINT ( 'NONE',  ( 0.8686831925543407884, -6.899999999999999467, 9.287454344966208808 ) ) ;
#4851 = ORIENTED_EDGE ( 'NONE', *, *, #5495, .F. ) ;
#4852 = FACE_OUTER_BOUND ( 'NONE', #365, .T. ) ;
#4853 = DIRECTION ( 'NONE',  ( 0.0000000000000000000, -1.000000000000000000, 0.0000000000000000000 ) ) ;
#4854 = CARTESIAN_POINT ( 'NONE',  ( 7.700580038634947971E-16, -13.40000000000000036, -11.14999999999999680 ) ) ;
#4855 = CARTESIAN_POINT ( 'NONE',  ( -11.79999993203375119, -9.675000000001395151, -5.050000000001555023 ) ) ;
#4856 = ORIENTED_EDGE ( 'NONE', *, *, #7212, .T. ) ;
#4857 = ORIENTED_EDGE ( 'NONE', *, *, #741, .F. ) ;
#4858 = CARTESIAN_POINT ( 'NONE',  ( 14.85000000000000675, -8.400000000000000355, 0.0000000000000000000 ) ) ;
#4859 = FACE_OUTER_BOUND ( 'NONE', #1421, .T. ) ;
#4860 = SURFACE_STYLE_USAGE ( .BOTH. , #6648 ) ;
#4861 =( GEOMETRIC_REPRESENTATION_CONTEXT ( 3 ) GLOBAL_UNCERTAINTY_ASSIGNED_CONTEXT ( ( #4504 ) ) GLOBAL_UNIT_ASSIGNED_CONTEXT ( ( #787, #5938, #4820 ) ) REPRESENTATION_CONTEXT ( 'NONE', 'WORKASPACE' ) );
#4862 = DIRECTION ( 'NONE',  ( 0.7071067811865556774, 0.0000000000000000000, 0.7071067811865393571 ) ) ;
#4863 = DIRECTION ( 'NONE',  ( 0.7071067811865597852, 6.839255870353818395E-17, -0.7071067811865352493 ) ) ;
#4864 = EDGE_CURVE ( 'NONE', #6418, #568, #2365, .T. ) ;
#4865 = EDGE_LOOP ( 'NONE', ( #6890, #2751, #3408, #6136 ) ) ;
#4866 = LINE ( 'NONE', #2634, #6045 ) ;
#4867 = DIRECTION ( 'NONE',  ( -0.7071067811865541231, 0.0000000000000000000, -0.7071067811865409114 ) ) ;
#4868 = AXIS2_PLACEMENT_3D ( 'NONE', #1005, #2140, #5513 ) ;
#4869 = DIRECTION ( 'NONE',  ( 5.304964758338859037E-17, 0.0000000000000000000, -1.000000000000000000 ) ) ;
#4870 = LINE ( 'NONE', #7099, #1627 ) ;
#4871 = VECTOR ( 'NONE', #5651, 1000.000000000000000 ) ;
#4872 =( NAMED_UNIT ( * ) PLANE_ANGLE_UNIT ( ) SI_UNIT ( $, .RADIAN. ) );
#4873 = EDGE_LOOP ( 'NONE', ( #4449, #4241 ) ) ;
#4874 = VERTEX_POINT ( 'NONE', #6345 ) ;
#4875 = LINE ( 'NONE', #7183, #578 ) ;
#4876 = EDGE_CURVE ( 'NONE', #2873, #5199, #4632, .T. ) ;
#4877 = DIRECTION ( 'NONE',  ( 1.000000000000000000, 0.0000000000000000000, -1.224646799147353207E-16 ) ) ;
#4878 = DIRECTION ( 'NONE',  ( 0.5773502691896124084, 0.5773502691896524874, -0.5773502691896124084 ) ) ;
#4879 = VECTOR ( 'NONE', #1075, 1000.000000000000114 ) ;
#4880 = CARTESIAN_POINT ( 'NONE',  ( -4.509385576205925616, -6.899999999999999467, 4.509385576205834134 ) ) ;
#4881 = CARTESIAN_POINT ( 'NONE',  ( -2.872289570975612263E-14, -12.30000000000000071, 10.76245434496621378 ) ) ;
#4882 = MECHANICAL_DESIGN_GEOMETRIC_PRESENTATION_REPRESENTATION (  '', ( #3928 ), #3177 ) ;
#4883 = EDGE_CURVE ( 'NONE', #2329, #3059, #1724, .T. ) ;
#4884 = EDGE_CURVE ( 'NONE', #1956, #3564, #3714, .T. ) ;
#4885 = ORIENTED_EDGE ( 'NONE', *, *, #1318, .T. ) ;
#4886 = DIRECTION ( 'NONE',  ( 0.0000000000000000000, -1.000000000000000000, 0.0000000000000000000 ) ) ;
#4887 = UNCERTAINTY_MEASURE_WITH_UNIT (LENGTH_MEASURE( 1.000000000000000082E-05 ), #5822, 'distance_accuracy_value', 'NONE');
#4888 = ORIENTED_EDGE ( 'NONE', *, *, #3640, .F. ) ;
#4889 = DIRECTION ( 'NONE',  ( 0.0000000000000000000, 0.0000000000000000000, 1.000000000000000000 ) ) ;
#4890 = FACE_OUTER_BOUND ( 'NONE', #6326, .T. ) ;
#4891 = LINE ( 'NONE', #2072, #2762 ) ;
#4892 = FILL_AREA_STYLE_COLOUR ( '', #822 ) ;
#4893 = EDGE_LOOP ( 'NONE', ( #3513, #5280, #1911, #2926 ) ) ;
#4894 =( NAMED_UNIT ( * ) PLANE_ANGLE_UNIT ( ) SI_UNIT ( $, .RADIAN. ) );
#4895 = CARTESIAN_POINT ( 'NONE',  ( 7.030452312324132258, -9.900000000000003908, -11.14999999999999680 ) ) ;
#4896 = FACE_OUTER_BOUND ( 'NONE', #2396, .T. ) ;
#4897 = ORIENTED_EDGE ( 'NONE', *, *, #1618, .F. ) ;
#4898 = SURFACE_STYLE_USAGE ( .BOTH. , #6094 ) ;
#4899 = CARTESIAN_POINT ( 'NONE',  ( 16.34999999999999787, -3.000000000000000000, 12.15000000000000391 ) ) ;
#4900 = SURFACE_STYLE_USAGE ( .BOTH. , #6205 ) ;
#4901 = VECTOR ( 'NONE', #4970, 1000.000000000000000 ) ;
#4902 = VECTOR ( 'NONE', #3092, 1000.000000000000000 ) ;
#4903 = PLANE ( 'NONE',  #6069 ) ;
#4904 = ADVANCED_FACE ( 'NONE', ( #4268 ), #1367, .F. ) ;
#4905 = CARTESIAN_POINT ( 'NONE',  ( -10.17499838204573059, -6.899999999999999467, -10.17500071805005568 ) ) ;
#4906 = AXIS2_PLACEMENT_3D ( 'NONE', #598, #6789, #7258 ) ;
#4907 = ORIENTED_EDGE ( 'NONE', *, *, #4272, .T. ) ;
#4908 = ORIENTED_EDGE ( 'NONE', *, *, #1561, .F. ) ;
#4909 = LINE ( 'NONE', #6028, #1509 ) ;
#4910 = ORIENTED_EDGE ( 'NONE', *, *, #3496, .F. ) ;
#4911 = DIRECTION ( 'NONE',  ( 5.304964758338859037E-17, 0.0000000000000000000, -1.000000000000000000 ) ) ;
#4912 = LINE ( 'NONE', #4880, #766 ) ;
#4913 = EDGE_CURVE ( 'NONE', #2115, #4779, #3565, .T. ) ;
#4914 =( NAMED_UNIT ( * ) PLANE_ANGLE_UNIT ( ) SI_UNIT ( $, .RADIAN. ) );
#4915 = EDGE_CURVE ( 'NONE', #4779, #829, #5549, .T. ) ;
#4916 = VECTOR ( 'NONE', #4878, 1000.000000000000000 ) ;
#4917 =( NAMED_UNIT ( * ) PLANE_ANGLE_UNIT ( ) SI_UNIT ( $, .RADIAN. ) );
#4918 = EDGE_LOOP ( 'NONE', ( #1953, #3444, #2138, #3040 ) ) ;
#4919 = ORIENTED_EDGE ( 'NONE', *, *, #4017, .F. ) ;
#4920 = SURFACE_SIDE_STYLE ('',( #5539 ) ) ;
#4921 = FACE_OUTER_BOUND ( 'NONE', #768, .T. ) ;
#4922 = AXIS2_PLACEMENT_3D ( 'NONE', #5861, #5104, #201 ) ;
#4923 = EDGE_CURVE ( 'NONE', #5296, #2132, #4831, .T. ) ;
#4924 = LINE ( 'NONE', #1507, #3563 ) ;
#4925 = EDGE_CURVE ( 'NONE', #6759, #6680, #4809, .T. ) ;
#4926 = DIRECTION ( 'NONE',  ( 0.0000000000000000000, 1.000000000000000000, -0.0000000000000000000 ) ) ;
#4927 = CARTESIAN_POINT ( 'NONE',  ( 0.5686831925543465172, -6.899999999999999467, 9.587454344966209518 ) ) ;
#4928 = VECTOR ( 'NONE', #4036, 1000.000000000000000 ) ;
#4929 = VERTEX_POINT ( 'NONE', #5896 ) ;
#4930 = LINE ( 'NONE', #2209, #1506 ) ;
#4931 = CARTESIAN_POINT ( 'NONE',  ( -0.4893540843755938563, -6.400000000000000355, -10.14999999999999503 ) ) ;
#4932 = AXIS2_PLACEMENT_3D ( 'NONE', #356, #6578, #1446 ) ;
#4933 = ADVANCED_FACE ( 'NONE', ( #3159 ), #1892, .F. ) ;
#4934 = VECTOR ( 'NONE', #616, 1000.000000000000000 ) ;
#4935 = SURFACE_STYLE_USAGE ( .BOTH. , #3081 ) ;
#4936 = VECTOR ( 'NONE', #4761, 1000.000000000000000 ) ;
#4937 = AXIS2_PLACEMENT_3D ( 'NONE', #3744, #2626, #7198 ) ;
#4938 = FACE_OUTER_BOUND ( 'NONE', #2472, .T. ) ;
#4939 = CARTESIAN_POINT ( 'NONE',  ( 0.0000000000000000000, -6.899999999999999467, 9.287454344966207032 ) ) ;
#4940 = PLANE ( 'NONE',  #3818 ) ;
#4941 = ORIENTED_EDGE ( 'NONE', *, *, #5590, .T. ) ;
#4942 = PRESENTATION_LAYER_ASSIGNMENT (  '', '', ( #3757 ) ) ;
#4943 = DIRECTION ( 'NONE',  ( -1.000000000000000000, 0.0000000000000000000, 3.522823058906759608E-13 ) ) ;
#4944 = AXIS2_PLACEMENT_3D ( 'NONE', #3197, #7241, #4381 ) ;
#4945 = DIRECTION ( 'NONE',  ( 0.0000000000000000000, 0.0000000000000000000, 1.000000000000000000 ) ) ;
#4946 = SURFACE_STYLE_FILL_AREA ( #7338 ) ;
#4947 = AXIS2_PLACEMENT_3D ( 'NONE', #6180, #588, #2787 ) ;
#4948 = CARTESIAN_POINT ( 'NONE',  ( -15.90000000000000391, -6.899999999999999467, -6.949999999999989519 ) ) ;
#4949 = VECTOR ( 'NONE', #6293, 1000.000000000000114 ) ;
#4950 = VECTOR ( 'NONE', #6701, 1000.000000000000000 ) ;
#4951 = CARTESIAN_POINT ( 'NONE',  ( -1.777014410860665583, -11.40000000000000036, -11.64999999999999680 ) ) ;
#4952 = ORIENTED_EDGE ( 'NONE', *, *, #491, .T. ) ;
#4953 = ORIENTED_EDGE ( 'NONE', *, *, #6196, .F. ) ;
#4954 = VECTOR ( 'NONE', #2348, 1000.000000000000000 ) ;
#4955 = VERTEX_POINT ( 'NONE', #6462 ) ;
#4956 = STYLED_ITEM ( 'NONE', ( #1036 ), #5626 ) ;
#4957 =( NAMED_UNIT ( * ) SI_UNIT ( $, .STERADIAN. ) SOLID_ANGLE_UNIT ( ) );
#4958 = LINE ( 'NONE', #6668, #3282 ) ;
#4959 = VECTOR ( 'NONE', #911, 1000.000000000000000 ) ;
#4960 = AXIS2_PLACEMENT_3D ( 'NONE', #3297, #3143, #6008 ) ;
#4961 = DIRECTION ( 'NONE',  ( 0.7071067940028260557, 0.0000000000000000000, 0.7071067683702687567 ) ) ;
#4962 = VERTEX_POINT ( 'NONE', #6021 ) ;
#4963 = PLANE ( 'NONE',  #5139 ) ;
#4964 = UNCERTAINTY_MEASURE_WITH_UNIT (LENGTH_MEASURE( 1.000000000000000082E-05 ), #6307, 'distance_accuracy_value', 'NONE');
#4965 = EDGE_LOOP ( 'NONE', ( #4548, #1524, #3993, #2994 ) ) ;
#4966 = FACE_OUTER_BOUND ( 'NONE', #6728, .T. ) ;
#4967 = CARTESIAN_POINT ( 'NONE',  ( 16.34999999999999787, -4.599999999999999645, -12.14999999999999680 ) ) ;
#4968 = EDGE_CURVE ( 'NONE', #6749, #3724, #5373, .T. ) ;
#4969 = DIRECTION ( 'NONE',  ( -0.0000000000000000000, 1.000000000000000000, -0.0000000000000000000 ) ) ;
#4970 = DIRECTION ( 'NONE',  ( -2.215108438555004799E-13, 0.0000000000000000000, -1.000000000000000000 ) ) ;
#4971 = CARTESIAN_POINT ( 'NONE',  ( -4.336808689941181543E-14, -12.30000000000000071, -8.125000000000161648 ) ) ;
#4972 = EDGE_CURVE ( 'NONE', #5061, #4219, #319, .T. ) ;
#4973 = ORIENTED_EDGE ( 'NONE', *, *, #6227, .T. ) ;
#4974 = ADVANCED_FACE ( 'NONE', ( #280 ), #1411, .T. ) ;
#4975 = LINE ( 'NONE', #2945, #808 ) ;
#4976 = DIRECTION ( 'NONE',  ( 9.637352644315584889E-16, -1.000000000000000000, 5.912573776831487246E-32 ) ) ;
#4977 = ORIENTED_EDGE ( 'NONE', *, *, #3416, .F. ) ;
#4978 = DIRECTION ( 'NONE',  ( 0.0000000000000000000, 0.0000000000000000000, 1.000000000000000000 ) ) ;
#4979 = CYLINDRICAL_SURFACE ( 'NONE', #7070, 2.000000000000000000 ) ;
#4980 = EDGE_CURVE ( 'NONE', #3312, #753, #4866, .T. ) ;
#4981 = EDGE_LOOP ( 'NONE', ( #4596, #4521, #4136, #684 ) ) ;
#4982 = CARTESIAN_POINT ( 'NONE',  ( -14.85000000000000675, -4.599999999999999645, 0.0000000000000000000 ) ) ;
#4983 = EDGE_CURVE ( 'NONE', #5473, #7160, #1482, .T. ) ;
#4984 = CARTESIAN_POINT ( 'NONE',  ( -15.60000000000000497, -6.899999999999999467, -6.649999999999995914 ) ) ;
#4985 = ORIENTED_EDGE ( 'NONE', *, *, #7001, .F. ) ;
#4986 = CARTESIAN_POINT ( 'NONE',  ( 1.493683192554345673, -6.899999999999999467, 10.86245434496621165 ) ) ;
#4987 = FACE_BOUND ( 'NONE', #3620, .T. ) ;
#4988 = DIRECTION ( 'NONE',  ( 0.0000000000000000000, -1.000000000000000000, 0.0000000000000000000 ) ) ;
#4989 = FACE_OUTER_BOUND ( 'NONE', #6912, .T. ) ;
#4990 = VERTEX_POINT ( 'NONE', #1633 ) ;
#4991 = VERTEX_POINT ( 'NONE', #6160 ) ;
#4992 = SURFACE_SIDE_STYLE ('',( #3273 ) ) ;
#4993 = ORIENTED_EDGE ( 'NONE', *, *, #4500, .F. ) ;
#4994 = DIRECTION ( 'NONE',  ( -1.000000000000000000, 0.0000000000000000000, 0.0000000000000000000 ) ) ;
#4995 = MECHANICAL_DESIGN_GEOMETRIC_PRESENTATION_REPRESENTATION (  '', ( #6805 ), #5976 ) ;
#4996 = CARTESIAN_POINT ( 'NONE',  ( 8.530452312324126041, 7.488015623777569931E-32, -10.14999999999999503 ) ) ;
#4997 = SURFACE_STYLE_FILL_AREA ( #508 ) ;
#4998 = VECTOR ( 'NONE', #3882, 1000.000000000000000 ) ;
#4999 = ORIENTED_EDGE ( 'NONE', *, *, #5024, .T. ) ;
#5000 = DIRECTION ( 'NONE',  ( 1.000000000000000000, 0.0000000000000000000, 6.774548571579288900E-17 ) ) ;
#5001 = FACE_OUTER_BOUND ( 'NONE', #5018, .T. ) ;
#5002 = CARTESIAN_POINT ( 'NONE',  ( 7.700580038634947971E-16, -6.400000000000000355, -11.14999999999999680 ) ) ;
#5003 = CARTESIAN_POINT ( 'NONE',  ( 0.0000000000000000000, -3.000000000000000000, 0.0000000000000000000 ) ) ;
#5004 = EDGE_CURVE ( 'NONE', #1658, #1014, #7204, .T. ) ;
#5005 = VECTOR ( 'NONE', #4264, 1000.000000000000000 ) ;
#5006 = CARTESIAN_POINT ( 'NONE',  ( -14.87499993203145365, -12.30000000000000071, -8.125000000000081712 ) ) ;
#5007 = CARTESIAN_POINT ( 'NONE',  ( -9.983333306754401448, -17.19166665337266764, -5.733333346629366112 ) ) ;
#5008 = ORIENTED_EDGE ( 'NONE', *, *, #882, .F. ) ;
#5009 =( NAMED_UNIT ( * ) PLANE_ANGLE_UNIT ( ) SI_UNIT ( $, .RADIAN. ) );
#5010 = DIRECTION ( 'NONE',  ( 0.7071067811865721087, 0.7071067811865230368, 8.582843218211986512E-14 ) ) ;
#5011 = DIRECTION ( 'NONE',  ( -0.0000000000000000000, 1.000000000000000000, -0.0000000000000000000 ) ) ;
#5012 = ADVANCED_FACE ( 'NONE', ( #461 ), #3306, .T. ) ;
#5013 = ORIENTED_EDGE ( 'NONE', *, *, #5886, .F. ) ;
#5014 = FACE_OUTER_BOUND ( 'NONE', #2454, .T. ) ;
#5015 = FILL_AREA_STYLE ('',( #1630 ) ) ;
#5016 = EDGE_CURVE ( 'NONE', #1217, #3130, #6128, .T. ) ;
#5017 =( LENGTH_UNIT ( ) NAMED_UNIT ( * ) SI_UNIT ( .MILLI., .METRE. ) );
#5018 = EDGE_LOOP ( 'NONE', ( #2071, #7336, #5452, #4189 ) ) ;
#5019 = CARTESIAN_POINT ( 'NONE',  ( 9.418078673088574604, -4.599999999999999645, 0.0000000000000000000 ) ) ;
#5020 = ORIENTED_EDGE ( 'NONE', *, *, #4184, .T. ) ;
#5021 = CARTESIAN_POINT ( 'NONE',  ( -14.42499993203352204, -12.30000000000000071, -3.849751695855617933E-12 ) ) ;
#5022 = DIRECTION ( 'NONE',  ( 0.0000000000000000000, -0.0000000000000000000, -1.000000000000000000 ) ) ;
#5023 = CARTESIAN_POINT ( 'NONE',  ( 2.143683192554353134, -6.899999999999999467, 1.430268291992668937E-15 ) ) ;
#5024 = EDGE_CURVE ( 'NONE', #349, #2938, #4411, .T. ) ;
#5025 = EDGE_LOOP ( 'NONE', ( #4621, #2984, #4038, #7203 ) ) ;
#5026 = EDGE_LOOP ( 'NONE', ( #4908, #3670, #3609, #3346 ) ) ;
#5027 = ORIENTED_EDGE ( 'NONE', *, *, #2316, .T. ) ;
#5028 = DIRECTION ( 'NONE',  ( 0.0000000000000000000, 0.0000000000000000000, 1.000000000000000000 ) ) ;
#5029 =( GEOMETRIC_REPRESENTATION_CONTEXT ( 3 ) GLOBAL_UNCERTAINTY_ASSIGNED_CONTEXT ( ( #6040 ) ) GLOBAL_UNIT_ASSIGNED_CONTEXT ( ( #213, #3982, #2894 ) ) REPRESENTATION_CONTEXT ( 'NONE', 'WORKASPACE' ) );
#5030 = ORIENTED_EDGE ( 'NONE', *, *, #1590, .T. ) ;
#5031 = PLANE ( 'NONE',  #7092 ) ;
#5032 = CARTESIAN_POINT ( 'NONE',  ( -3.485777327012159255, -6.400000000000000355, -10.14999999999999503 ) ) ;
#5033 = COLOUR_RGB ( '',0.0000000000000000000, 0.007843137254901960675, 0.02745098039215686236 ) ;
#5034 =( GEOMETRIC_REPRESENTATION_CONTEXT ( 3 ) GLOBAL_UNCERTAINTY_ASSIGNED_CONTEXT ( ( #1024 ) ) GLOBAL_UNIT_ASSIGNED_CONTEXT ( ( #6437, #772, #1944 ) ) REPRESENTATION_CONTEXT ( 'NONE', 'WORKASPACE' ) );
#5035 = PRESENTATION_STYLE_ASSIGNMENT (( #962 ) ) ;
#5036 = ORIENTED_EDGE ( 'NONE', *, *, #4593, .F. ) ;
#5037 = DIRECTION ( 'NONE',  ( 1.000000000000000000, 0.0000000000000000000, 2.668805347656623326E-15 ) ) ;
#5038 = SURFACE_STYLE_USAGE ( .BOTH. , #511 ) ;
#5039 = SURFACE_SIDE_STYLE ('',( #5 ) ) ;
#5040 = LINE ( 'NONE', #4572, #6447 ) ;
#5041 = CARTESIAN_POINT ( 'NONE',  ( 7.965828276551891570E-16, -9.689448705166794795, -11.64999999999999680 ) ) ;
#5042 = EDGE_LOOP ( 'NONE', ( #1104, #1793, #3352, #399, #1234, #4739, #930, #3863, #4032, #2074, #2774, #5866 ) ) ;
#5043 = UNCERTAINTY_MEASURE_WITH_UNIT (LENGTH_MEASURE( 1.000000000000000082E-05 ), #3351, 'distance_accuracy_value', 'NONE');
#5044 = AXIS2_PLACEMENT_3D ( 'NONE', #3604, #4155, #1934 ) ;
#5045 = DIRECTION ( 'NONE',  ( -1.000000000000000000, 0.0000000000000000000, -6.774548571579288900E-17 ) ) ;
#5046 = CARTESIAN_POINT ( 'NONE',  ( -0.4893540843755924685, 1.179019469765940654E-16, -10.14999999999999503 ) ) ;
#5047 = EDGE_LOOP ( 'NONE', ( #4267, #2783, #899, #1528 ) ) ;
#5048 = PLANE ( 'NONE',  #2917 ) ;
#5049 = LINE ( 'NONE', #7331, #4879 ) ;
#5050 = DIRECTION ( 'NONE',  ( -1.000000000000000000, -2.891205793294677833E-16, -5.304964758338859037E-17 ) ) ;
#5051 = ORIENTED_EDGE ( 'NONE', *, *, #6410, .F. ) ;
#5052 = LINE ( 'NONE', #3371, #3279 ) ;
#5053 = EDGE_LOOP ( 'NONE', ( #1401, #3761, #1284, #1902 ) ) ;
#5054 = FACE_OUTER_BOUND ( 'NONE', #3255, .T. ) ;
#5055 = MECHANICAL_DESIGN_GEOMETRIC_PRESENTATION_REPRESENTATION (  '', ( #5672 ), #5191 ) ;
#5056 = STYLED_ITEM ( 'NONE', ( #6807 ), #4784 ) ;
#5057 = DIRECTION ( 'NONE',  ( -1.000000000000000000, 2.668805347656626185E-16, -6.774548571579288900E-17 ) ) ;
#5058 = ADVANCED_FACE ( 'NONE', ( #391 ), #492, .F. ) ;
#5059 = DIRECTION ( 'NONE',  ( 6.774548571579288900E-17, 6.162975822039153361E-33, -1.000000000000000000 ) ) ;
#5060 = MECHANICAL_DESIGN_GEOMETRIC_PRESENTATION_REPRESENTATION (  '', ( #2897 ), #4559 ) ;
#5061 = VERTEX_POINT ( 'NONE', #4984 ) ;
#5062 = PLANE ( 'NONE',  #5563 ) ;
#5063 = ORIENTED_EDGE ( 'NONE', *, *, #4690, .F. ) ;
#5064 = ADVANCED_FACE ( 'NONE', ( #1078 ), #5519, .F. ) ;
#5065 = COLOUR_RGB ( '',0.0000000000000000000, 0.007843137254901960675, 0.02745098039215686236 ) ;
#5066 = PRESENTATION_STYLE_ASSIGNMENT (( #7253 ) ) ;
#5067 = EDGE_CURVE ( 'NONE', #1696, #4991, #3752, .T. ) ;
#5068 = MECHANICAL_DESIGN_GEOMETRIC_PRESENTATION_REPRESENTATION (  '', ( #3510 ), #1499 ) ;
#5069 = AXIS2_PLACEMENT_3D ( 'NONE', #2098, #5535, #6778 ) ;
#5070 = FACE_BOUND ( 'NONE', #1154, .T. ) ;
#5071 = VECTOR ( 'NONE', #5683, 1000.000000000000000 ) ;
#5072 = VECTOR ( 'NONE', #5354, 1000.000000000000000 ) ;
#5073 = FILL_AREA_STYLE_COLOUR ( '', #1843 ) ;
#5074 = AXIS2_PLACEMENT_3D ( 'NONE', #3014, #1905, #4166 ) ;
#5075 = AXIS2_PLACEMENT_3D ( 'NONE', #5709, #2885, #5170 ) ;
#5076 = VERTEX_POINT ( 'NONE', #6067 ) ;
#5077 = DIRECTION ( 'NONE',  ( -1.000000000000000000, 0.0000000000000000000, 3.522823058906759608E-13 ) ) ;
#5078 = ADVANCED_FACE ( 'NONE', ( #1046 ), #950, .T. ) ;
#5079 = CARTESIAN_POINT ( 'NONE',  ( -3.485777327012159255, -4.599999999999999645, -10.14999999999999503 ) ) ;
#5080 =( GEOMETRIC_REPRESENTATION_CONTEXT ( 3 ) GLOBAL_UNCERTAINTY_ASSIGNED_CONTEXT ( ( #5272 ) ) GLOBAL_UNIT_ASSIGNED_CONTEXT ( ( #5661, #3545, #183 ) ) REPRESENTATION_CONTEXT ( 'NONE', 'WORKASPACE' ) );
#5081 = FILL_AREA_STYLE_COLOUR ( '', #182 ) ;
#5082 = COLOUR_RGB ( '',0.9686274509803921573, 0.9686274509803921573, 0.9686274509803921573 ) ;
#5083 = CARTESIAN_POINT ( 'NONE',  ( -5.237565705693876694, -13.40000000000000036, -10.14999999999999503 ) ) ;
#5084 = DIRECTION ( 'NONE',  ( 0.0000000000000000000, -1.000000000000000000, 0.0000000000000000000 ) ) ;
#5085 = ORIENTED_EDGE ( 'NONE', *, *, #432, .T. ) ;
#5086 = LINE ( 'NONE', #4505, #101 ) ;
#5087 = PLANE ( 'NONE',  #6321 ) ;
#5088 = CARTESIAN_POINT ( 'NONE',  ( 3.828068768760283458, -6.899999999999999467, 3.828068768760305662 ) ) ;
#5089 = VERTEX_POINT ( 'NONE', #6688 ) ;
#5090 = CARTESIAN_POINT ( 'NONE',  ( 16.34999999999999787, -3.000000000000000000, -12.14999999999999680 ) ) ;
#5091 = DIRECTION ( 'NONE',  ( 5.304964758338859037E-17, -0.0000000000000000000, -1.000000000000000000 ) ) ;
#5092 = DIRECTION ( 'NONE',  ( 5.304964758338859037E-17, 0.0000000000000000000, -1.000000000000000000 ) ) ;
#5093 = EDGE_LOOP ( 'NONE', ( #3216, #6804, #5905, #906 ) ) ;
#5094 = ORIENTED_EDGE ( 'NONE', *, *, #6126, .T. ) ;
#5095 = CARTESIAN_POINT ( 'NONE',  ( -5.237565705693876694, -13.40000000000000036, -10.14999999999999503 ) ) ;
#5096 = CARTESIAN_POINT ( 'NONE',  ( -14.35000000000000320, -12.20000000000000107, 10.15000000000000391 ) ) ;
#5097 = LINE ( 'NONE', #54, #3047 ) ;
#5098 = EDGE_CURVE ( 'NONE', #3110, #1671, #3264, .T. ) ;
#5099 = ORIENTED_EDGE ( 'NONE', *, *, #3432, .F. ) ;
#5100 = SURFACE_STYLE_USAGE ( .BOTH. , #2819 ) ;
#5101 = SURFACE_SIDE_STYLE ('',( #5675 ) ) ;
#5102 = DIRECTION ( 'NONE',  ( 0.0000000000000000000, -1.000000000000000000, 0.0000000000000000000 ) ) ;
#5103 = VERTEX_POINT ( 'NONE', #6963 ) ;
#5104 = DIRECTION ( 'NONE',  ( -1.000000000000000000, -2.891205793294677833E-16, -5.304964758338859037E-17 ) ) ;
#5105 = LINE ( 'NONE', #32, #3869 ) ;
#5106 = ADVANCED_FACE ( 'NONE', ( #5668, #3579, #226, #2464, #6264, #18, #6831, #3016, #2841 ), #6797, .T. ) ;
#5107 = CARTESIAN_POINT ( 'NONE',  ( 14.35000000000000142, -4.599999999999999645, -12.14999999999999680 ) ) ;
#5108 = ORIENTED_EDGE ( 'NONE', *, *, #6236, .T. ) ;
#5109 = CARTESIAN_POINT ( 'NONE',  ( 8.530452312324126041, 8.221097714938491560E-15, -10.14999999999999503 ) ) ;
#5110 = CARTESIAN_POINT ( 'NONE',  ( -13.40000000000000391, -4.599999999999999645, -11.64999999999999858 ) ) ;
#5111 = CIRCLE ( 'NONE', #3911, 11.50000000000000000 ) ;
#5112 = PRESENTATION_STYLE_ASSIGNMENT (( #4570 ) ) ;
#5113 = SURFACE_STYLE_FILL_AREA ( #6895 ) ;
#5114 = EDGE_CURVE ( 'NONE', #1325, #5318, #5052, .T. ) ;
#5115 = ADVANCED_FACE ( 'NONE', ( #7043 ), #6443, .T. ) ;
#5116 = VECTOR ( 'NONE', #6927, 1000.000000000000000 ) ;
#5117 = ORIENTED_EDGE ( 'NONE', *, *, #577, .F. ) ;
#5118 = CARTESIAN_POINT ( 'NONE',  ( -3.742999500090266305E-12, -12.30000000000000071, -10.62500000000520828 ) ) ;
#5119 = CARTESIAN_POINT ( 'NONE',  ( -13.40000052251277829, -6.899999999999999467, -1.235495486976247826E-06 ) ) ;
#5120 = LINE ( 'NONE', #1792, #7347 ) ;
#5121 = ORIENTED_EDGE ( 'NONE', *, *, #2681, .T. ) ;
#5122 = LINE ( 'NONE', #3958, #1264 ) ;
#5123 = DIRECTION ( 'NONE',  ( 1.000000000000000000, 0.0000000000000000000, 2.668805347656626481E-15 ) ) ;
#5124 = ORIENTED_EDGE ( 'NONE', *, *, #6262, .F. ) ;
#5125 = VERTEX_POINT ( 'NONE', #50 ) ;
#5126 = DIRECTION ( 'NONE',  ( 3.774260717989172044E-15, 0.7071067811865230368, 0.7071067811865721087 ) ) ;
#5127 = DIRECTION ( 'NONE',  ( 5.304964758338859037E-17, 0.0000000000000000000, -1.000000000000000000 ) ) ;
#5128 = EDGE_CURVE ( 'NONE', #7016, #1671, #3542, .T. ) ;
#5129 = FILL_AREA_STYLE ('',( #5815 ) ) ;
#5130 = VERTEX_POINT ( 'NONE', #2420 ) ;
#5131 = FILL_AREA_STYLE_COLOUR ( '', #3983 ) ;
#5132 = CARTESIAN_POINT ( 'NONE',  ( -2.725505276854495680E-14, -18.61923881554287519, 10.21245434496621662 ) ) ;
#5133 = DIRECTION ( 'NONE',  ( 3.624991326682406617E-08, 0.0000000000000000000, 0.9999999999999993339 ) ) ;
#5134 = VERTEX_POINT ( 'NONE', #4850 ) ;
#5135 = SURFACE_STYLE_USAGE ( .BOTH. , #1192 ) ;
#5136 = CARTESIAN_POINT ( 'NONE',  ( -1.006316807445648998, -12.19999999999999041, -3.357079596434616513E-16 ) ) ;
#5137 = EDGE_CURVE ( 'NONE', #189, #318, #5392, .T. ) ;
#5138 = DIRECTION ( 'NONE',  ( 0.0000000000000000000, 1.000000000000000000, -0.0000000000000000000 ) ) ;
#5139 = AXIS2_PLACEMENT_3D ( 'NONE', #5109, #6186, #1062 ) ;
#5140 = CARTESIAN_POINT ( 'NONE',  ( -0.3563168074456526391, -18.61923881554287519, 10.21245434496620952 ) ) ;
#5141 = DIRECTION ( 'NONE',  ( 4.119479477319231864E-15, 1.000000000000000000, 2.185369344987871010E-31 ) ) ;
#5142 = ORIENTED_EDGE ( 'NONE', *, *, #3584, .T. ) ;
#5143 = CARTESIAN_POINT ( 'NONE',  ( 1.076209146011456178E-14, -6.899999999999999467, 11.78745434496620526 ) ) ;
#5144 = CARTESIAN_POINT ( 'NONE',  ( -4.474999999999823785, -6.899999999999999467, 4.474999999999926814 ) ) ;
#5145 = ADVANCED_FACE ( 'NONE', ( #5502 ), #3733, .F. ) ;
#5146 = PLANE ( 'NONE',  #3963 ) ;
#5147 = DIRECTION ( 'NONE',  ( 0.0000000000000000000, 1.000000000000000000, 0.0000000000000000000 ) ) ;
#5148 = EDGE_CURVE ( 'NONE', #6642, #747, #3060, .T. ) ;
#5149 = AXIS2_PLACEMENT_3D ( 'NONE', #2978, #4693, #2901 ) ;
#5150 = ORIENTED_EDGE ( 'NONE', *, *, #204, .T. ) ;
#5151 = EDGE_LOOP ( 'NONE', ( #1736, #212, #1073, #4296, #4252, #6272 ) ) ;
#5152 = LINE ( 'NONE', #4058, #3870 ) ;
#5153 = EDGE_CURVE ( 'NONE', #7109, #1397, #2540, .T. ) ;
#5154 = ADVANCED_FACE ( 'NONE', ( #5351 ), #4813, .T. ) ;
#5155 = CARTESIAN_POINT ( 'NONE',  ( 7.170083562801061759E-16, -9.689448705166794795, -10.14999999999999503 ) ) ;
#5156 = CARTESIAN_POINT ( 'NONE',  ( 4.778068768760270757, -4.599999999999999645, 4.778068768760243223 ) ) ;
#5157 = EDGE_LOOP ( 'NONE', ( #5492, #4758, #4610, #4427 ) ) ;
#5158 = CARTESIAN_POINT ( 'NONE',  ( 16.34999999999999787, -4.599999999999999645, -12.14999999999999680 ) ) ;
#5159 =( NAMED_UNIT ( * ) PLANE_ANGLE_UNIT ( ) SI_UNIT ( $, .RADIAN. ) );
#5160 = PRESENTATION_STYLE_ASSIGNMENT (( #6829 ) ) ;
#5161 = ORIENTED_EDGE ( 'NONE', *, *, #5192, .F. ) ;
#5162 = EDGE_LOOP ( 'NONE', ( #4845, #2710 ) ) ;
#5163 = CARTESIAN_POINT ( 'NONE',  ( -4.619200803757563610E-14, -11.39999999999997193, -11.14999999999999680 ) ) ;
#5164 = DIRECTION ( 'NONE',  ( 0.0000000000000000000, -0.0000000000000000000, 1.000000000000000000 ) ) ;
#5165 = EDGE_CURVE ( 'NONE', #3724, #6467, #4769, .T. ) ;
#5166 = DIRECTION ( 'NONE',  ( -1.000000000000000000, 0.0000000000000000000, 0.0000000000000000000 ) ) ;
#5167 = MECHANICAL_DESIGN_GEOMETRIC_PRESENTATION_REPRESENTATION (  '', ( #3376 ), #6382 ) ;
#5168 = SURFACE_STYLE_USAGE ( .BOTH. , #2780 ) ;
#5169 = LINE ( 'NONE', #5745, #7056 ) ;
#5170 = DIRECTION ( 'NONE',  ( 0.0000000000000000000, 0.0000000000000000000, -1.000000000000000000 ) ) ;
#5171 = ORIENTED_EDGE ( 'NONE', *, *, #2968, .T. ) ;
#5172 = PRESENTATION_LAYER_ASSIGNMENT (  '', '', ( #3619 ) ) ;
#5173 = PLANE ( 'NONE',  #535 ) ;
#5174 = SURFACE_STYLE_USAGE ( .BOTH. , #6347 ) ;
#5175 = CARTESIAN_POINT ( 'NONE',  ( -15.90000000000000036, -6.899999999999999467, -9.449999999999999289 ) ) ;
#5176 = VECTOR ( 'NONE', #1335, 1000.000000000000000 ) ;
#5177 = SURFACE_SIDE_STYLE ('',( #4526 ) ) ;
#5178 = PLANE ( 'NONE',  #1979 ) ;
#5179 = VECTOR ( 'NONE', #807, 1000.000000000000000 ) ;
#5180 = AXIS2_PLACEMENT_3D ( 'NONE', #715, #2430, #4109 ) ;
#5181 = ORIENTED_EDGE ( 'NONE', *, *, #166, .T. ) ;
#5182 = CARTESIAN_POINT ( 'NONE',  ( 5.530452312324126041, -9.689448705166794795, -11.14999999999999680 ) ) ;
#5183 = STYLED_ITEM ( 'NONE', ( #2960 ), #3826 ) ;
#5184 =( GEOMETRIC_REPRESENTATION_CONTEXT ( 3 ) GLOBAL_UNCERTAINTY_ASSIGNED_CONTEXT ( ( #1827 ) ) GLOBAL_UNIT_ASSIGNED_CONTEXT ( ( #697, #5828, #4725 ) ) REPRESENTATION_CONTEXT ( 'NONE', 'WORKASPACE' ) );
#5185 =( NAMED_UNIT ( * ) PLANE_ANGLE_UNIT ( ) SI_UNIT ( $, .RADIAN. ) );
#5186 = CARTESIAN_POINT ( 'NONE',  ( 0.0000000000000000000, 0.0000000000000000000, 0.0000000000000000000 ) ) ;
#5187 = AXIS2_PLACEMENT_3D ( 'NONE', #4250, #403, #6556 ) ;
#5188 = DIRECTION ( 'NONE',  ( -3.269436954241216420E-49, 1.000000000000000000, 6.162975822039153361E-33 ) ) ;
#5189 = VECTOR ( 'NONE', #6965, 1000.000000000000000 ) ;
#5190 = AXIS2_PLACEMENT_3D ( 'NONE', #1177, #1140, #6793 ) ;
#5191 =( GEOMETRIC_REPRESENTATION_CONTEXT ( 3 ) GLOBAL_UNCERTAINTY_ASSIGNED_CONTEXT ( ( #6407 ) ) GLOBAL_UNIT_ASSIGNED_CONTEXT ( ( #5568, #6771, #5462 ) ) REPRESENTATION_CONTEXT ( 'NONE', 'WORKASPACE' ) );
#5192 = EDGE_CURVE ( 'NONE', #6622, #1775, #4253, .T. ) ;
#5193 = DIRECTION ( 'NONE',  ( -0.0000000000000000000, 0.7071067811865721087, 0.7071067811865230368 ) ) ;
#5194 = AXIS2_PLACEMENT_3D ( 'NONE', #6166, #2122, #4384 ) ;
#5195 = EDGE_LOOP ( 'NONE', ( #2964, #1053, #2149, #5630 ) ) ;
#5196 = VECTOR ( 'NONE', #2266, 1000.000000000000000 ) ;
#5197 = VECTOR ( 'NONE', #770, 1000.000000000000000 ) ;
#5198 = UNCERTAINTY_MEASURE_WITH_UNIT (LENGTH_MEASURE( 1.000000000000000082E-05 ), #1584, 'distance_accuracy_value', 'NONE');
#5199 = VERTEX_POINT ( 'NONE', #6671 ) ;
#5200 = LINE ( 'NONE', #4654, #7341 ) ;
#5201 = DIRECTION ( 'NONE',  ( 0.0000000000000000000, 0.0000000000000000000, -1.000000000000000000 ) ) ;
#5202 = CARTESIAN_POINT ( 'NONE',  ( -0.9063168074456493528, -12.30000000000000071, 10.31245434496621272 ) ) ;
#5203 = AXIS2_PLACEMENT_3D ( 'NONE', #698, #5653, #6435 ) ;
#5204 = ORIENTED_EDGE ( 'NONE', *, *, #5962, .F. ) ;
#5205 = ADVANCED_FACE ( 'NONE', ( #7077 ), #5965, .T. ) ;
#5206 = DIRECTION ( 'NONE',  ( 0.0000000000000000000, 0.0000000000000000000, -1.000000000000000000 ) ) ;
#5207 = AXIS2_PLACEMENT_3D ( 'NONE', #1794, #7156, #6332 ) ;
#5208 = EDGE_CURVE ( 'NONE', #4153, #4140, #2584, .T. ) ;
#5209 = DIRECTION ( 'NONE',  ( -0.7071067811865230368, -0.7071067811865721087, -0.0000000000000000000 ) ) ;
#5210 = PRODUCT_CONTEXT ( 'NONE', #3688, 'mechanical' ) ;
#5211 = ORIENTED_EDGE ( 'NONE', *, *, #5246, .T. ) ;
#5212 = CARTESIAN_POINT ( 'NONE',  ( -10.17499838204573059, -4.599999999999999645, -10.17500071805005568 ) ) ;
#5213 = FACE_OUTER_BOUND ( 'NONE', #1731, .T. ) ;
#5214 = ORIENTED_EDGE ( 'NONE', *, *, #7052, .T. ) ;
#5215 = EDGE_CURVE ( 'NONE', #1338, #2279, #2063, .T. ) ;
#5216 = DIRECTION ( 'NONE',  ( 0.7071067811865537900, 0.0000000000000000000, -0.7071067811865412445 ) ) ;
#5217 = EDGE_CURVE ( 'NONE', #3188, #3627, #2618, .T. ) ;
#5218 = ORIENTED_EDGE ( 'NONE', *, *, #4133, .F. ) ;
#5219 = DIRECTION ( 'NONE',  ( 6.774548571579288900E-17, 6.162975822039153361E-33, -1.000000000000000000 ) ) ;
#5220 = DIRECTION ( 'NONE',  ( 0.0000000000000000000, -0.0000000000000000000, -1.000000000000000000 ) ) ;
#5221 = ORIENTED_EDGE ( 'NONE', *, *, #211, .F. ) ;
#5222 = PLANE ( 'NONE',  #902 ) ;
#5223 = CARTESIAN_POINT ( 'NONE',  ( -14.97499996851770554, -18.61923881554287519, -5.074999986169908439 ) ) ;
#5224 = CARTESIAN_POINT ( 'NONE',  ( -3.487565705693870921, -9.689448705166794795, -11.64999999999999680 ) ) ;
#5225 = DIRECTION ( 'NONE',  ( -1.000000000000000000, 0.0000000000000000000, -1.060992951667771931E-16 ) ) ;
#5226 = FACE_OUTER_BOUND ( 'NONE', #2814, .T. ) ;
#5227 = ORIENTED_EDGE ( 'NONE', *, *, #6262, .T. ) ;
#5228 = DIRECTION ( 'NONE',  ( 0.7071067811865454633, 0.0000000000000000000, -0.7071067811865496822 ) ) ;
#5229 = CARTESIAN_POINT ( 'NONE',  ( 1.493683192554345673, -12.19999999999999751, 0.0000000000000000000 ) ) ;
#5230 = VECTOR ( 'NONE', #2868, 1000.000000000000000 ) ;
#5231 = ORIENTED_EDGE ( 'NONE', *, *, #3101, .T. ) ;
#5232 = EDGE_LOOP ( 'NONE', ( #2919, #5972 ) ) ;
#5233 = CARTESIAN_POINT ( 'NONE',  ( 6.819901017490917816, 1.971773733146600697E-15, -11.64999999999999680 ) ) ;
#5234 = ADVANCED_FACE ( 'NONE', ( #7191 ), #494, .T. ) ;
#5235 = CARTESIAN_POINT ( 'NONE',  ( 5.530452312324126041, 7.488015623777569931E-32, -10.14999999999999503 ) ) ;
#5236 = CARTESIAN_POINT ( 'NONE',  ( 1.593683192554341543, -12.30000000000000071, 10.31245434496620916 ) ) ;
#5237 = VECTOR ( 'NONE', #5188, 1000.000000000000000 ) ;
#5238 = ORIENTED_EDGE ( 'NONE', *, *, #6063, .F. ) ;
#5239 = LINE ( 'NONE', #6903, #465 ) ;
#5240 = PLANE ( 'NONE',  #7008 ) ;
#5241 = ORIENTED_EDGE ( 'NONE', *, *, #4980, .T. ) ;
#5242 = ORIENTED_EDGE ( 'NONE', *, *, #34, .F. ) ;
#5243 = CARTESIAN_POINT ( 'NONE',  ( 3.068683192554345851, -6.899999999999999467, 9.287454344966207032 ) ) ;
#5244 = VECTOR ( 'NONE', #2438, 1000.000000000000000 ) ;
#5245 = CARTESIAN_POINT ( 'NONE',  ( -11.39999999999999858, -3.000000000000000000, 11.50000000000000178 ) ) ;
#5246 = EDGE_CURVE ( 'NONE', #3338, #5657, #3966, .T. ) ;
#5247 =( NAMED_UNIT ( * ) PLANE_ANGLE_UNIT ( ) SI_UNIT ( $, .RADIAN. ) );
#5248 = EDGE_CURVE ( 'NONE', #3694, #4733, #3415, .T. ) ;
#5249 = ORIENTED_EDGE ( 'NONE', *, *, #6036, .F. ) ;
#5250 = VECTOR ( 'NONE', #602, 1000.000000000000227 ) ;
#5251 =( NAMED_UNIT ( * ) PLANE_ANGLE_UNIT ( ) SI_UNIT ( $, .RADIAN. ) );
#5252 = DIRECTION ( 'NONE',  ( 2.491012073873392720E-13, 0.7071067811865230368, 0.7071067811865721087 ) ) ;
#5253 = CARTESIAN_POINT ( 'NONE',  ( 7.023125181477018465E-16, 6.871718041573655553E-32, -10.14999999999999503 ) ) ;
#5254 = DIRECTION ( 'NONE',  ( 1.000000000000000000, 0.0000000000000000000, 0.0000000000000000000 ) ) ;
#5255 = EDGE_LOOP ( 'NONE', ( #6256, #6519, #1308, #6744, #2225, #3841, #1360, #6549, #651, #4387, #2699, #207 ) ) ;
#5256 = LINE ( 'NONE', #5712, #4934 ) ;
#5257 = DIRECTION ( 'NONE',  ( 5.304964758338859037E-17, 0.0000000000000000000, -1.000000000000000000 ) ) ;
#5258 = DIRECTION ( 'NONE',  ( -0.0000000000000000000, 1.000000000000000000, -0.0000000000000000000 ) ) ;
#5259 = EDGE_CURVE ( 'NONE', #2344, #7044, #3266, .T. ) ;
#5260 = EDGE_CURVE ( 'NONE', #7066, #1577, #606, .T. ) ;
#5261 = LINE ( 'NONE', #167, #5319 ) ;
#5262 = DIRECTION ( 'NONE',  ( -1.000000000000000000, 3.709206150687421386E-65, -5.304964758338859037E-17 ) ) ;
#5263 = ORIENTED_EDGE ( 'NONE', *, *, #2821, .F. ) ;
#5264 = DIRECTION ( 'NONE',  ( 0.0000000000000000000, 0.0000000000000000000, 1.000000000000000000 ) ) ;
#5265 = CARTESIAN_POINT ( 'NONE',  ( 0.2686831925543509136, -6.899999999999999467, 9.287454344966207032 ) ) ;
#5266 = CIRCLE ( 'NONE', #6119, 0.3999999999999993006 ) ;
#5267 = ORIENTED_EDGE ( 'NONE', *, *, #6911, .F. ) ;
#5268 = PRESENTATION_STYLE_ASSIGNMENT (( #1820 ) ) ;
#5269 = PRESENTATION_STYLE_ASSIGNMENT (( #5302 ) ) ;
#5270 = FACE_OUTER_BOUND ( 'NONE', #3965, .T. ) ;
#5271 = ORIENTED_EDGE ( 'NONE', *, *, #6269, .T. ) ;
#5272 = UNCERTAINTY_MEASURE_WITH_UNIT (LENGTH_MEASURE( 1.000000000000000082E-05 ), #5661, 'distance_accuracy_value', 'NONE');
#5273 = EDGE_LOOP ( 'NONE', ( #3072, #73, #5967, #1597 ) ) ;
#5274 = PLANE ( 'NONE',  #4459 ) ;
#5275 =( NAMED_UNIT ( * ) PLANE_ANGLE_UNIT ( ) SI_UNIT ( $, .RADIAN. ) );
#5276 =( GEOMETRIC_REPRESENTATION_CONTEXT ( 3 ) GLOBAL_UNCERTAINTY_ASSIGNED_CONTEXT ( ( #2585 ) ) GLOBAL_UNIT_ASSIGNED_CONTEXT ( ( #7098, #4382, #2083 ) ) REPRESENTATION_CONTEXT ( 'NONE', 'WORKASPACE' ) );
#5277 = EDGE_LOOP ( 'NONE', ( #2218, #2592, #591, #1835, #5706, #406, #1085, #3007 ) ) ;
#5278 = SURFACE_STYLE_FILL_AREA ( #3024 ) ;
#5279 = LINE ( 'NONE', #4105, #1395 ) ;
#5280 = ORIENTED_EDGE ( 'NONE', *, *, #5863, .F. ) ;
#5281 = VECTOR ( 'NONE', #1422, 1000.000000000000000 ) ;
#5282 = VERTEX_POINT ( 'NONE', #7300 ) ;
#5283 = DIRECTION ( 'NONE',  ( 1.000000000000000000, -4.119479477319231864E-15, 6.774548571579288900E-17 ) ) ;
#5284 = PLANE ( 'NONE',  #2671 ) ;
#5285 = EDGE_LOOP ( 'NONE', ( #1755, #2103, #6162, #1456 ) ) ;
#5286 = FACE_OUTER_BOUND ( 'NONE', #5285, .T. ) ;
#5287 = LINE ( 'NONE', #197, #3583 ) ;
#5288 =( LENGTH_UNIT ( ) NAMED_UNIT ( * ) SI_UNIT ( .MILLI., .METRE. ) );
#5289 = ORIENTED_EDGE ( 'NONE', *, *, #4972, .F. ) ;
#5290 = CARTESIAN_POINT ( 'NONE',  ( -1.931316807445652595, -6.899999999999999467, 9.587454344966207742 ) ) ;
#5291 = ADVANCED_FACE ( 'NONE', ( #5633 ), #3895, .T. ) ;
#5292 =( GEOMETRIC_REPRESENTATION_CONTEXT ( 3 ) GLOBAL_UNCERTAINTY_ASSIGNED_CONTEXT ( ( #5966 ) ) GLOBAL_UNIT_ASSIGNED_CONTEXT ( ( #6883, #5824, #60 ) ) REPRESENTATION_CONTEXT ( 'NONE', 'WORKASPACE' ) );
#5293 = LINE ( 'NONE', #1935, #4702 ) ;
#5294 = CARTESIAN_POINT ( 'NONE',  ( -16.35000000000000497, -3.000000000000000000, 12.15000000000000036 ) ) ;
#5295 = VERTEX_POINT ( 'NONE', #1700 ) ;
#5296 = VERTEX_POINT ( 'NONE', #5559 ) ;
#5297 = VECTOR ( 'NONE', #4483, 1000.000000000000000 ) ;
#5298 = CARTESIAN_POINT ( 'NONE',  ( 16.34999999999999787, -4.599999999999999645, 12.15000000000000391 ) ) ;
#5299 = SURFACE_STYLE_FILL_AREA ( #3656 ) ;
#5300 = ORIENTED_EDGE ( 'NONE', *, *, #3419, .T. ) ;
#5301 = DIRECTION ( 'NONE',  ( -0.0000000000000000000, 0.0000000000000000000, -1.000000000000000000 ) ) ;
#5302 = SURFACE_STYLE_USAGE ( .BOTH. , #1821 ) ;
#5303 = CIRCLE ( 'NONE', #3270, 1.000000000000001554 ) ;
#5304 =( GEOMETRIC_REPRESENTATION_CONTEXT ( 3 ) GLOBAL_UNCERTAINTY_ASSIGNED_CONTEXT ( ( #4887 ) ) GLOBAL_UNIT_ASSIGNED_CONTEXT ( ( #5822, #1809, #1751 ) ) REPRESENTATION_CONTEXT ( 'NONE', 'WORKASPACE' ) );
#5305 =( NAMED_UNIT ( * ) SI_UNIT ( $, .STERADIAN. ) SOLID_ANGLE_UNIT ( ) );
#5306 = AXIS2_PLACEMENT_3D ( 'NONE', #5367, #6377, #2516 ) ;
#5307 = EDGE_CURVE ( 'NONE', #3263, #5076, #2181, .T. ) ;
#5308 =( GEOMETRIC_REPRESENTATION_CONTEXT ( 3 ) GLOBAL_UNCERTAINTY_ASSIGNED_CONTEXT ( ( #434 ) ) GLOBAL_UNIT_ASSIGNED_CONTEXT ( ( #6617, #7174, #2082 ) ) REPRESENTATION_CONTEXT ( 'NONE', 'WORKASPACE' ) );
#5309 = ORIENTED_EDGE ( 'NONE', *, *, #2951, .F. ) ;
#5310 = SURFACE_STYLE_USAGE ( .BOTH. , #1826 ) ;
#5311 = FILL_AREA_STYLE_COLOUR ( '', #2064 ) ;
#5312 = ORIENTED_EDGE ( 'NONE', *, *, #7188, .F. ) ;
#5313 = CARTESIAN_POINT ( 'NONE',  ( -14.97499993202977997, -18.61923881554287519, 3.077332712281417650E-12 ) ) ;
#5314 = AXIS2_PLACEMENT_3D ( 'NONE', #7117, #4886, #4286 ) ;
#5315 = SURFACE_SIDE_STYLE ('',( #5396 ) ) ;
#5316 = AXIS2_PLACEMENT_3D ( 'NONE', #4895, #4333, #6091 ) ;
#5317 = VECTOR ( 'NONE', #142, 1000.000000000000000 ) ;
#5318 = VERTEX_POINT ( 'NONE', #4986 ) ;
#5319 = VECTOR ( 'NONE', #1375, 1000.000000000000000 ) ;
#5320 = AXIS2_PLACEMENT_3D ( 'NONE', #5694, #520, #3814 ) ;
#5321 = LINE ( 'NONE', #4661, #1161 ) ;
#5322 = ORIENTED_EDGE ( 'NONE', *, *, #6319, .T. ) ;
#5323 = VECTOR ( 'NONE', #5254, 1000.000000000000000 ) ;
#5324 = EDGE_LOOP ( 'NONE', ( #6563, #6372, #7055, #1172 ) ) ;
#5325 = FACE_OUTER_BOUND ( 'NONE', #7252, .T. ) ;
#5326 = DIRECTION ( 'NONE',  ( -0.0000000000000000000, 1.000000000000000000, -0.0000000000000000000 ) ) ;
#5327 = VECTOR ( 'NONE', #6320, 1000.000000000000000 ) ;
#5328 = ORIENTED_EDGE ( 'NONE', *, *, #3003, .F. ) ;
#5329 = SURFACE_STYLE_FILL_AREA ( #2927 ) ;
#5330 = LINE ( 'NONE', #2558, #3095 ) ;
#5331 = LINE ( 'NONE', #1929, #2649 ) ;
#5332 = DIRECTION ( 'NONE',  ( -1.000000000000000000, 0.0000000000000000000, -6.774548571579288900E-17 ) ) ;
#5333 = EDGE_LOOP ( 'NONE', ( #739, #681, #5407, #7197 ) ) ;
#5334 = CARTESIAN_POINT ( 'NONE',  ( 1.571026067530226910E-15, -6.400000000000003020, -10.14999999999999503 ) ) ;
#5335 = FILL_AREA_STYLE ('',( #3042 ) ) ;
#5336 = DIRECTION ( 'NONE',  ( -0.0000000000000000000, 1.000000000000000000, -0.0000000000000000000 ) ) ;
#5337 = CARTESIAN_POINT ( 'NONE',  ( -8.594011564216394561, -4.599999999999999645, -3.107656175016917821 ) ) ;
#5338 = ADVANCED_FACE ( 'NONE', ( #4443 ), #7272, .F. ) ;
#5339 = LINE ( 'NONE', #6919, #4571 ) ;
#5340 = ORIENTED_EDGE ( 'NONE', *, *, #3997, .F. ) ;
#5341 = VERTEX_POINT ( 'NONE', #6760 ) ;
#5342 = DIRECTION ( 'NONE',  ( -0.7071067811865536790, 0.0000000000000000000, -0.7071067811865414665 ) ) ;
#5343 = DIRECTION ( 'NONE',  ( 0.0000000000000000000, 0.0000000000000000000, -1.000000000000000000 ) ) ;
#5344 = ORIENTED_EDGE ( 'NONE', *, *, #5128, .T. ) ;
#5345 = CARTESIAN_POINT ( 'NONE',  ( -15.60000000000000675, -4.599999999999999645, -6.649999999999997691 ) ) ;
#5346 = DIRECTION ( 'NONE',  ( -1.000000000000000000, 0.0000000000000000000, -6.774548571579288900E-17 ) ) ;
#5347 = EDGE_CURVE ( 'NONE', #4510, #2089, #1635, .T. ) ;
#5348 = DIRECTION ( 'NONE',  ( -0.7071067811865403563, 0.0000000000000000000, -0.7071067811865546782 ) ) ;
#5349 = ADVANCED_FACE ( 'NONE', ( #534 ), #52, .T. ) ;
#5350 = VERTEX_POINT ( 'NONE', #2775 ) ;
#5351 = FACE_OUTER_BOUND ( 'NONE', #3182, .T. ) ;
#5352 = UNCERTAINTY_MEASURE_WITH_UNIT (LENGTH_MEASURE( 1.000000000000000082E-05 ), #360, 'distance_accuracy_value', 'NONE');
#5353 = ORIENTED_EDGE ( 'NONE', *, *, #3920, .T. ) ;
#5354 = DIRECTION ( 'NONE',  ( -0.0000000000000000000, 1.000000000000000000, -0.0000000000000000000 ) ) ;
#5355 = ADVANCED_FACE ( 'NONE', ( #5054 ), #7337, .T. ) ;
#5356 = PLANE ( 'NONE',  #5364 ) ;
#5357 = ADVANCED_FACE ( 'NONE', ( #4482 ), #6129, .T. ) ;
#5358 = PRESENTATION_LAYER_ASSIGNMENT (  '', '', ( #5609 ) ) ;
#5359 =( NAMED_UNIT ( * ) SI_UNIT ( $, .STERADIAN. ) SOLID_ANGLE_UNIT ( ) );
#5360 = ORIENTED_EDGE ( 'NONE', *, *, #2989, .F. ) ;
#5361 = ORIENTED_EDGE ( 'NONE', *, *, #752, .T. ) ;
#5362 = DIRECTION ( 'NONE',  ( 0.0000000000000000000, -0.7071067811865168196, 0.7071067811865781039 ) ) ;
#5363 = CARTESIAN_POINT ( 'NONE',  ( -14.32499993203133215, -12.19999999999999751, -8.225000000000081357 ) ) ;
#5364 = AXIS2_PLACEMENT_3D ( 'NONE', #7014, #707, #4655 ) ;
#5365 = FACE_OUTER_BOUND ( 'NONE', #3287, .T. ) ;
#5366 = ORIENTED_EDGE ( 'NONE', *, *, #972, .T. ) ;
#5367 = CARTESIAN_POINT ( 'NONE',  ( -3.487565705693870921, -10.11055129483321835, -11.64999999999999680 ) ) ;
#5368 = DIRECTION ( 'NONE',  ( -0.0000000000000000000, 1.000000000000000000, -0.0000000000000000000 ) ) ;
#5369 =( NAMED_UNIT ( * ) SI_UNIT ( $, .STERADIAN. ) SOLID_ANGLE_UNIT ( ) );
#5370 = LINE ( 'NONE', #4073, #2673 ) ;
#5371 = VECTOR ( 'NONE', #150, 1000.000000000000000 ) ;
#5372 = EDGE_LOOP ( 'NONE', ( #2170, #7343, #6050, #2220 ) ) ;
#5373 = LINE ( 'NONE', #2015, #6870 ) ;
#5374 = DIRECTION ( 'NONE',  ( -1.887130358994987552E-15, -0.7071067811865229258, 0.7071067811865721087 ) ) ;
#5375 = DIRECTION ( 'NONE',  ( 0.0000000000000000000, 0.0000000000000000000, 1.000000000000000000 ) ) ;
#5376 = CARTESIAN_POINT ( 'NONE',  ( -8.594011564216394561, -5.599999999999999645, 6.398369318106219339 ) ) ;
#5377 = PRESENTATION_LAYER_ASSIGNMENT (  '', '', ( #2966 ) ) ;
#5378 = FACE_OUTER_BOUND ( 'NONE', #897, .T. ) ;
#5379 = EDGE_LOOP ( 'NONE', ( #3502, #6634, #1176, #5570 ) ) ;
#5380 = VERTEX_POINT ( 'NONE', #5670 ) ;
#5381 = DIRECTION ( 'NONE',  ( 5.304964758338859037E-17, -0.0000000000000000000, -1.000000000000000000 ) ) ;
#5382 = SURFACE_SIDE_STYLE ('',( #5299 ) ) ;
#5383 = EDGE_CURVE ( 'NONE', #6532, #4684, #3980, .T. ) ;
#5384 = EDGE_LOOP ( 'NONE', ( #5883, #3773, #4851, #3589 ) ) ;
#5385 = DIRECTION ( 'NONE',  ( -0.0000000000000000000, 1.000000000000000000, -0.0000000000000000000 ) ) ;
#5386 = DIRECTION ( 'NONE',  ( 0.9999999999999205080, 0.0000000000000000000, 3.985843548545139732E-07 ) ) ;
#5387 = DIRECTION ( 'NONE',  ( 1.000000000000000000, -4.119479477319223187E-15, 6.774548571579288900E-17 ) ) ;
#5388 = VECTOR ( 'NONE', #6065, 1000.000000000000000 ) ;
#5389 = DIRECTION ( 'NONE',  ( -3.269436954241216420E-49, 1.000000000000000000, 6.162975822039153361E-33 ) ) ;
#5390 = EDGE_CURVE ( 'NONE', #2690, #2882, #2713, .T. ) ;
#5391 = ORIENTED_EDGE ( 'NONE', *, *, #1116, .F. ) ;
#5392 = LINE ( 'NONE', #5922, #6767 ) ;
#5393 = ORIENTED_EDGE ( 'NONE', *, *, #3547, .T. ) ;
#5394 = CARTESIAN_POINT ( 'NONE',  ( -1.987565705693877138, -9.900000000000002132, -12.14999999999999680 ) ) ;
#5395 = EDGE_CURVE ( 'NONE', #1351, #4149, #3854, .T. ) ;
#5396 = SURFACE_STYLE_FILL_AREA ( #1279 ) ;
#5397 = ORIENTED_EDGE ( 'NONE', *, *, #1925, .F. ) ;
#5398 = CARTESIAN_POINT ( 'NONE',  ( -0.4875657056938695888, -10.11055129483321835, -11.64999999999999680 ) ) ;
#5399 = EDGE_CURVE ( 'NONE', #408, #789, #6453, .T. ) ;
#5400 = VERTEX_POINT ( 'NONE', #671 ) ;
#5401 = EDGE_CURVE ( 'NONE', #3305, #5657, #3445, .T. ) ;
#5402 = ORIENTED_EDGE ( 'NONE', *, *, #6012, .F. ) ;
#5403 = PLANE ( 'NONE',  #4803 ) ;
#5404 = FACE_OUTER_BOUND ( 'NONE', #2931, .T. ) ;
#5405 =( GEOMETRIC_REPRESENTATION_CONTEXT ( 3 ) GLOBAL_UNCERTAINTY_ASSIGNED_CONTEXT ( ( #5429 ) ) GLOBAL_UNIT_ASSIGNED_CONTEXT ( ( #4633, #6383, #1331 ) ) REPRESENTATION_CONTEXT ( 'NONE', 'WORKASPACE' ) );
#5406 = VECTOR ( 'NONE', #6379, 1000.000000000000000 ) ;
#5407 = ORIENTED_EDGE ( 'NONE', *, *, #6552, .F. ) ;
#5408 = CARTESIAN_POINT ( 'NONE',  ( 7.241003607157344035, -11.40000000000000213, -11.14999999999999680 ) ) ;
#5409 = CARTESIAN_POINT ( 'NONE',  ( -3.487565705693870921, -10.11055129483321835, -12.14999999999999680 ) ) ;
#5410 = CARTESIAN_POINT ( 'NONE',  ( -11.40000000000000568, -0.09999999999999592548, -11.50000000000000000 ) ) ;
#5411 = CARTESIAN_POINT ( 'NONE',  ( 0.0000000000000000000, -4.599999999999999645, 11.78745434496620703 ) ) ;
#5412 = ORIENTED_EDGE ( 'NONE', *, *, #7100, .T. ) ;
#5413 = ADVANCED_FACE ( 'NONE', ( #4622 ), #785, .T. ) ;
#5414 = CARTESIAN_POINT ( 'NONE',  ( -14.32499993203352595, -12.19999999999999751, -3.823063642379053100E-12 ) ) ;
#5415 =( LENGTH_UNIT ( ) NAMED_UNIT ( * ) SI_UNIT ( .MILLI., .METRE. ) );
#5416 = DIRECTION ( 'NONE',  ( -1.000000000000000000, 3.709206150687421386E-65, -5.304964758338859037E-17 ) ) ;
#5417 = DIRECTION ( 'NONE',  ( 0.0000000000000000000, 1.000000000000000000, 0.0000000000000000000 ) ) ;
#5418 = AXIS2_PLACEMENT_3D ( 'NONE', #3321, #4429, #3879 ) ;
#5419 = CARTESIAN_POINT ( 'NONE',  ( -14.85000000000000675, -3.000000000000000000, 1.000000000000001554 ) ) ;
#5420 = ORIENTED_EDGE ( 'NONE', *, *, #574, .T. ) ;
#5421 = DIRECTION ( 'NONE',  ( 0.0000000000000000000, 1.000000000000000000, 0.0000000000000000000 ) ) ;
#5422 = VERTEX_POINT ( 'NONE', #748 ) ;
#5423 = FACE_OUTER_BOUND ( 'NONE', #4298, .T. ) ;
#5424 = LINE ( 'NONE', #7111, #1002 ) ;
#5425 = CARTESIAN_POINT ( 'NONE',  ( -14.35000000000000320, -4.599999999999999645, 8.150000000000003908 ) ) ;
#5426 = DIRECTION ( 'NONE',  ( 0.0000000000000000000, 0.0000000000000000000, 1.000000000000000000 ) ) ;
#5427 = EDGE_LOOP ( 'NONE', ( #4185, #5108, #3235, #1819 ) ) ;
#5428 = DIRECTION ( 'NONE',  ( 5.304964758338859037E-17, 0.0000000000000000000, -1.000000000000000000 ) ) ;
#5429 = UNCERTAINTY_MEASURE_WITH_UNIT (LENGTH_MEASURE( 1.000000000000000082E-05 ), #4633, 'distance_accuracy_value', 'NONE');
#5430 = ORIENTED_EDGE ( 'NONE', *, *, #6961, .T. ) ;
#5431 = CARTESIAN_POINT ( 'NONE',  ( 14.35000000000000142, -4.599999999999999645, -8.149999999999986144 ) ) ;
#5432 = FACE_OUTER_BOUND ( 'NONE', #3348, .T. ) ;
#5433 = EDGE_CURVE ( 'NONE', #963, #1677, #6907, .T. ) ;
#5434 = CARTESIAN_POINT ( 'NONE',  ( -1.987565705693877138, -9.900000000000002132, -12.14999999999999680 ) ) ;
#5435 = LINE ( 'NONE', #4971, #2333 ) ;
#5436 = AXIS2_PLACEMENT_3D ( 'NONE', #1017, #2029, #5466 ) ;
#5437 = VERTEX_POINT ( 'NONE', #2920 ) ;
#5438 = STYLED_ITEM ( 'NONE', ( #1798 ), #5488 ) ;
#5439 = ORIENTED_EDGE ( 'NONE', *, *, #3868, .T. ) ;
#5440 = CARTESIAN_POINT ( 'NONE',  ( -0.4893540843755938563, -6.400000000000000355, -11.14999999999999680 ) ) ;
#5441 = PRESENTATION_LAYER_ASSIGNMENT (  '', '', ( #7334 ) ) ;
#5442 = VECTOR ( 'NONE', #6434, 1000.000000000000000 ) ;
#5443 = EDGE_CURVE ( 'NONE', #1775, #318, #4563, .T. ) ;
#5444 = VECTOR ( 'NONE', #202, 1000.000000000000000 ) ;
#5445 = PRESENTATION_LAYER_ASSIGNMENT (  '', '', ( #4703 ) ) ;
#5446 = VECTOR ( 'NONE', #5515, 1000.000000000000000 ) ;
#5447 = CARTESIAN_POINT ( 'NONE',  ( 8.530452312324131370, -4.599999999999999645, -10.14999999999999503 ) ) ;
#5448 = AXIS2_PLACEMENT_3D ( 'NONE', #1188, #5102, #27 ) ;
#5449 = AXIS2_PLACEMENT_3D ( 'NONE', #297, #4361, #6631 ) ;
#5450 = DIRECTION ( 'NONE',  ( 1.000000000000000000, 0.0000000000000000000, -0.0000000000000000000 ) ) ;
#5451 = LINE ( 'NONE', #2012, #2088 ) ;
#5452 = ORIENTED_EDGE ( 'NONE', *, *, #4636, .T. ) ;
#5453 = CARTESIAN_POINT ( 'NONE',  ( -15.60000000000000497, -6.899999999999999467, -6.649999999999995914 ) ) ;
#5454 = CARTESIAN_POINT ( 'NONE',  ( 5.078068768760283014, -6.899999999999999467, 5.078068768760187979 ) ) ;
#5455 = VECTOR ( 'NONE', #5807, 1000.000000000000000 ) ;
#5456 = CARTESIAN_POINT ( 'NONE',  ( 6.819901017490920481, -10.11055129483321835, -10.14999999999999503 ) ) ;
#5457 = CARTESIAN_POINT ( 'NONE',  ( -14.97499996851770554, -12.20000000000000462, -5.074999986169908439 ) ) ;
#5458 = EDGE_CURVE ( 'NONE', #3099, #2591, #5813, .T. ) ;
#5459 = ADVANCED_FACE ( 'NONE', ( #5325 ), #4034, .T. ) ;
#5460 = VERTEX_POINT ( 'NONE', #5243 ) ;
#5461 = ORIENTED_EDGE ( 'NONE', *, *, #982, .F. ) ;
#5462 =( NAMED_UNIT ( * ) SI_UNIT ( $, .STERADIAN. ) SOLID_ANGLE_UNIT ( ) );
#5463 = DIRECTION ( 'NONE',  ( -1.000000000000000000, 0.0000000000000000000, 1.334402673828022151E-15 ) ) ;
#5464 = CARTESIAN_POINT ( 'NONE',  ( -3.506316807445659212, -6.899999999999999467, 2.339419261572322643E-15 ) ) ;
#5465 = FACE_OUTER_BOUND ( 'NONE', #1706, .T. ) ;
#5466 = DIRECTION ( 'NONE',  ( -0.7071067811865481278, 0.0000000000000000000, -0.7071067811865470176 ) ) ;
#5467 = CARTESIAN_POINT ( 'NONE',  ( -15.90000000000000391, -6.899999999999999467, -11.64999999999999858 ) ) ;
#5468 = ORIENTED_EDGE ( 'NONE', *, *, #6824, .T. ) ;
#5469 = EDGE_LOOP ( 'NONE', ( #7006, #5594, #1274, #6905 ) ) ;
#5470 = ADVANCED_FACE ( 'NONE', ( #7020 ), #86, .F. ) ;
#5471 = CARTESIAN_POINT ( 'NONE',  ( -5.699999999999603162, 5.699999999999998401, 0.0000000000000000000 ) ) ;
#5472 = CARTESIAN_POINT ( 'NONE',  ( 6.819901017490920481, -10.11055129483321835, -11.14999999999999680 ) ) ;
#5473 = VERTEX_POINT ( 'NONE', #5740 ) ;
#5474 = DIRECTION ( 'NONE',  ( -0.0000000000000000000, 1.000000000000000000, -0.0000000000000000000 ) ) ;
#5475 = EDGE_LOOP ( 'NONE', ( #4063, #6265, #915, #4804 ) ) ;
#5476 = DIRECTION ( 'NONE',  ( -1.000000000000000000, 0.0000000000000000000, 0.0000000000000000000 ) ) ;
#5477 = EDGE_CURVE ( 'NONE', #2493, #1716, #6301, .T. ) ;
#5478 = LINE ( 'NONE', #4299, #6743 ) ;
#5479 = DIRECTION ( 'NONE',  ( 1.000000000000000000, 0.0000000000000000000, -1.224646799147353207E-16 ) ) ;
#5480 = PLANE ( 'NONE',  #6402 ) ;
#5481 = CARTESIAN_POINT ( 'NONE',  ( -14.87499996012499359, -12.30000000000000071, -10.62499999999996803 ) ) ;
#5482 = CARTESIAN_POINT ( 'NONE',  ( 14.34999999999999609, -12.59999999999999964, 12.15000000000001279 ) ) ;
#5483 = ORIENTED_EDGE ( 'NONE', *, *, #3190, .T. ) ;
#5484 = CARTESIAN_POINT ( 'NONE',  ( -6.543801589100884719, -15.88748478165548761, 7.174969563310972021 ) ) ;
#5485 = FACE_OUTER_BOUND ( 'NONE', #381, .T. ) ;
#5486 = EDGE_CURVE ( 'NONE', #4140, #4052, #4664, .T. ) ;
#5487 = AXIS2_PLACEMENT_3D ( 'NONE', #1762, #11, #1655 ) ;
#5488 = ADVANCED_FACE ( 'NONE', ( #638 ), #5885, .F. ) ;
#5489 = VECTOR ( 'NONE', #6043, 1000.000000000000000 ) ;
#5490 = CARTESIAN_POINT ( 'NONE',  ( 0.2686831925543509136, -6.899999999999999467, 9.287454344966207032 ) ) ;
#5491 = ORIENTED_EDGE ( 'NONE', *, *, #4968, .F. ) ;
#5492 = ORIENTED_EDGE ( 'NONE', *, *, #4414, .F. ) ;
#5493 = DIRECTION ( 'NONE',  ( 1.000000000000000000, 0.0000000000000000000, 6.774548571579288900E-17 ) ) ;
#5494 = ORIENTED_EDGE ( 'NONE', *, *, #6692, .F. ) ;
#5495 = EDGE_CURVE ( 'NONE', #2039, #839, #4179, .T. ) ;
#5496 = DIRECTION ( 'NONE',  ( 5.304964758338859037E-17, 0.0000000000000000000, -1.000000000000000000 ) ) ;
#5497 = ADVANCED_FACE ( 'NONE', ( #4328 ), #4261, .T. ) ;
#5498 = AXIS2_PLACEMENT_3D ( 'NONE', #4939, #4378, #1555 ) ;
#5499 = CARTESIAN_POINT ( 'NONE',  ( -14.85000000000000675, -4.599999999999999645, 1.000000000000001554 ) ) ;
#5500 = DIRECTION ( 'NONE',  ( 1.000000000000000000, -9.637352644315584889E-16, 5.304964758338859037E-17 ) ) ;
#5501 = ORIENTED_EDGE ( 'NONE', *, *, #3046, .F. ) ;
#5502 = FACE_OUTER_BOUND ( 'NONE', #1839, .T. ) ;
#5503 = ADVANCED_FACE ( 'NONE', ( #4220 ), #5974, .F. ) ;
#5504 = UNCERTAINTY_MEASURE_WITH_UNIT (LENGTH_MEASURE( 1.000000000000000082E-05 ), #756, 'distance_accuracy_value', 'NONE');
#5505 = ORIENTED_EDGE ( 'NONE', *, *, #194, .T. ) ;
#5506 = CARTESIAN_POINT ( 'NONE',  ( -15.89999999999998792, -4.599999999999999645, 2.507463933457381874E-14 ) ) ;
#5507 = VECTOR ( 'NONE', #3208, 1000.000000000000000 ) ;
#5508 = FACE_OUTER_BOUND ( 'NONE', #5053, .T. ) ;
#5509 = PLANE ( 'NONE',  #2059 ) ;
#5510 = EDGE_LOOP ( 'NONE', ( #1199, #5993, #476, #5734 ) ) ;
#5511 = MECHANICAL_DESIGN_GEOMETRIC_PRESENTATION_REPRESENTATION (  '', ( #1791 ), #6471 ) ;
#5512 = DIRECTION ( 'NONE',  ( -0.0000000000000000000, 1.000000000000000000, -0.0000000000000000000 ) ) ;
#5513 = DIRECTION ( 'NONE',  ( 1.000000000000000000, 0.0000000000000000000, -0.0000000000000000000 ) ) ;
#5514 = FILL_AREA_STYLE_COLOUR ( '', #932 ) ;
#5515 = DIRECTION ( 'NONE',  ( 1.000000000000000000, 0.0000000000000000000, 6.774548571579288900E-17 ) ) ;
#5516 = FILL_AREA_STYLE_COLOUR ( '', #1198 ) ;
#5517 = CARTESIAN_POINT ( 'NONE',  ( 7.241003607157344035, -10.11055129483321835, -10.14999999999999503 ) ) ;
#5518 = VERTEX_POINT ( 'NONE', #1356 ) ;
#5519 = PLANE ( 'NONE',  #3030 ) ;
#5520 = PRESENTATION_STYLE_ASSIGNMENT (( #3715 ) ) ;
#5521 = COLOUR_RGB ( '',0.9686274509803921573, 0.9686274509803921573, 0.9686274509803921573 ) ;
#5522 = AXIS2_PLACEMENT_3D ( 'NONE', #5186, #3769, #6627 ) ;
#5523 = DIRECTION ( 'NONE',  ( 0.7071067811865230368, 0.7071067811865721087, 0.0000000000000000000 ) ) ;
#5524 = ADVANCED_FACE ( 'NONE', ( #6571 ), #2551, .T. ) ;
#5525 = LINE ( 'NONE', #423, #336 ) ;
#5526 = STYLED_ITEM ( 'NONE', ( #68 ), #6808 ) ;
#5527 = ORIENTED_EDGE ( 'NONE', *, *, #2545, .F. ) ;
#5528 = ORIENTED_EDGE ( 'NONE', *, *, #860, .T. ) ;
#5529 = DIRECTION ( 'NONE',  ( 0.7071067811865230368, -9.614813431917153481E-17, -0.7071067811865721087 ) ) ;
#5530 = EDGE_LOOP ( 'NONE', ( #2422, #261, #6718, #3226 ) ) ;
#5531 = EDGE_CURVE ( 'NONE', #789, #509, #6086, .T. ) ;
#5532 = FACE_OUTER_BOUND ( 'NONE', #1629, .T. ) ;
#5533 = EDGE_CURVE ( 'NONE', #4990, #287, #5936, .T. ) ;
#5534 = ADVANCED_FACE ( 'NONE', ( #6054 ), #1517, .F. ) ;
#5535 = DIRECTION ( 'NONE',  ( 0.0000000000000000000, 1.000000000000000000, -0.0000000000000000000 ) ) ;
#5536 = ORIENTED_EDGE ( 'NONE', *, *, #4233, .F. ) ;
#5537 = CARTESIAN_POINT ( 'NONE',  ( 1.262434294306123750, -6.400000000000000355, -11.14999999999999680 ) ) ;
#5538 = ORIENTED_EDGE ( 'NONE', *, *, #574, .F. ) ;
#5539 = SURFACE_STYLE_FILL_AREA ( #5879 ) ;
#5540 = STYLED_ITEM ( 'NONE', ( #3044 ), #4416 ) ;
#5541 = DIRECTION ( 'NONE',  ( -3.549511112383315657E-13, 0.0000000000000000000, 1.000000000000000000 ) ) ;
#5542 = ADVANCED_FACE ( 'NONE', ( #2513 ), #7132, .T. ) ;
#5543 = CARTESIAN_POINT ( 'NONE',  ( -14.87499996851786044, -12.30000000000000071, -5.724999986169929223 ) ) ;
#5544 = VECTOR ( 'NONE', #1799, 1000.000000000000000 ) ;
#5545 = VERTEX_POINT ( 'NONE', #6120 ) ;
#5546 = CARTESIAN_POINT ( 'NONE',  ( 6.819901017490917816, 1.971773733146600697E-15, -10.14999999999999503 ) ) ;
#5547 = PRESENTATION_STYLE_ASSIGNMENT (( #1551 ) ) ;
#5548 = VECTOR ( 'NONE', #3529, 1000.000000000000000 ) ;
#5549 = CIRCLE ( 'NONE', #1971, 2.000000000000000000 ) ;
#5550 = CARTESIAN_POINT ( 'NONE',  ( -13.39999982962541658, -6.899999999999999467, -6.950000010874969547 ) ) ;
#5551 = VECTOR ( 'NONE', #1048, 1000.000000000000000 ) ;
#5552 = FILL_AREA_STYLE_COLOUR ( '', #6062 ) ;
#5553 = DIRECTION ( 'NONE',  ( 0.0000000000000000000, -1.000000000000000000, 0.0000000000000000000 ) ) ;
#5554 = DIRECTION ( 'NONE',  ( 0.0000000000000000000, 0.0000000000000000000, -1.000000000000000000 ) ) ;
#5555 = ORIENTED_EDGE ( 'NONE', *, *, #6491, .F. ) ;
#5556 = CARTESIAN_POINT ( 'NONE',  ( -2.898977624452178914E-14, -6.899999999999999467, 10.86245434496621165 ) ) ;
#5557 = COLOUR_RGB ( '',0.0000000000000000000, 0.007843137254901960675, 0.02745098039215686236 ) ;
#5558 = VERTEX_POINT ( 'NONE', #2139 ) ;
#5559 = CARTESIAN_POINT ( 'NONE',  ( -14.97499996851770554, -6.899999999999999467, -5.074999986169908439 ) ) ;
#5560 = VECTOR ( 'NONE', #6713, 1000.000000000000000 ) ;
#5561 = DIRECTION ( 'NONE',  ( 1.000000000000000000, 0.0000000000000000000, 6.774548571579288900E-17 ) ) ;
#5562 = CIRCLE ( 'NONE', #5794, 1.000000000000001554 ) ;
#5563 = AXIS2_PLACEMENT_3D ( 'NONE', #6878, #4522, #5220 ) ;
#5564 = VECTOR ( 'NONE', #3217, 1000.000000000000000 ) ;
#5565 = CARTESIAN_POINT ( 'NONE',  ( 8.231076514468834183E-16, -9.689448705166794795, -12.14999999999999680 ) ) ;
#5566 = ORIENTED_EDGE ( 'NONE', *, *, #432, .F. ) ;
#5567 = VERTEX_POINT ( 'NONE', #4474 ) ;
#5568 =( LENGTH_UNIT ( ) NAMED_UNIT ( * ) SI_UNIT ( .MILLI., .METRE. ) );
#5569 = VECTOR ( 'NONE', #5561, 1000.000000000000000 ) ;
#5570 = ORIENTED_EDGE ( 'NONE', *, *, #5395, .T. ) ;
#5571 = AXIS2_PLACEMENT_3D ( 'NONE', #4466, #3219, #6781 ) ;
#5572 = EDGE_CURVE ( 'NONE', #3196, #4452, #5589, .T. ) ;
#5573 = FACE_OUTER_BOUND ( 'NONE', #1204, .T. ) ;
#5574 = STYLED_ITEM ( 'NONE', ( #3187 ), #481 ) ;
#5575 = AXIS2_PLACEMENT_3D ( 'NONE', #886, #3094, #3134 ) ;
#5576 = DIRECTION ( 'NONE',  ( -0.5773502691897127725, -0.5773502691896017502, 0.5773502691895626704 ) ) ;
#5577 = ORIENTED_EDGE ( 'NONE', *, *, #2828, .F. ) ;
#5578 = LINE ( 'NONE', #2689, #2569 ) ;
#5579 = PRODUCT_DEFINITION_CONTEXT ( 'detailed design', #184, 'design' ) ;
#5580 = EDGE_LOOP ( 'NONE', ( #5942, #6159, #3298, #5121 ) ) ;
#5581 = CARTESIAN_POINT ( 'NONE',  ( -2.898977624452178914E-14, -18.61923881554287519, 10.86245434496621165 ) ) ;
#5582 = ADVANCED_FACE ( 'NONE', ( #7264 ), #1688, .T. ) ;
#5583 = CARTESIAN_POINT ( 'NONE',  ( 3.068683192554345851, -6.899999999999999467, 9.287454344966207032 ) ) ;
#5584 = DIRECTION ( 'NONE',  ( 1.000000000000000000, -0.0000000000000000000, 2.615429240703412178E-13 ) ) ;
#5585 = ADVANCED_FACE ( 'NONE', ( #2171 ), #4433, .F. ) ;
#5586 = CARTESIAN_POINT ( 'NONE',  ( 7.965828276551891570E-16, -10.11055129483321835, -11.64999999999999680 ) ) ;
#5587 = DIRECTION ( 'NONE',  ( 0.5773502691895040506, 0.5773502691896981176, 0.5773502691896751360 ) ) ;
#5588 = VERTEX_POINT ( 'NONE', #6711 ) ;
#5589 = LINE ( 'NONE', #2241, #1727 ) ;
#5590 = EDGE_CURVE ( 'NONE', #5103, #5858, #4930, .T. ) ;
#5591 =( NAMED_UNIT ( * ) SI_UNIT ( $, .STERADIAN. ) SOLID_ANGLE_UNIT ( ) );
#5592 =( NAMED_UNIT ( * ) PLANE_ANGLE_UNIT ( ) SI_UNIT ( $, .RADIAN. ) );
#5593 = LINE ( 'NONE', #2767, #6398 ) ;
#5594 = ORIENTED_EDGE ( 'NONE', *, *, #6189, .F. ) ;
#5595 = CYLINDRICAL_SURFACE ( 'NONE', #4461, 2.000000000000008882 ) ;
#5596 = DIRECTION ( 'NONE',  ( 2.891205793294677833E-16, -1.000000000000000000, 0.0000000000000000000 ) ) ;
#5597 = CARTESIAN_POINT ( 'NONE',  ( 1.493683192554346117, -12.30000000000000071, 10.76245434496621733 ) ) ;
#5598 = ORIENTED_EDGE ( 'NONE', *, *, #4839, .T. ) ;
#5599 = DIRECTION ( 'NONE',  ( -1.000000000000000000, 0.0000000000000000000, -2.668805347656626481E-15 ) ) ;
#5600 = ORIENTED_EDGE ( 'NONE', *, *, #4602, .T. ) ;
#5601 = DIRECTION ( 'NONE',  ( -2.668805347656532354E-13, 0.0000000000000000000, 1.000000000000000000 ) ) ;
#5602 = CARTESIAN_POINT ( 'NONE',  ( 0.0000000000000000000, -6.899999999999999467, 0.0000000000000000000 ) ) ;
#5603 = LINE ( 'NONE', #4415, #6659 ) ;
#5604 = VERTEX_POINT ( 'NONE', #1004 ) ;
#5605 = LINE ( 'NONE', #3310, #6632 ) ;
#5606 = ORIENTED_EDGE ( 'NONE', *, *, #7090, .T. ) ;
#5607 = ORIENTED_EDGE ( 'NONE', *, *, #6218, .F. ) ;
#5608 = CARTESIAN_POINT ( 'NONE',  ( -0.4893540843755938563, -6.400000000000000355, -10.14999999999999503 ) ) ;
#5609 = STYLED_ITEM ( 'NONE', ( #274 ), #1802 ) ;
#5610 = ORIENTED_EDGE ( 'NONE', *, *, #2050, .T. ) ;
#5611 = CARTESIAN_POINT ( 'NONE',  ( -1.987565705693877138, -9.900000000000002132, -11.14999999999999680 ) ) ;
#5612 = AXIS2_PLACEMENT_3D ( 'NONE', #2505, #5840, #4214 ) ;
#5613 = DIRECTION ( 'NONE',  ( -1.000000000000000000, 0.0000000000000000000, -6.774548571579288900E-17 ) ) ;
#5614 = CIRCLE ( 'NONE', #1306, 1.600000000000014522 ) ;
#5615 = ORIENTED_EDGE ( 'NONE', *, *, #5016, .T. ) ;
#5616 = PLANE ( 'NONE',  #2437 ) ;
#5617 = SURFACE_STYLE_FILL_AREA ( #3320 ) ;
#5618 = EDGE_CURVE ( 'NONE', #5400, #1942, #4402, .T. ) ;
#5619 = CARTESIAN_POINT ( 'NONE',  ( -11.42500020299949171, -6.899999999999999467, -11.42499978884426781 ) ) ;
#5620 = VERTEX_POINT ( 'NONE', #1624 ) ;
#5621 = EDGE_CURVE ( 'NONE', #1217, #3303, #5086, .T. ) ;
#5622 = CARTESIAN_POINT ( 'NONE',  ( -8.594011564216394561, -5.599999999999999645, -3.107656175016917821 ) ) ;
#5623 = DIRECTION ( 'NONE',  ( 0.0000000000000000000, -1.000000000000000000, 0.0000000000000000000 ) ) ;
#5624 = LINE ( 'NONE', #5046, #5560 ) ;
#5625 = VERTEX_POINT ( 'NONE', #6194 ) ;
#5626 = ADVANCED_FACE ( 'NONE', ( #1654 ), #3328, .F. ) ;
#5627 = AXIS2_PLACEMENT_3D ( 'NONE', #4143, #4776, #668 ) ;
#5628 = EDGE_CURVE ( 'NONE', #5558, #2040, #1100, .T. ) ;
#5629 = DIRECTION ( 'NONE',  ( -0.0000000000000000000, 1.000000000000000000, -0.0000000000000000000 ) ) ;
#5630 = ORIENTED_EDGE ( 'NONE', *, *, #2146, .T. ) ;
#5631 = DIRECTION ( 'NONE',  ( 2.615429240703412178E-13, 0.0000000000000000000, -1.000000000000000000 ) ) ;
#5632 = ORIENTED_EDGE ( 'NONE', *, *, #2312, .F. ) ;
#5633 = FACE_OUTER_BOUND ( 'NONE', #3265, .T. ) ;
#5634 =( NAMED_UNIT ( * ) PLANE_ANGLE_UNIT ( ) SI_UNIT ( $, .RADIAN. ) );
#5635 = VECTOR ( 'NONE', #5958, 1000.000000000000000 ) ;
#5636 = CARTESIAN_POINT ( 'NONE',  ( 7.241003607157344035, 7.488015623777569931E-32, -11.14999999999999680 ) ) ;
#5637 = ORIENTED_EDGE ( 'NONE', *, *, #1817, .T. ) ;
#5638 = PLANE ( 'NONE',  #2682 ) ;
#5639 = EDGE_CURVE ( 'NONE', #4014, #313, #5658, .T. ) ;
#5640 = ORIENTED_EDGE ( 'NONE', *, *, #2070, .T. ) ;
#5641 = CARTESIAN_POINT ( 'NONE',  ( -15.90000000000000391, -4.599999999999999645, 0.0000000000000000000 ) ) ;
#5642 = EDGE_LOOP ( 'NONE', ( #2442, #4418, #3027, #3534 ) ) ;
#5643 = STYLED_ITEM ( 'NONE', ( #5520 ), #6644 ) ;
#5644 = VECTOR ( 'NONE', #7154, 1000.000000000000000 ) ;
#5645 = PLANE ( 'NONE',  #6165 ) ;
#5646 = AXIS2_PLACEMENT_3D ( 'NONE', #2500, #5923, #823 ) ;
#5647 = VERTEX_POINT ( 'NONE', #559 ) ;
#5648 = PLANE ( 'NONE',  #1214 ) ;
#5649 = DIRECTION ( 'NONE',  ( 2.668805347656626481E-15, 0.0000000000000000000, -1.000000000000000000 ) ) ;
#5650 = CARTESIAN_POINT ( 'NONE',  ( -5.237565705693876694, -6.400000000000000355, -10.14999999999999503 ) ) ;
#5651 = DIRECTION ( 'NONE',  ( -1.000000000000000000, 0.0000000000000000000, 0.0000000000000000000 ) ) ;
#5652 = VECTOR ( 'NONE', #3912, 1000.000000000000000 ) ;
#5653 = DIRECTION ( 'NONE',  ( -1.000000000000000000, 0.0000000000000000000, -6.672013369141553384E-16 ) ) ;
#5654 = EDGE_LOOP ( 'NONE', ( #4741, #7327, #3885, #4101 ) ) ;
#5655 = UNCERTAINTY_MEASURE_WITH_UNIT (LENGTH_MEASURE( 1.000000000000000082E-05 ), #7083, 'distance_accuracy_value', 'NONE');
#5656 = VECTOR ( 'NONE', #6096, 1000.000000000000000 ) ;
#5657 = VERTEX_POINT ( 'NONE', #3257 ) ;
#5658 = LINE ( 'NONE', #3362, #449 ) ;
#5659 = EDGE_CURVE ( 'NONE', #3675, #1591, #2113, .T. ) ;
#5660 = PLANE ( 'NONE',  #5487 ) ;
#5661 =( LENGTH_UNIT ( ) NAMED_UNIT ( * ) SI_UNIT ( .MILLI., .METRE. ) );
#5662 = VECTOR ( 'NONE', #2355, 1000.000000000000000 ) ;
#5663 = ORIENTED_EDGE ( 'NONE', *, *, #2958, .T. ) ;
#5664 = DIRECTION ( 'NONE',  ( 0.0000000000000000000, 0.0000000000000000000, 1.000000000000000000 ) ) ;
#5665 = DIRECTION ( 'NONE',  ( 0.0000000000000000000, 0.0000000000000000000, -1.000000000000000000 ) ) ;
#5666 =( LENGTH_UNIT ( ) NAMED_UNIT ( * ) SI_UNIT ( .MILLI., .METRE. ) );
#5667 = ORIENTED_EDGE ( 'NONE', *, *, #315, .T. ) ;
#5668 = FACE_BOUND ( 'NONE', #2414, .T. ) ;
#5669 = ORIENTED_EDGE ( 'NONE', *, *, #7015, .F. ) ;
#5670 = CARTESIAN_POINT ( 'NONE',  ( 8.530452312324126041, -10.11055129483321835, -10.14999999999999503 ) ) ;
#5671 = LINE ( 'NONE', #1213, #1720 ) ;
#5672 = STYLED_ITEM ( 'NONE', ( #2677 ), #3238 ) ;
#5673 = EDGE_CURVE ( 'NONE', #7271, #5380, #4975, .T. ) ;
#5674 = DIRECTION ( 'NONE',  ( 0.7071067811865721087, 0.7071067811865230368, 2.509883377463335417E-13 ) ) ;
#5675 = SURFACE_STYLE_FILL_AREA ( #1117 ) ;
#5676 = VECTOR ( 'NONE', #6202, 1000.000000000000227 ) ;
#5677 = EDGE_LOOP ( 'NONE', ( #4293, #6710 ) ) ;
#5678 = PLANE ( 'NONE',  #922 ) ;
#5679 = VECTOR ( 'NONE', #4084, 1000.000000000000000 ) ;
#5680 = LINE ( 'NONE', #2191, #2413 ) ;
#5681 = EDGE_CURVE ( 'NONE', #6299, #4153, #6931, .T. ) ;
#5682 = COLOUR_RGB ( '',0.0000000000000000000, 0.9372549019607843146, 0.3450980392156862697 ) ;
#5683 = DIRECTION ( 'NONE',  ( -1.000000000000000000, 0.0000000000000000000, 5.337610695312117003E-15 ) ) ;
#5684 = VECTOR ( 'NONE', #2449, 1000.000000000000000 ) ;
#5685 = CARTESIAN_POINT ( 'NONE',  ( -13.39999957768851324, -4.599999999999999645, 4.857487996657364004E-07 ) ) ;
#5686 = VECTOR ( 'NONE', #5493, 1000.000000000000000 ) ;
#5687 = VERTEX_POINT ( 'NONE', #629 ) ;
#5688 = PRESENTATION_LAYER_ASSIGNMENT (  '', '', ( #2324 ) ) ;
#5689 =( NAMED_UNIT ( * ) PLANE_ANGLE_UNIT ( ) SI_UNIT ( $, .RADIAN. ) );
#5690 = VECTOR ( 'NONE', #1170, 1000.000000000000000 ) ;
#5691 = CARTESIAN_POINT ( 'NONE',  ( 0.1145013075429125032, -15.82081811498881407, 7.241636229977640227 ) ) ;
#5692 = CARTESIAN_POINT ( 'NONE',  ( -3.487565705693870921, -10.11055129483321835, -12.14999999999999680 ) ) ;
#5693 = VERTEX_POINT ( 'NONE', #1726 ) ;
#5694 = CARTESIAN_POINT ( 'NONE',  ( -0.4875657056938695888, -10.11055129483321835, -11.64999999999999680 ) ) ;
#5695 = CARTESIAN_POINT ( 'NONE',  ( 1.654122574073665937E-06, -6.899999999999999467, -4.149993731382910944 ) ) ;
#5696 = DIRECTION ( 'NONE',  ( 0.0000000000000000000, -1.000000000000000000, 0.0000000000000000000 ) ) ;
#5697 = ORIENTED_EDGE ( 'NONE', *, *, #489, .T. ) ;
#5698 =( LENGTH_UNIT ( ) NAMED_UNIT ( * ) SI_UNIT ( .MILLI., .METRE. ) );
#5699 = CARTESIAN_POINT ( 'NONE',  ( -2.956316807445647399, -12.30000000000000071, 10.76245434496621201 ) ) ;
#5700 = EDGE_CURVE ( 'NONE', #178, #2132, #5839, .T. ) ;
#5701 = ORIENTED_EDGE ( 'NONE', *, *, #5215, .T. ) ;
#5702 = SURFACE_SIDE_STYLE ('',( #6478 ) ) ;
#5703 = ORIENTED_EDGE ( 'NONE', *, *, #1730, .F. ) ;
#5704 = DIRECTION ( 'NONE',  ( 5.304964758338859037E-17, 0.0000000000000000000, -1.000000000000000000 ) ) ;
#5705 = CARTESIAN_POINT ( 'NONE',  ( -11.50000000000000000, -0.09999999999999592548, -11.40000000000000924 ) ) ;
#5706 = ORIENTED_EDGE ( 'NONE', *, *, #6858, .F. ) ;
#5707 = CARTESIAN_POINT ( 'NONE',  ( 8.530452312324126041, 7.488015623777569931E-32, -11.14999999999999680 ) ) ;
#5708 = EDGE_LOOP ( 'NONE', ( #1639, #4535, #1918 ) ) ;
#5709 = CARTESIAN_POINT ( 'NONE',  ( 11.49999999999999822, -3.000000000000000000, 11.50000000000000178 ) ) ;
#5710 = EDGE_CURVE ( 'NONE', #879, #6827, #3996, .T. ) ;
#5711 = ORIENTED_EDGE ( 'NONE', *, *, #2316, .F. ) ;
#5712 = CARTESIAN_POINT ( 'NONE',  ( -16.35000000000000853, -4.599999999999999645, -12.14999999999999858 ) ) ;
#5713 = FACE_OUTER_BOUND ( 'NONE', #878, .T. ) ;
#5714 = EDGE_CURVE ( 'NONE', #6508, #1301, #6898, .T. ) ;
#5715 = CARTESIAN_POINT ( 'NONE',  ( 11.39999999999999503, 0.0000000000000000000, 11.39999999999999858 ) ) ;
#5716 = FACE_OUTER_BOUND ( 'NONE', #2143, .T. ) ;
#5717 = SURFACE_STYLE_FILL_AREA ( #3429 ) ;
#5718 = EDGE_CURVE ( 'NONE', #5130, #5076, #1173, .T. ) ;
#5719 = ADVANCED_FACE ( 'NONE', ( #6861 ), #179, .F. ) ;
#5720 = EDGE_LOOP ( 'NONE', ( #7315, #6579, #6433, #5836 ) ) ;
#5721 =( LENGTH_UNIT ( ) NAMED_UNIT ( * ) SI_UNIT ( .MILLI., .METRE. ) );
#5722 = CARTESIAN_POINT ( 'NONE',  ( 9.418078673088574604, -5.599999999999999645, 0.0000000000000000000 ) ) ;
#5723 = STYLED_ITEM ( 'NONE', ( #4373 ), #1906 ) ;
#5724 = CARTESIAN_POINT ( 'NONE',  ( -4.043801589100896265, -15.88748478165549116, 7.174969563310960474 ) ) ;
#5725 = CARTESIAN_POINT ( 'NONE',  ( 11.40000000000000213, -3.000000000000000000, 11.50000000000000178 ) ) ;
#5726 = AXIS2_PLACEMENT_3D ( 'NONE', #1721, #3913, #3394 ) ;
#5727 = EDGE_CURVE ( 'NONE', #839, #7160, #2307, .T. ) ;
#5728 = EDGE_LOOP ( 'NONE', ( #6026, #4065, #6198, #1021 ) ) ;
#5729 = ORIENTED_EDGE ( 'NONE', *, *, #3792, .F. ) ;
#5730 = FACE_OUTER_BOUND ( 'NONE', #4198, .T. ) ;
#5731 = PRESENTATION_LAYER_ASSIGNMENT (  '', '', ( #4628 ) ) ;
#5732 = CARTESIAN_POINT ( 'NONE',  ( -1.631316807445650996, -6.899999999999999467, 9.287454344966207032 ) ) ;
#5733 = LINE ( 'NONE', #599, #223 ) ;
#5734 = ORIENTED_EDGE ( 'NONE', *, *, #5067, .F. ) ;
#5735 = LINE ( 'NONE', #2175, #2318 ) ;
#5736 = DIRECTION ( 'NONE',  ( -1.000000000000000000, 0.0000000000000000000, 0.0000000000000000000 ) ) ;
#5737 = DIRECTION ( 'NONE',  ( -1.000000000000000000, 0.0000000000000000000, 7.885106708985470298E-16 ) ) ;
#5738 = ORIENTED_EDGE ( 'NONE', *, *, #5443, .F. ) ;
#5739 = ORIENTED_EDGE ( 'NONE', *, *, #6957, .F. ) ;
#5740 = CARTESIAN_POINT ( 'NONE',  ( 9.418078673088574604, -4.599999999999999645, 4.300192520074537228 ) ) ;
#5741 = PLANE ( 'NONE',  #1126 ) ;
#5742 = FACE_OUTER_BOUND ( 'NONE', #2251, .T. ) ;
#5743 = VECTOR ( 'NONE', #6686, 1000.000000000000000 ) ;
#5744 = PLANE ( 'NONE',  #569 ) ;
#5745 = CARTESIAN_POINT ( 'NONE',  ( -3.506316807445652106, -18.61923881554287519, 10.21245434496620774 ) ) ;
#5746 = ORIENTED_EDGE ( 'NONE', *, *, #4839, .F. ) ;
#5747 = FILL_AREA_STYLE_COLOUR ( '', #6387 ) ;
#5748 = SURFACE_SIDE_STYLE ('',( #1263 ) ) ;
#5749 = EDGE_CURVE ( 'NONE', #5982, #6074, #5152, .T. ) ;
#5750 = DIRECTION ( 'NONE',  ( 3.336006684570785074E-16, 0.0000000000000000000, -1.000000000000000000 ) ) ;
#5751 = FACE_OUTER_BOUND ( 'NONE', #58, .T. ) ;
#5752 = ORIENTED_EDGE ( 'NONE', *, *, #1510, .T. ) ;
#5753 = LINE ( 'NONE', #2377, #6122 ) ;
#5754 = CARTESIAN_POINT ( 'NONE',  ( 11.40000000000000213, -3.000000000000000000, 11.50000000000000178 ) ) ;
#5755 = VECTOR ( 'NONE', #7024, 1000.000000000000000 ) ;
#5756 = EDGE_CURVE ( 'NONE', #4694, #290, #2902, .T. ) ;
#5757 = LINE ( 'NONE', #5691, #4624 ) ;
#5758 = EDGE_CURVE ( 'NONE', #4406, #3443, #5200, .T. ) ;
#5759 = ORIENTED_EDGE ( 'NONE', *, *, #5004, .F. ) ;
#5760 = ORIENTED_EDGE ( 'NONE', *, *, #2905, .T. ) ;
#5761 = CARTESIAN_POINT ( 'NONE',  ( -2.806141161996384163E-15, -13.40000000000000036, -11.14999999999999680 ) ) ;
#5762 = ADVANCED_FACE ( 'NONE', ( #3436 ), #2382, .F. ) ;
#5763 = ADVANCED_FACE ( 'NONE', ( #5730 ), #4579, .T. ) ;
#5764 = DIRECTION ( 'NONE',  ( -5.304964758338859037E-17, 0.0000000000000000000, 1.000000000000000000 ) ) ;
#5765 = VERTEX_POINT ( 'NONE', #1277 ) ;
#5766 = CARTESIAN_POINT ( 'NONE',  ( 7.553621657310904677E-16, -4.599999999999999645, -11.14999999999999680 ) ) ;
#5767 = CARTESIAN_POINT ( 'NONE',  ( 14.85000000000000675, -8.400000000000000355, -1.000000000000003331 ) ) ;
#5768 = AXIS2_PLACEMENT_3D ( 'NONE', #5136, #4016, #6313 ) ;
#5769 = EDGE_LOOP ( 'NONE', ( #6570, #2768 ) ) ;
#5770 = ORIENTED_EDGE ( 'NONE', *, *, #1609, .F. ) ;
#5771 = DIRECTION ( 'NONE',  ( 0.0000000000000000000, -0.0000000000000000000, -1.000000000000000000 ) ) ;
#5772 = LINE ( 'NONE', #53, #1834 ) ;
#5773 = LINE ( 'NONE', #129, #3992 ) ;
#5774 = COLOUR_RGB ( '',0.7921568627450980005, 0.8196078431372548767, 0.9333333333333333481 ) ;
#5775 = ORIENTED_EDGE ( 'NONE', *, *, #2958, .F. ) ;
#5776 = VERTEX_POINT ( 'NONE', #6362 ) ;
#5777 = ORIENTED_EDGE ( 'NONE', *, *, #4183, .F. ) ;
#5778 = AXIS2_PLACEMENT_3D ( 'NONE', #350, #3554, #6055 ) ;
#5779 = LINE ( 'NONE', #5860, #59 ) ;
#5780 = LINE ( 'NONE', #5223, #3514 ) ;
#5781 = VECTOR ( 'NONE', #2087, 1000.000000000000000 ) ;
#5782 = STYLED_ITEM ( 'NONE', ( #2743 ), #5012 ) ;
#5783 = CARTESIAN_POINT ( 'NONE',  ( -6.709385576205949775, -4.599999999999999645, 6.709385576205803225 ) ) ;
#5784 = VECTOR ( 'NONE', #5463, 1000.000000000000000 ) ;
#5785 = FACE_OUTER_BOUND ( 'NONE', #834, .T. ) ;
#5786 = VECTOR ( 'NONE', #5283, 1000.000000000000000 ) ;
#5787 = EDGE_CURVE ( 'NONE', #6827, #2344, #1312, .T. ) ;
#5788 = VERTEX_POINT ( 'NONE', #5802 ) ;
#5789 = VECTOR ( 'NONE', #1361, 1000.000000000000114 ) ;
#5790 = VECTOR ( 'NONE', #4943, 1000.000000000000000 ) ;
#5791 = LINE ( 'NONE', #6474, #544 ) ;
#5792 = VECTOR ( 'NONE', #1894, 1000.000000000000000 ) ;
#5793 = CARTESIAN_POINT ( 'NONE',  ( 8.873110579618203757E-13, -18.61923881554287519, -10.07499999999860485 ) ) ;
#5794 = AXIS2_PLACEMENT_3D ( 'NONE', #3667, #4169, #2542 ) ;
#5795 = TOROIDAL_SURFACE ( 'NONE', #6884, 1.599999999999999645, 0.4000000000000000222 ) ;
#5796 = AXIS2_PLACEMENT_3D ( 'NONE', #6947, #6915, #5133 ) ;
#5797 = EDGE_CURVE ( 'NONE', #4421, #3779, #2423, .T. ) ;
#5798 = VECTOR ( 'NONE', #6072, 1000.000000000000000 ) ;
#5799 = EDGE_LOOP ( 'NONE', ( #5889, #5538, #3204, #6897 ) ) ;
#5800 = VECTOR ( 'NONE', #2471, 1000.000000000000000 ) ;
#5801 = UNCERTAINTY_MEASURE_WITH_UNIT (LENGTH_MEASURE( 1.000000000000000082E-05 ), #2875, 'distance_accuracy_value', 'NONE');
#5802 = CARTESIAN_POINT ( 'NONE',  ( -11.40000000000000568, -3.000000000000000000, -11.50000000000000000 ) ) ;
#5803 = CARTESIAN_POINT ( 'NONE',  ( 0.5686831925543465172, -6.899999999999999467, 11.48745434496620987 ) ) ;
#5804 = LINE ( 'NONE', #6295, #4954 ) ;
#5805 = ORIENTED_EDGE ( 'NONE', *, *, #2058, .F. ) ;
#5806 = PLANE ( 'NONE',  #5575 ) ;
#5807 = DIRECTION ( 'NONE',  ( 2.054980117695600852E-13, 0.0000000000000000000, 1.000000000000000000 ) ) ;
#5808 = DIRECTION ( 'NONE',  ( 0.0000000000000000000, -1.000000000000000000, 0.0000000000000000000 ) ) ;
#5809 = ADVANCED_FACE ( 'NONE', ( #4695 ), #5274, .F. ) ;
#5810 = ORIENTED_EDGE ( 'NONE', *, *, #4864, .T. ) ;
#5811 = EDGE_CURVE ( 'NONE', #259, #5400, #2833, .T. ) ;
#5812 = ORIENTED_EDGE ( 'NONE', *, *, #3192, .T. ) ;
#5813 = LINE ( 'NONE', #5163, #5786 ) ;
#5814 = CARTESIAN_POINT ( 'NONE',  ( 7.170083562801061759E-16, -6.400000000000000355, -10.14999999999999503 ) ) ;
#5815 = FILL_AREA_STYLE_COLOUR ( '', #1158 ) ;
#5816 = DIRECTION ( 'NONE',  ( 0.0000000000000000000, 0.0000000000000000000, 1.000000000000000000 ) ) ;
#5817 = DIRECTION ( 'NONE',  ( -0.0000000000000000000, 1.000000000000000000, -0.0000000000000000000 ) ) ;
#5818 = CARTESIAN_POINT ( 'NONE',  ( 1.593683192554341543, -12.30000000000000071, 10.76245434496621733 ) ) ;
#5819 = CARTESIAN_POINT ( 'NONE',  ( 16.34999999999999787, -4.599999999999999645, -12.14999999999999680 ) ) ;
#5820 = ORIENTED_EDGE ( 'NONE', *, *, #305, .F. ) ;
#5821 = EDGE_CURVE ( 'NONE', #2953, #427, #2274, .T. ) ;
#5822 =( LENGTH_UNIT ( ) NAMED_UNIT ( * ) SI_UNIT ( .MILLI., .METRE. ) );
#5823 = DIRECTION ( 'NONE',  ( 1.000000000000000000, -1.239088197126291063E-16, 5.304964758338859037E-17 ) ) ;
#5824 =( NAMED_UNIT ( * ) PLANE_ANGLE_UNIT ( ) SI_UNIT ( $, .RADIAN. ) );
#5825 = LINE ( 'NONE', #2967, #5444 ) ;
#5826 = CARTESIAN_POINT ( 'NONE',  ( -14.35000000000000320, -12.59999999999999964, 10.15000000000000391 ) ) ;
#5827 = ORIENTED_EDGE ( 'NONE', *, *, #907, .F. ) ;
#5828 =( NAMED_UNIT ( * ) PLANE_ANGLE_UNIT ( ) SI_UNIT ( $, .RADIAN. ) );
#5829 = CARTESIAN_POINT ( 'NONE',  ( 9.418078673088574604, -5.599999999999999645, 4.300192520074537228 ) ) ;
#5830 = ORIENTED_EDGE ( 'NONE', *, *, #1013, .F. ) ;
#5831 = FACE_OUTER_BOUND ( 'NONE', #7307, .T. ) ;
#5832 = DIRECTION ( 'NONE',  ( 0.0000000000000000000, 0.0000000000000000000, -1.000000000000000000 ) ) ;
#5833 = STYLED_ITEM ( 'NONE', ( #4225 ), #1824 ) ;
#5834 = LINE ( 'NONE', #5872, #1859 ) ;
#5835 =( GEOMETRIC_REPRESENTATION_CONTEXT ( 3 ) GLOBAL_UNCERTAINTY_ASSIGNED_CONTEXT ( ( #6327 ) ) GLOBAL_UNIT_ASSIGNED_CONTEXT ( ( #6681, #2044, #7199 ) ) REPRESENTATION_CONTEXT ( 'NONE', 'WORKASPACE' ) );
#5836 = ORIENTED_EDGE ( 'NONE', *, *, #5910, .F. ) ;
#5837 = DIRECTION ( 'NONE',  ( 0.0000000000000000000, -0.0000000000000000000, -1.000000000000000000 ) ) ;
#5838 = ORIENTED_EDGE ( 'NONE', *, *, #3424, .T. ) ;
#5839 = LINE ( 'NONE', #2345, #1262 ) ;
#5840 = DIRECTION ( 'NONE',  ( -0.0000000000000000000, 1.000000000000000000, -0.0000000000000000000 ) ) ;
#5841 = DIRECTION ( 'NONE',  ( -0.0000000000000000000, 0.0000000000000000000, -1.000000000000000000 ) ) ;
#5842 = AXIS2_PLACEMENT_3D ( 'NONE', #265, #5969, #3103 ) ;
#5843 = ORIENTED_EDGE ( 'NONE', *, *, #2467, .F. ) ;
#5844 = LINE ( 'NONE', #3839, #4238 ) ;
#5845 = DIRECTION ( 'NONE',  ( 0.0000000000000000000, -1.000000000000000000, 0.0000000000000000000 ) ) ;
#5846 = EDGE_CURVE ( 'NONE', #5873, #185, #1349, .T. ) ;
#5847 = VERTEX_POINT ( 'NONE', #5431 ) ;
#5848 = ORIENTED_EDGE ( 'NONE', *, *, #1685, .T. ) ;
#5849 = CARTESIAN_POINT ( 'NONE',  ( -3.388661925320125054E-14, -8.399999999999971934, -10.14999999999999503 ) ) ;
#5850 = PLANE ( 'NONE',  #2942 ) ;
#5851 = ADVANCED_FACE ( 'NONE', ( #377 ), #6522, .F. ) ;
#5852 = ORIENTED_EDGE ( 'NONE', *, *, #6858, .T. ) ;
#5853 = VECTOR ( 'NONE', #5123, 1000.000000000000000 ) ;
#5854 = CARTESIAN_POINT ( 'NONE',  ( 2.614501307542915765, -15.82081811498880697, 7.241636229977654438 ) ) ;
#5855 = CARTESIAN_POINT ( 'NONE',  ( -2.231316807445653083, -6.899999999999999467, 9.287454344966207032 ) ) ;
#5856 = DIRECTION ( 'NONE',  ( 0.7071067811865291430, 0.0000000000000000000, -0.7071067811865660024 ) ) ;
#5857 = SURFACE_STYLE_USAGE ( .BOTH. , #2998 ) ;
#5858 = VERTEX_POINT ( 'NONE', #931 ) ;
#5859 = SURFACE_SIDE_STYLE ('',( #3676 ) ) ;
#5860 = CARTESIAN_POINT ( 'NONE',  ( 0.2124342943061220679, -9.900000000000002132, -11.14999999999999680 ) ) ;
#5861 = CARTESIAN_POINT ( 'NONE',  ( 6.819901017490917816, 1.971773733146600697E-15, -10.14999999999999503 ) ) ;
#5862 = PLANE ( 'NONE',  #2800 ) ;
#5863 = EDGE_CURVE ( 'NONE', #4437, #1047, #1912, .T. ) ;
#5864 = CARTESIAN_POINT ( 'NONE',  ( -8.594011564216394561, -4.599999999999999645, 6.398369318106219339 ) ) ;
#5865 = ORIENTED_EDGE ( 'NONE', *, *, #894, .T. ) ;
#5866 = ORIENTED_EDGE ( 'NONE', *, *, #1519, .T. ) ;
#5867 = LINE ( 'NONE', #1378, #2439 ) ;
#5868 = PLANE ( 'NONE',  #4341 ) ;
#5869 = ORIENTED_EDGE ( 'NONE', *, *, #6189, .T. ) ;
#5870 = LINE ( 'NONE', #6286, #997 ) ;
#5871 = FILL_AREA_STYLE_COLOUR ( '', #299 ) ;
#5872 = CARTESIAN_POINT ( 'NONE',  ( -14.32499993203352595, -6.899999999999999467, -3.823063642379053100E-12 ) ) ;
#5873 = VERTEX_POINT ( 'NONE', #1468 ) ;
#5874 = SURFACE_STYLE_USAGE ( .BOTH. , #5702 ) ;
#5875 = AXIS2_PLACEMENT_3D ( 'NONE', #7260, #5193, #6741 ) ;
#5876 = AXIS2_PLACEMENT_3D ( 'NONE', #4249, #3173, #4280 ) ;
#5877 = UNCERTAINTY_MEASURE_WITH_UNIT (LENGTH_MEASURE( 1.000000000000000082E-05 ), #1554, 'distance_accuracy_value', 'NONE');
#5878 = ORIENTED_EDGE ( 'NONE', *, *, #7061, .T. ) ;
#5879 = FILL_AREA_STYLE ('',( #1504 ) ) ;
#5880 = DIRECTION ( 'NONE',  ( 0.0000000000000000000, 0.0000000000000000000, 1.000000000000000000 ) ) ;
#5881 = ORIENTED_EDGE ( 'NONE', *, *, #3064, .F. ) ;
#5882 = CYLINDRICAL_SURFACE ( 'NONE', #6893, 2.000000000000000000 ) ;
#5883 = ORIENTED_EDGE ( 'NONE', *, *, #4667, .T. ) ;
#5884 = EDGE_LOOP ( 'NONE', ( #6877, #6244, #6656, #2803, #5770, #3116, #1355, #4002 ) ) ;
#5885 = PLANE ( 'NONE',  #3163 ) ;
#5886 = EDGE_CURVE ( 'NONE', #5625, #4108, #4352, .T. ) ;
#5887 = DIRECTION ( 'NONE',  ( 3.624991326682406617E-08, 0.0000000000000000000, 0.9999999999999993339 ) ) ;
#5888 = FILL_AREA_STYLE ('',( #6014 ) ) ;
#5889 = ORIENTED_EDGE ( 'NONE', *, *, #1099, .T. ) ;
#5890 = STYLED_ITEM ( 'NONE', ( #3497 ), #6899 ) ;
#5891 = CARTESIAN_POINT ( 'NONE',  ( 6.028068768760273421, -4.599999999999999645, 6.028068768760381779 ) ) ;
#5892 = DIRECTION ( 'NONE',  ( -1.000000000000000000, 0.0000000000000000000, -3.202566417188799645E-14 ) ) ;
#5893 = CARTESIAN_POINT ( 'NONE',  ( -11.50000000000000000, -3.000000000000000000, 11.40000000000000568 ) ) ;
#5894 = CARTESIAN_POINT ( 'NONE',  ( 7.965828276551891570E-16, 7.488015623777569931E-32, -11.64999999999999680 ) ) ;
#5895 = VERTEX_POINT ( 'NONE', #3621 ) ;
#5896 = CARTESIAN_POINT ( 'NONE',  ( -15.90000000000000391, -4.599999999999999645, -6.949999999999989519 ) ) ;
#5897 = CARTESIAN_POINT ( 'NONE',  ( 16.34999999999999787, -4.599999999999999645, -12.14999999999999680 ) ) ;
#5898 = ADVANCED_FACE ( 'NONE', ( #2035 ), #3100, .F. ) ;
#5899 = FILL_AREA_STYLE ('',( #4236 ) ) ;
#5900 = LINE ( 'NONE', #3943, #1993 ) ;
#5901 = AXIS2_PLACEMENT_3D ( 'NONE', #4192, #6581, #6502 ) ;
#5902 = EDGE_CURVE ( 'NONE', #2040, #6477, #4320, .T. ) ;
#5903 = CARTESIAN_POINT ( 'NONE',  ( 2.043683192554349937, -12.30000000000000071, 10.86245434496621343 ) ) ;
#5904 = CARTESIAN_POINT ( 'NONE',  ( -10.39999994562513486, -12.59999999999999964, -10.14999999999999858 ) ) ;
#5905 = ORIENTED_EDGE ( 'NONE', *, *, #3997, .T. ) ;
#5906 = AXIS2_PLACEMENT_3D ( 'NONE', #5937, #2552, #1959 ) ;
#5907 = CARTESIAN_POINT ( 'NONE',  ( -2.274999954687495496, -4.599999999999999645, 2.274999954687535020 ) ) ;
#5908 = CARTESIAN_POINT ( 'NONE',  ( -10.39999994562513486, -12.20000000000000107, -8.550000000000000711 ) ) ;
#5909 = CARTESIAN_POINT ( 'NONE',  ( -0.3563168074456526391, -6.899999999999999467, 10.21245434496620952 ) ) ;
#5910 = EDGE_CURVE ( 'NONE', #970, #7250, #4822, .T. ) ;
#5911 = ORIENTED_EDGE ( 'NONE', *, *, #6955, .F. ) ;
#5912 = CARTESIAN_POINT ( 'NONE',  ( 5.530452312324126041, -9.689448705166794795, -10.14999999999999503 ) ) ;
#5913 = ADVANCED_FACE ( 'NONE', ( #228 ), #340, .F. ) ;
#5914 = FACE_OUTER_BOUND ( 'NONE', #1348, .T. ) ;
#5915 = AXIS2_PLACEMENT_3D ( 'NONE', #5414, #4788, #2562 ) ;
#5916 = CARTESIAN_POINT ( 'NONE',  ( 7.241003607157344035, -8.400000000000000355, -10.14999999999999503 ) ) ;
#5917 = MECHANICAL_DESIGN_GEOMETRIC_PRESENTATION_REPRESENTATION (  '', ( #6641 ), #1250 ) ;
#5918 = VECTOR ( 'NONE', #1080, 1000.000000000000000 ) ;
#5919 = VECTOR ( 'NONE', #5816, 1000.000000000000000 ) ;
#5920 = STYLED_ITEM ( 'NONE', ( #4732 ), #5106 ) ;
#5921 = ORIENTED_EDGE ( 'NONE', *, *, #1189, .F. ) ;
#5922 = CARTESIAN_POINT ( 'NONE',  ( 9.230452312324132436, -9.900000000000003908, -11.14999999999999680 ) ) ;
#5923 = DIRECTION ( 'NONE',  ( 0.0000000000000000000, -1.000000000000000000, 0.0000000000000000000 ) ) ;
#5924 = VERTEX_POINT ( 'NONE', #2000 ) ;
#5925 = DIRECTION ( 'NONE',  ( 0.7071067811865721087, 0.7071067811865230368, 0.0000000000000000000 ) ) ;
#5926 = CIRCLE ( 'NONE', #1033, 8.201829064300508065 ) ;
#5927 = VECTOR ( 'NONE', #1431, 1000.000000000000000 ) ;
#5928 = PRESENTATION_LAYER_ASSIGNMENT (  '', '', ( #2577 ) ) ;
#5929 = VECTOR ( 'NONE', #4843, 1000.000000000000000 ) ;
#5930 = ORIENTED_EDGE ( 'NONE', *, *, #1132, .T. ) ;
#5931 = VECTOR ( 'NONE', #7302, 1000.000000000000000 ) ;
#5932 = PRESENTATION_LAYER_ASSIGNMENT (  '', '', ( #2808 ) ) ;
#5933 = PLANE ( 'NONE',  #7246 ) ;
#5934 = ORIENTED_EDGE ( 'NONE', *, *, #907, .T. ) ;
#5935 = ORIENTED_EDGE ( 'NONE', *, *, #3280, .T. ) ;
#5936 = LINE ( 'NONE', #3070, #6051 ) ;
#5937 = CARTESIAN_POINT ( 'NONE',  ( -4.624505768515902265E-14, -11.39999999999997193, -10.14999999999999503 ) ) ;
#5938 =( NAMED_UNIT ( * ) PLANE_ANGLE_UNIT ( ) SI_UNIT ( $, .RADIAN. ) );
#5939 = MECHANICAL_DESIGN_GEOMETRIC_PRESENTATION_REPRESENTATION (  '', ( #2808 ), #4235 ) ;
#5940 = VECTOR ( 'NONE', #5587, 1000.000000000000000 ) ;
#5941 = EDGE_CURVE ( 'NONE', #2791, #6521, #4213, .T. ) ;
#5942 = ORIENTED_EDGE ( 'NONE', *, *, #4423, .F. ) ;
#5943 = CARTESIAN_POINT ( 'NONE',  ( -1.006316807445652328, -18.61923881554287519, 10.21245434496620952 ) ) ;
#5944 = DIRECTION ( 'NONE',  ( -0.7071067811865230368, -0.0000000000000000000, 0.7071067811865721087 ) ) ;
#5945 = LINE ( 'NONE', #1257, #5323 ) ;
#5946 = EDGE_LOOP ( 'NONE', ( #5468, #563, #6173, #1337 ) ) ;
#5947 = LINE ( 'NONE', #1412, #3359 ) ;
#5948 = PLANE ( 'NONE',  #547 ) ;
#5949 = DIRECTION ( 'NONE',  ( 1.000000000000000000, 0.0000000000000000000, 0.0000000000000000000 ) ) ;
#5950 = CARTESIAN_POINT ( 'NONE',  ( -1.931316807445652595, -4.599999999999999645, 9.587454344966207742 ) ) ;
#5951 = EDGE_CURVE ( 'NONE', #1645, #1293, #2686, .T. ) ;
#5952 = DIRECTION ( 'NONE',  ( 0.0000000000000000000, 0.0000000000000000000, 1.000000000000000000 ) ) ;
#5953 = ORIENTED_EDGE ( 'NONE', *, *, #422, .T. ) ;
#5954 = CARTESIAN_POINT ( 'NONE',  ( -2.198117000527087583, 7.488015623777569931E-32, -11.64999999999999680 ) ) ;
#5955 = DIRECTION ( 'NONE',  ( -1.000000000000000000, 0.0000000000000000000, 0.0000000000000000000 ) ) ;
#5956 = EDGE_CURVE ( 'NONE', #3578, #1219, #5562, .T. ) ;
#5957 = ORIENTED_EDGE ( 'NONE', *, *, #5659, .T. ) ;
#5958 = DIRECTION ( 'NONE',  ( 0.0000000000000000000, 1.000000000000000000, 0.0000000000000000000 ) ) ;
#5959 = CARTESIAN_POINT ( 'NONE',  ( 16.34999999999999787, -4.599999999999999645, 10.15000000000000391 ) ) ;
#5960 = DIRECTION ( 'NONE',  ( 0.0000000000000000000, 0.0000000000000000000, 1.000000000000000000 ) ) ;
#5961 = ADVANCED_FACE ( 'NONE', ( #3735 ), #5968, .F. ) ;
#5962 = EDGE_CURVE ( 'NONE', #6424, #2158, #7193, .T. ) ;
#5963 = LINE ( 'NONE', #5766, #3054 ) ;
#5964 = ORIENTED_EDGE ( 'NONE', *, *, #752, .F. ) ;
#5965 = PLANE ( 'NONE',  #6517 ) ;
#5966 = UNCERTAINTY_MEASURE_WITH_UNIT (LENGTH_MEASURE( 1.000000000000000082E-05 ), #6883, 'distance_accuracy_value', 'NONE');
#5967 = ORIENTED_EDGE ( 'NONE', *, *, #70, .T. ) ;
#5968 = PLANE ( 'NONE',  #2574 ) ;
#5969 = DIRECTION ( 'NONE',  ( -0.7071067811865455743, 0.0000000000000000000, 0.7071067811865495711 ) ) ;
#5970 = ORIENTED_EDGE ( 'NONE', *, *, #6592, .F. ) ;
#5971 = SURFACE_SIDE_STYLE ('',( #1955 ) ) ;
#5972 = ORIENTED_EDGE ( 'NONE', *, *, #3595, .T. ) ;
#5973 = ORIENTED_EDGE ( 'NONE', *, *, #507, .F. ) ;
#5974 = PLANE ( 'NONE',  #4096 ) ;
#5975 = FILL_AREA_STYLE ('',( #2990 ) ) ;
#5976 =( GEOMETRIC_REPRESENTATION_CONTEXT ( 3 ) GLOBAL_UNCERTAINTY_ASSIGNED_CONTEXT ( ( #5198 ) ) GLOBAL_UNIT_ASSIGNED_CONTEXT ( ( #1584, #5592, #1133 ) ) REPRESENTATION_CONTEXT ( 'NONE', 'WORKASPACE' ) );
#5977 = SURFACE_STYLE_USAGE ( .BOTH. , #1961 ) ;
#5978 = DIRECTION ( 'NONE',  ( -5.304964758338859037E-17, 0.0000000000000000000, 1.000000000000000000 ) ) ;
#5979 = CARTESIAN_POINT ( 'NONE',  ( -1.777014410860662252, 5.137714359448481921E-16, -11.64999999999999680 ) ) ;
#5980 = DIRECTION ( 'NONE',  ( 2.668805347656532354E-13, 0.0000000000000000000, -1.000000000000000000 ) ) ;
#5981 = CARTESIAN_POINT ( 'NONE',  ( -14.32499993203150623, -12.19999999999999751, -7.575000000000057909 ) ) ;
#5982 = VERTEX_POINT ( 'NONE', #2466 ) ;
#5983 = CARTESIAN_POINT ( 'NONE',  ( 0.0000000000000000000, 0.0000000000000000000, 0.0000000000000000000 ) ) ;
#5984 = FACE_OUTER_BOUND ( 'NONE', #5946, .T. ) ;
#5985 = FACE_OUTER_BOUND ( 'NONE', #1601, .T. ) ;
#5986 = LINE ( 'NONE', #7144, #4000 ) ;
#5987 = MECHANICAL_DESIGN_GEOMETRIC_PRESENTATION_REPRESENTATION (  '', ( #6219 ), #2847 ) ;
#5988 = DIRECTION ( 'NONE',  ( -2.891205793294677833E-16, 1.000000000000000000, -1.342363825506707313E-32 ) ) ;
#5989 = ORIENTED_EDGE ( 'NONE', *, *, #762, .T. ) ;
#5990 = ORIENTED_EDGE ( 'NONE', *, *, #7184, .T. ) ;
#5991 = PLANE ( 'NONE',  #3991 ) ;
#5992 = PLANE ( 'NONE',  #2933 ) ;
#5993 = ORIENTED_EDGE ( 'NONE', *, *, #5811, .F. ) ;
#5994 = PLANE ( 'NONE',  #6475 ) ;
#5995 = ADVANCED_FACE ( 'NONE', ( #4852 ), #6481, .F. ) ;
#5996 = DIRECTION ( 'NONE',  ( -0.0000000000000000000, 1.000000000000000000, 0.0000000000000000000 ) ) ;
#5997 = DIRECTION ( 'NONE',  ( 0.9999999999999994449, 0.0000000000000000000, -3.624991156526047424E-08 ) ) ;
#5998 = CARTESIAN_POINT ( 'NONE',  ( 14.34999999999999609, -12.59999999999999964, 10.15000000000000391 ) ) ;
#5999 = ORIENTED_EDGE ( 'NONE', *, *, #1600, .F. ) ;
#6000 = CARTESIAN_POINT ( 'NONE',  ( -13.69999990937522583, -6.899999999999999467, -6.649999999999994138 ) ) ;
#6001 = ORIENTED_EDGE ( 'NONE', *, *, #661, .T. ) ;
#6002 = DIRECTION ( 'NONE',  ( -0.0000000000000000000, 0.7071067811865230368, -0.7071067811865721087 ) ) ;
#6003 = ADVANCED_FACE ( 'NONE', ( #2067 ), #6635, .F. ) ;
#6004 = LINE ( 'NONE', #6600, #1112 ) ;
#6005 = ADVANCED_FACE ( 'NONE', ( #5001 ), #6660, .T. ) ;
#6006 = VECTOR ( 'NONE', #3431, 1000.000000000000000 ) ;
#6007 = DIRECTION ( 'NONE',  ( 0.0000000000000000000, 0.0000000000000000000, -1.000000000000000000 ) ) ;
#6008 = DIRECTION ( 'NONE',  ( 0.0000000000000000000, 0.0000000000000000000, 1.000000000000000000 ) ) ;
#6009 = CIRCLE ( 'NONE', #5876, 2.000000000000000000 ) ;
#6010 = ORIENTED_EDGE ( 'NONE', *, *, #6819, .F. ) ;
#6011 = EDGE_LOOP ( 'NONE', ( #2053, #6354, #2386, #1874 ) ) ;
#6012 = EDGE_CURVE ( 'NONE', #1293, #1645, #1390, .T. ) ;
#6013 = ADVANCED_FACE ( 'NONE', ( #4966 ), #3806, .F. ) ;
#6014 = FILL_AREA_STYLE_COLOUR ( '', #6206 ) ;
#6015 = VECTOR ( 'NONE', #1391, 1000.000000000000000 ) ;
#6016 = DIRECTION ( 'NONE',  ( -0.0000000000000000000, -1.000000000000000000, -0.0000000000000000000 ) ) ;
#6017 = SURFACE_STYLE_FILL_AREA ( #6653 ) ;
#6018 = PLANE ( 'NONE',  #2752 ) ;
#6019 = FACE_OUTER_BOUND ( 'NONE', #3671, .T. ) ;
#6020 = ORIENTED_EDGE ( 'NONE', *, *, #1414, .F. ) ;
#6021 = CARTESIAN_POINT ( 'NONE',  ( -2.198117000527087583, -9.689448705166794795, -11.64999999999999680 ) ) ;
#6022 = DIRECTION ( 'NONE',  ( -2.478176394252580648E-16, -1.000000000000000000, -2.295150217384448742E-32 ) ) ;
#6023 = CARTESIAN_POINT ( 'NONE',  ( -14.42499996851772259, -12.30000000000000071, -5.624999986169918920 ) ) ;
#6024 = STYLED_ITEM ( 'NONE', ( #5066 ), #4292 ) ;
#6025 = PLANE ( 'NONE',  #6153 ) ;
#6026 = ORIENTED_EDGE ( 'NONE', *, *, #4329, .F. ) ;
#6027 = VERTEX_POINT ( 'NONE', #2104 ) ;
#6028 = CARTESIAN_POINT ( 'NONE',  ( 11.40000000000000213, -0.09999999999999592548, 11.50000000000000178 ) ) ;
#6029 = PRESENTATION_STYLE_ASSIGNMENT (( #4201 ) ) ;
#6030 =( GEOMETRIC_REPRESENTATION_CONTEXT ( 3 ) GLOBAL_UNCERTAINTY_ASSIGNED_CONTEXT ( ( #5352 ) ) GLOBAL_UNIT_ASSIGNED_CONTEXT ( ( #360, #2484, #4753 ) ) REPRESENTATION_CONTEXT ( 'NONE', 'WORKASPACE' ) );
#6031 = ORIENTED_EDGE ( 'NONE', *, *, #6108, .T. ) ;
#6032 = LINE ( 'NONE', #811, #1454 ) ;
#6033 = DIRECTION ( 'NONE',  ( -3.269436954241216420E-49, 1.000000000000000000, 6.162975822039153361E-33 ) ) ;
#6034 = PRESENTATION_LAYER_ASSIGNMENT (  '', '', ( #5056 ) ) ;
#6035 = DIRECTION ( 'NONE',  ( 1.000000000000000000, -4.119479477319231864E-15, 6.774548571579288900E-17 ) ) ;
#6036 = EDGE_CURVE ( 'NONE', #1091, #3099, #2794, .T. ) ;
#6037 = ORIENTED_EDGE ( 'NONE', *, *, #3883, .F. ) ;
#6038 = CARTESIAN_POINT ( 'NONE',  ( 7.241003607157344035, -10.11055129483321835, -11.64999999999999680 ) ) ;
#6039 = COLOUR_RGB ( '',0.9686274509803921573, 0.9686274509803921573, 0.9686274509803921573 ) ;
#6040 = UNCERTAINTY_MEASURE_WITH_UNIT (LENGTH_MEASURE( 1.000000000000000082E-05 ), #213, 'distance_accuracy_value', 'NONE');
#6041 = EDGE_LOOP ( 'NONE', ( #374, #4919, #6814, #5810 ) ) ;
#6042 = DIRECTION ( 'NONE',  ( 1.000000000000000000, 0.0000000000000000000, 6.774548571579288900E-17 ) ) ;
#6043 = DIRECTION ( 'NONE',  ( 0.0000000000000000000, 1.000000000000000000, 0.0000000000000000000 ) ) ;
#6044 = AXIS2_PLACEMENT_3D ( 'NONE', #4638, #5262, #2407 ) ;
#6045 = VECTOR ( 'NONE', #5631, 1000.000000000000000 ) ;
#6046 = ORIENTED_EDGE ( 'NONE', *, *, #1915, .T. ) ;
#6047 = EDGE_CURVE ( 'NONE', #1437, #376, #2234, .T. ) ;
#6048 = CARTESIAN_POINT ( 'NONE',  ( 6.819901017490917816, 1.971773733146600697E-15, -11.14999999999999680 ) ) ;
#6049 = DIRECTION ( 'NONE',  ( -1.000000000000000000, 0.0000000000000000000, 0.0000000000000000000 ) ) ;
#6050 = ORIENTED_EDGE ( 'NONE', *, *, #2504, .F. ) ;
#6051 = VECTOR ( 'NONE', #3147, 1000.000000000000000 ) ;
#6052 = EDGE_CURVE ( 'NONE', #4782, #5982, #6147, .T. ) ;
#6053 = ORIENTED_EDGE ( 'NONE', *, *, #6458, .T. ) ;
#6054 = FACE_OUTER_BOUND ( 'NONE', #3274, .T. ) ;
#6055 = DIRECTION ( 'NONE',  ( 0.0000000000000000000, 0.0000000000000000000, -1.000000000000000000 ) ) ;
#6056 = VECTOR ( 'NONE', #4795, 999.9999999999998863 ) ;
#6057 = CARTESIAN_POINT ( 'NONE',  ( 7.241003607157344035, 7.488015623777569931E-32, -11.64999999999999680 ) ) ;
#6058 = AXIS2_PLACEMENT_3D ( 'NONE', #4123, #2485, #4676 ) ;
#6059 = PRESENTATION_LAYER_ASSIGNMENT (  '', '', ( #4956 ) ) ;
#6060 = EDGE_CURVE ( 'NONE', #7157, #1749, #1027, .T. ) ;
#6061 = PRESENTATION_STYLE_ASSIGNMENT (( #4407 ) ) ;
#6062 = COLOUR_RGB ( '',1.000000000000000000, 0.3960784313725490002, 0.1843137254901960898 ) ;
#6063 = EDGE_CURVE ( 'NONE', #533, #3901, #6113, .T. ) ;
#6064 = VECTOR ( 'NONE', #6211, 1000.000000000000000 ) ;
#6065 = DIRECTION ( 'NONE',  ( 0.0000000000000000000, -1.000000000000000000, -0.0000000000000000000 ) ) ;
#6066 = ORIENTED_EDGE ( 'NONE', *, *, #4133, .T. ) ;
#6067 = CARTESIAN_POINT ( 'NONE',  ( 3.780452312324129593, -13.40000000000000213, -11.14999999999999680 ) ) ;
#6068 = SURFACE_SIDE_STYLE ('',( #1449 ) ) ;
#6069 = AXIS2_PLACEMENT_3D ( 'NONE', #2635, #5674, #1703 ) ;
#6070 = VECTOR ( 'NONE', #551, 1000.000000000000000 ) ;
#6071 = FACE_BOUND ( 'NONE', #1304, .T. ) ;
#6072 = DIRECTION ( 'NONE',  ( -3.269436954241216420E-49, 1.000000000000000000, 6.162975822039153361E-33 ) ) ;
#6073 = CARTESIAN_POINT ( 'NONE',  ( 7.241003607157344035, -10.11055129483321835, -11.64999999999999680 ) ) ;
#6074 = VERTEX_POINT ( 'NONE', #1647 ) ;
#6075 = CARTESIAN_POINT ( 'NONE',  ( 2.253138914759583953E-13, -12.30000000000000071, -7.674999999999633893 ) ) ;
#6076 = CARTESIAN_POINT ( 'NONE',  ( -0.4875657056938695888, -9.689448705166794795, -12.14999999999999680 ) ) ;
#6077 = CARTESIAN_POINT ( 'NONE',  ( -4.187565705693876872, -9.900000000000002132, -11.14999999999999680 ) ) ;
#6078 = LINE ( 'NONE', #2612, #4902 ) ;
#6079 = ORIENTED_EDGE ( 'NONE', *, *, #3199, .T. ) ;
#6080 = SURFACE_STYLE_FILL_AREA ( #857 ) ;
#6081 = ORIENTED_EDGE ( 'NONE', *, *, #2813, .F. ) ;
#6082 = PRESENTATION_STYLE_ASSIGNMENT (( #7221 ) ) ;
#6083 = FACE_BOUND ( 'NONE', #4663, .T. ) ;
#6084 = FACE_OUTER_BOUND ( 'NONE', #4167, .T. ) ;
#6085 = ORIENTED_EDGE ( 'NONE', *, *, #7040, .F. ) ;
#6086 = LINE ( 'NONE', #4815, #6872 ) ;
#6087 = EDGE_CURVE ( 'NONE', #296, #4555, #6673, .T. ) ;
#6088 = DIRECTION ( 'NONE',  ( 1.224646799147353207E-16, -0.0000000000000000000, 1.000000000000000000 ) ) ;
#6089 = LINE ( 'NONE', #5550, #3168 ) ;
#6090 = EDGE_CURVE ( 'NONE', #4477, #4473, #1160, .T. ) ;
#6091 = DIRECTION ( 'NONE',  ( -1.000000000000000000, 0.0000000000000000000, 0.0000000000000000000 ) ) ;
#6092 = LINE ( 'NONE', #976, #6707 ) ;
#6093 = VERTEX_POINT ( 'NONE', #4428 ) ;
#6094 = SURFACE_SIDE_STYLE ('',( #4441 ) ) ;
#6095 =( GEOMETRIC_REPRESENTATION_CONTEXT ( 3 ) GLOBAL_UNCERTAINTY_ASSIGNED_CONTEXT ( ( #7010 ) ) GLOBAL_UNIT_ASSIGNED_CONTEXT ( ( #869, #3707, #1845 ) ) REPRESENTATION_CONTEXT ( 'NONE', 'WORKASPACE' ) );
#6096 = DIRECTION ( 'NONE',  ( 0.0000000000000000000, 0.0000000000000000000, -1.000000000000000000 ) ) ;
#6097 = VECTOR ( 'NONE', #4399, 1000.000000000000000 ) ;
#6098 = CARTESIAN_POINT ( 'NONE',  ( -11.50000000000000000, -3.000000000000000000, 11.50000000000000178 ) ) ;
#6099 = ADVANCED_FACE ( 'NONE', ( #6737 ), #3877, .T. ) ;
#6100 = AXIS2_PLACEMENT_3D ( 'NONE', #3184, #5584, #2621 ) ;
#6101 = SURFACE_SIDE_STYLE ('',( #4273 ) ) ;
#6102 = ORIENTED_EDGE ( 'NONE', *, *, #5477, .T. ) ;
#6103 = VERTEX_POINT ( 'NONE', #5110 ) ;
#6104 = PLANE ( 'NONE',  #1860 ) ;
#6105 = ORIENTED_EDGE ( 'NONE', *, *, #6731, .T. ) ;
#6106 = CARTESIAN_POINT ( 'NONE',  ( 0.0000000000000000000, -12.19999999999999041, 10.21245434496620952 ) ) ;
#6107 = DIRECTION ( 'NONE',  ( 0.0000000000000000000, -0.0000000000000000000, 1.000000000000000000 ) ) ;
#6108 = EDGE_CURVE ( 'NONE', #4962, #3466, #4791, .T. ) ;
#6109 = CARTESIAN_POINT ( 'NONE',  ( 5.530452312324140252, -5.329891921643829109E-15, -10.14999999999999503 ) ) ;
#6110 = ORIENTED_EDGE ( 'NONE', *, *, #2230, .F. ) ;
#6111 = FACE_OUTER_BOUND ( 'NONE', #7333, .T. ) ;
#6112 = ORIENTED_EDGE ( 'NONE', *, *, #721, .F. ) ;
#6113 = LINE ( 'NONE', #477, #1512 ) ;
#6114 = FACE_OUTER_BOUND ( 'NONE', #4718, .T. ) ;
#6115 = PLANE ( 'NONE',  #1434 ) ;
#6116 = CARTESIAN_POINT ( 'NONE',  ( 11.40000000000000213, -0.09999999999999592548, -11.50000000000000000 ) ) ;
#6117 = CARTESIAN_POINT ( 'NONE',  ( -14.97499996012517975, -6.899999999999999467, -10.07499999999992291 ) ) ;
#6118 = VERTEX_POINT ( 'NONE', #1201 ) ;
#6119 = AXIS2_PLACEMENT_3D ( 'NONE', #2839, #1076, #4544 ) ;
#6120 = CARTESIAN_POINT ( 'NONE',  ( -0.4893540843755935232, -4.599999999999999645, -10.14999999999999503 ) ) ;
#6121 = SURFACE_STYLE_FILL_AREA ( #521 ) ;
#6122 = VECTOR ( 'NONE', #4022, 1000.000000000000000 ) ;
#6123 = SURFACE_SIDE_STYLE ('',( #1520 ) ) ;
#6124 = CARTESIAN_POINT ( 'NONE',  ( -2.198117000527087583, -11.40000000000000036, -12.14999999999999680 ) ) ;
#6125 = FACE_OUTER_BOUND ( 'NONE', #2815, .T. ) ;
#6126 = EDGE_CURVE ( 'NONE', #978, #2360, #4193, .T. ) ;
#6127 = ORIENTED_EDGE ( 'NONE', *, *, #538, .T. ) ;
#6128 = LINE ( 'NONE', #4338, #5676 ) ;
#6129 = PLANE ( 'NONE',  #677 ) ;
#6130 = VECTOR ( 'NONE', #2056, 1000.000000000000000 ) ;
#6131 = VECTOR ( 'NONE', #6325, 1000.000000000000000 ) ;
#6132 = AXIS2_PLACEMENT_3D ( 'NONE', #3799, #5996, #6107 ) ;
#6133 = DIRECTION ( 'NONE',  ( -6.672013369141552398E-16, 0.0000000000000000000, 1.000000000000000000 ) ) ;
#6134 = SURFACE_STYLE_USAGE ( .BOTH. , #6101 ) ;
#6135 = VECTOR ( 'NONE', #1275, 1000.000000000000000 ) ;
#6136 = ORIENTED_EDGE ( 'NONE', *, *, #2738, .F. ) ;
#6137 = ORIENTED_EDGE ( 'NONE', *, *, #2134, .F. ) ;
#6138 = EDGE_CURVE ( 'NONE', #540, #839, #1757, .T. ) ;
#6139 = VERTEX_POINT ( 'NONE', #5754 ) ;
#6140 = DIRECTION ( 'NONE',  ( -0.0000000000000000000, 1.000000000000000000, -0.0000000000000000000 ) ) ;
#6141 = EDGE_CURVE ( 'NONE', #1397, #5341, #39, .T. ) ;
#6142 = PLANE ( 'NONE',  #2443 ) ;
#6143 = EDGE_CURVE ( 'NONE', #1123, #4706, #5900, .T. ) ;
#6144 = EDGE_LOOP ( 'NONE', ( #4278, #241, #856, #6102 ) ) ;
#6145 =( NAMED_UNIT ( * ) PLANE_ANGLE_UNIT ( ) SI_UNIT ( $, .RADIAN. ) );
#6146 = EDGE_LOOP ( 'NONE', ( #6201, #5606, #4199, #2331 ) ) ;
#6147 = LINE ( 'NONE', #5506, #6070 ) ;
#6148 = DIRECTION ( 'NONE',  ( 0.0000000000000000000, 0.0000000000000000000, 1.000000000000000000 ) ) ;
#6149 = DIRECTION ( 'NONE',  ( 1.334402673827726470E-13, 0.0000000000000000000, -1.000000000000000000 ) ) ;
#6150 = SURFACE_STYLE_USAGE ( .BOTH. , #7228 ) ;
#6151 = ORIENTED_EDGE ( 'NONE', *, *, #7052, .F. ) ;
#6152 = SURFACE_STYLE_USAGE ( .BOTH. , #3918 ) ;
#6153 = AXIS2_PLACEMENT_3D ( 'NONE', #913, #1564, #7180 ) ;
#6154 = PLANE ( 'NONE',  #1741 ) ;
#6155 = EDGE_LOOP ( 'NONE', ( #3613, #783, #165, #2020 ) ) ;
#6156 = CIRCLE ( 'NONE', #1138, 0.3999999999999993006 ) ;
#6157 = DIRECTION ( 'NONE',  ( -1.000000000000000000, 0.0000000000000000000, 5.337610695312117003E-15 ) ) ;
#6158 = SURFACE_STYLE_FILL_AREA ( #6795 ) ;
#6159 = ORIENTED_EDGE ( 'NONE', *, *, #817, .F. ) ;
#6160 = CARTESIAN_POINT ( 'NONE',  ( -14.97499996012494883, -12.20000000000000462, -10.72499999999992149 ) ) ;
#6161 = COLOUR_RGB ( '',0.9686274509803921573, 0.9686274509803921573, 0.9686274509803921573 ) ;
#6162 = ORIENTED_EDGE ( 'NONE', *, *, #3731, .T. ) ;
#6163 = CARTESIAN_POINT ( 'NONE',  ( -13.39999992025019537, -6.899999999999999467, -9.449999999999997513 ) ) ;
#6164 = FILL_AREA_STYLE_COLOUR ( '', #6504 ) ;
#6165 = AXIS2_PLACEMENT_3D ( 'NONE', #6886, #5138, #1165 ) ;
#6166 = CARTESIAN_POINT ( 'NONE',  ( 0.0000000000000000000, -18.61923881554287519, 10.21245434496620952 ) ) ;
#6167 = AXIS2_PLACEMENT_3D ( 'NONE', #2804, #2661, #6788 ) ;
#6168 = EDGE_CURVE ( 'NONE', #3894, #5061, #4531, .T. ) ;
#6169 = VECTOR ( 'NONE', #3639, 1000.000000000000000 ) ;
#6170 =( GEOMETRIC_REPRESENTATION_CONTEXT ( 3 ) GLOBAL_UNCERTAINTY_ASSIGNED_CONTEXT ( ( #1910 ) ) GLOBAL_UNIT_ASSIGNED_CONTEXT ( ( #570, #737, #3964 ) ) REPRESENTATION_CONTEXT ( 'NONE', 'WORKASPACE' ) );
#6171 = PLANE ( 'NONE',  #214 ) ;
#6172 = ORIENTED_EDGE ( 'NONE', *, *, #773, .F. ) ;
#6173 = ORIENTED_EDGE ( 'NONE', *, *, #3831, .T. ) ;
#6174 = FACE_OUTER_BOUND ( 'NONE', #66, .T. ) ;
#6175 = COLOUR_RGB ( '',0.1137254901960784298, 0.1137254901960784298, 0.1137254901960784298 ) ;
#6176 = ORIENTED_EDGE ( 'NONE', *, *, #5098, .F. ) ;
#6177 = VECTOR ( 'NONE', #594, 1000.000000000000000 ) ;
#6178 =( LENGTH_UNIT ( ) NAMED_UNIT ( * ) SI_UNIT ( .MILLI., .METRE. ) );
#6179 = EDGE_CURVE ( 'NONE', #5895, #1217, #6287, .T. ) ;
#6180 = CARTESIAN_POINT ( 'NONE',  ( 0.0000000000000000000, 0.0000000000000000000, 0.0000000000000000000 ) ) ;
#6181 = VECTOR ( 'NONE', #6956, 1000.000000000000000 ) ;
#6182 = VECTOR ( 'NONE', #3178, 1000.000000000000114 ) ;
#6183 = EDGE_CURVE ( 'NONE', #1677, #5604, #1125, .T. ) ;
#6184 = DIRECTION ( 'NONE',  ( -0.7071067811865393571, 0.0000000000000000000, -0.7071067811865556774 ) ) ;
#6185 = ORIENTED_EDGE ( 'NONE', *, *, #5098, .T. ) ;
#6186 = DIRECTION ( 'NONE',  ( 1.000000000000000000, 9.637352644315584889E-16, 5.304964758338859037E-17 ) ) ;
#6187 = FILL_AREA_STYLE_COLOUR ( '', #3291 ) ;
#6188 = LINE ( 'NONE', #6817, #2415 ) ;
#6189 = EDGE_CURVE ( 'NONE', #6796, #6310, #6853, .T. ) ;
#6190 =( LENGTH_UNIT ( ) NAMED_UNIT ( * ) SI_UNIT ( .MILLI., .METRE. ) );
#6191 = CARTESIAN_POINT ( 'NONE',  ( 3.780452312324130038, -6.400000000000002132, -11.14999999999999680 ) ) ;
#6192 = ORIENTED_EDGE ( 'NONE', *, *, #3465, .F. ) ;
#6193 = UNCERTAINTY_MEASURE_WITH_UNIT (LENGTH_MEASURE( 1.000000000000000082E-05 ), #1670, 'distance_accuracy_value', 'NONE');
#6194 = CARTESIAN_POINT ( 'NONE',  ( -11.49956894949960962, -0.09956894949960455599, 1.408291030557898668E-15 ) ) ;
#6195 = CARTESIAN_POINT ( 'NONE',  ( 16.35000000000001563, -4.599999999999999645, -10.14999999999999858 ) ) ;
#6196 = EDGE_CURVE ( 'NONE', #3724, #533, #1680, .T. ) ;
#6197 = DIRECTION ( 'NONE',  ( -1.000000000000000000, 0.0000000000000000000, -2.668805347656626481E-15 ) ) ;
#6198 = ORIENTED_EDGE ( 'NONE', *, *, #4097, .T. ) ;
#6199 = FACE_BOUND ( 'NONE', #5654, .T. ) ;
#6200 = PLANE ( 'NONE',  #4050 ) ;
#6201 = ORIENTED_EDGE ( 'NONE', *, *, #5137, .F. ) ;
#6202 = DIRECTION ( 'NONE',  ( 0.7071067811865454633, 0.0000000000000000000, -0.7071067811865495711 ) ) ;
#6203 = ORIENTED_EDGE ( 'NONE', *, *, #773, .T. ) ;
#6204 = DIRECTION ( 'NONE',  ( 1.000000000000000000, 0.0000000000000000000, 6.774548571579288900E-17 ) ) ;
#6205 = SURFACE_SIDE_STYLE ('',( #4946 ) ) ;
#6206 = COLOUR_RGB ( '',0.9686274509803921573, 0.9686274509803921573, 0.9686274509803921573 ) ;
#6207 = DIRECTION ( 'NONE',  ( -3.269436954241216420E-49, 1.000000000000000000, 6.162975822039153361E-33 ) ) ;
#6208 = EDGE_LOOP ( 'NONE', ( #2160, #1825, #1662, #13 ) ) ;
#6209 = FILL_AREA_STYLE_COLOUR ( '', #4566 ) ;
#6210 = ORIENTED_EDGE ( 'NONE', *, *, #1065, .F. ) ;
#6211 = DIRECTION ( 'NONE',  ( -0.5773502691895333605, 0.5773502691897012262, 0.5773502691896427175 ) ) ;
#6212 = COLOUR_RGB ( '',0.0000000000000000000, 0.007843137254901960675, 0.02745098039215686236 ) ;
#6213 = ORIENTED_EDGE ( 'NONE', *, *, #6396, .F. ) ;
#6214 = DIRECTION ( 'NONE',  ( -1.000000000000000000, 0.0000000000000000000, -3.202566417188799645E-14 ) ) ;
#6215 = VECTOR ( 'NONE', #3808, 1000.000000000000000 ) ;
#6216 = DIRECTION ( 'NONE',  ( -3.269436954241216420E-49, 1.000000000000000000, 6.162975822039153361E-33 ) ) ;
#6217 = CARTESIAN_POINT ( 'NONE',  ( -11.50000000000000000, -3.000000000000000000, -11.40000000000000924 ) ) ;
#6218 = EDGE_CURVE ( 'NONE', #427, #5765, #2451, .T. ) ;
#6219 = STYLED_ITEM ( 'NONE', ( #2708 ), #257 ) ;
#6220 = ORIENTED_EDGE ( 'NONE', *, *, #4864, .F. ) ;
#6221 = DIRECTION ( 'NONE',  ( -1.000000000000000000, 0.0000000000000000000, -3.336006684570785074E-16 ) ) ;
#6222 = CARTESIAN_POINT ( 'NONE',  ( -11.50000000000000000, -0.09999999999999592548, 11.50000000000000178 ) ) ;
#6223 =( NAMED_UNIT ( * ) PLANE_ANGLE_UNIT ( ) SI_UNIT ( $, .RADIAN. ) );
#6224 = DIRECTION ( 'NONE',  ( -0.7071067811865721087, 0.0000000000000000000, -0.7071067811865230368 ) ) ;
#6225 = VECTOR ( 'NONE', #5091, 1000.000000000000000 ) ;
#6226 = DIRECTION ( 'NONE',  ( 2.215108438555004799E-13, 0.0000000000000000000, 1.000000000000000000 ) ) ;
#6227 = EDGE_CURVE ( 'NONE', #3188, #2690, #4023, .T. ) ;
#6228 = ORIENTED_EDGE ( 'NONE', *, *, #7212, .F. ) ;
#6229 = DIRECTION ( 'NONE',  ( 0.0000000000000000000, 0.0000000000000000000, 1.000000000000000000 ) ) ;
#6230 = CARTESIAN_POINT ( 'NONE',  ( 0.5686831925543465172, -4.599999999999999645, 9.587454344966209518 ) ) ;
#6231 = PLANE ( 'NONE',  #4710 ) ;
#6232 = ORIENTED_EDGE ( 'NONE', *, *, #3547, .F. ) ;
#6233 = LINE ( 'NONE', #3848, #1625 ) ;
#6234 = CARTESIAN_POINT ( 'NONE',  ( 11.49999999999999822, -0.09999999999999592548, 11.39999999999999858 ) ) ;
#6235 = FILL_AREA_STYLE ('',( #3892 ) ) ;
#6236 = EDGE_CURVE ( 'NONE', #5776, #6461, #2895, .T. ) ;
#6237 = EDGE_LOOP ( 'NONE', ( #3641, #2630, #1377, #4598 ) ) ;
#6238 = EDGE_CURVE ( 'NONE', #4260, #4510, #6924, .T. ) ;
#6239 = ORIENTED_EDGE ( 'NONE', *, *, #2418, .T. ) ;
#6240 = DIRECTION ( 'NONE',  ( 0.5773502691896258421, 0.5773502691896659211, 0.5773502691895856520 ) ) ;
#6241 = LINE ( 'NONE', #5245, #4445 ) ;
#6242 = VERTEX_POINT ( 'NONE', #4054 ) ;
#6243 = FACE_OUTER_BOUND ( 'NONE', #4873, .T. ) ;
#6244 = ORIENTED_EDGE ( 'NONE', *, *, #6312, .T. ) ;
#6245 = VECTOR ( 'NONE', #330, 1000.000000000000000 ) ;
#6246 = SURFACE_STYLE_USAGE ( .BOTH. , #685 ) ;
#6247 = DIRECTION ( 'NONE',  ( 0.0000000000000000000, 0.7071067811865229258, 0.7071067811865721087 ) ) ;
#6248 = CARTESIAN_POINT ( 'NONE',  ( -8.594011564216394561, -5.599999999999999645, -3.107656175016917821 ) ) ;
#6249 = FACE_OUTER_BOUND ( 'NONE', #6335, .T. ) ;
#6250 = ORIENTED_EDGE ( 'NONE', *, *, #5401, .T. ) ;
#6251 = LINE ( 'NONE', #1124, #524 ) ;
#6252 = DIRECTION ( 'NONE',  ( 0.7071067811865556774, 0.0000000000000000000, 0.7071067811865393571 ) ) ;
#6253 = DIRECTION ( 'NONE',  ( -1.000000000000000000, 2.891205793294679312E-16, -5.304964758338859037E-17 ) ) ;
#6254 = CARTESIAN_POINT ( 'NONE',  ( 1.513274595042171100, 0.0000000000000000000, -11.39999999999999858 ) ) ;
#6255 = ADVANCED_FACE ( 'NONE', ( #6355 ), #245, .T. ) ;
#6256 = ORIENTED_EDGE ( 'NONE', *, *, #314, .T. ) ;
#6257 = ORIENTED_EDGE ( 'NONE', *, *, #4582, .T. ) ;
#6258 = CARTESIAN_POINT ( 'NONE',  ( -15.90000000000000391, -6.899999999999999467, 0.0000000000000000000 ) ) ;
#6259 = EDGE_CURVE ( 'NONE', #1677, #3627, #2566, .T. ) ;
#6260 = CIRCLE ( 'NONE', #78, 0.3999999999999993006 ) ;
#6261 = ORIENTED_EDGE ( 'NONE', *, *, #3957, .F. ) ;
#6262 = EDGE_CURVE ( 'NONE', #5788, #3065, #5986, .T. ) ;
#6263 = ORIENTED_EDGE ( 'NONE', *, *, #4819, .F. ) ;
#6264 = FACE_BOUND ( 'NONE', #1881, .T. ) ;
#6265 = ORIENTED_EDGE ( 'NONE', *, *, #1278, .F. ) ;
#6266 = LINE ( 'NONE', #6374, #4928 ) ;
#6267 = PRESENTATION_LAYER_ASSIGNMENT (  '', '', ( #561 ) ) ;
#6268 = SURFACE_STYLE_FILL_AREA ( #5129 ) ;
#6269 = EDGE_CURVE ( 'NONE', #5567, #3126, #7126, .T. ) ;
#6270 = ORIENTED_EDGE ( 'NONE', *, *, #1823, .T. ) ;
#6271 = MECHANICAL_DESIGN_GEOMETRIC_PRESENTATION_REPRESENTATION (  '', ( #5183 ), #2203 ) ;
#6272 = ORIENTED_EDGE ( 'NONE', *, *, #6449, .T. ) ;
#6273 = AXIS2_PLACEMENT_3D ( 'NONE', #2668, #419, #1592 ) ;
#6274 = FILL_AREA_STYLE ('',( #7346 ) ) ;
#6275 = ORIENTED_EDGE ( 'NONE', *, *, #4923, .T. ) ;
#6276 = CARTESIAN_POINT ( 'NONE',  ( 3.828068768760283458, -6.899999999999999467, 3.828068768760305662 ) ) ;
#6277 = DIRECTION ( 'NONE',  ( 0.0000000000000000000, 0.0000000000000000000, -1.000000000000000000 ) ) ;
#6278 = MECHANICAL_DESIGN_GEOMETRIC_PRESENTATION_REPRESENTATION (  '', ( #2099 ), #3172 ) ;
#6279 = AXIS2_PLACEMENT_3D ( 'NONE', #3052, #7033, #289 ) ;
#6280 = PRESENTATION_LAYER_ASSIGNMENT (  '', '', ( #1266 ) ) ;
#6281 = FACE_OUTER_BOUND ( 'NONE', #2317, .T. ) ;
#6282 = PRESENTATION_LAYER_ASSIGNMENT (  '', '', ( #3398 ) ) ;
#6283 = AXIS2_PLACEMENT_3D ( 'NONE', #5394, #2620, #7082 ) ;
#6284 = CARTESIAN_POINT ( 'NONE',  ( 5.530452312324140252, -5.329891921643829109E-15, -11.14999999999999680 ) ) ;
#6285 = VERTEX_POINT ( 'NONE', #4271 ) ;
#6286 = CARTESIAN_POINT ( 'NONE',  ( 7.700580038634947971E-16, -9.689448705166794795, -11.14999999999999680 ) ) ;
#6287 = LINE ( 'NONE', #7063, #1269 ) ;
#6288 =( GEOMETRIC_REPRESENTATION_CONTEXT ( 3 ) GLOBAL_UNCERTAINTY_ASSIGNED_CONTEXT ( ( #2343 ) ) GLOBAL_UNIT_ASSIGNED_CONTEXT ( ( #6837, #5247, #160 ) ) REPRESENTATION_CONTEXT ( 'NONE', 'WORKASPACE' ) );
#6289 = FACE_OUTER_BOUND ( 'NONE', #2215, .T. ) ;
#6290 = VECTOR ( 'NONE', #110, 1000.000000000000000 ) ;
#6291 = COLOUR_RGB ( '',0.0000000000000000000, 0.9372549019607843146, 0.3450980392156862697 ) ;
#6292 = AXIS2_PLACEMENT_3D ( 'NONE', #2615, #3474, #6415 ) ;
#6293 = DIRECTION ( 'NONE',  ( 0.7071067811865495711, 0.0000000000000000000, 0.7071067811865455743 ) ) ;
#6294 = DIRECTION ( 'NONE',  ( -0.0000000000000000000, 1.000000000000000000, -0.0000000000000000000 ) ) ;
#6295 = CARTESIAN_POINT ( 'NONE',  ( -0.4875657056938695888, -10.11055129483321835, -11.64999999999999680 ) ) ;
#6296 = VERTEX_POINT ( 'NONE', #5457 ) ;
#6297 = CARTESIAN_POINT ( 'NONE',  ( 7.241003607157344035, -9.689448705166794795, -11.64999999999999680 ) ) ;
#6298 = CARTESIAN_POINT ( 'NONE',  ( 8.530452312324131370, -4.599999999999999645, -10.14999999999999503 ) ) ;
#6299 = VERTEX_POINT ( 'NONE', #7177 ) ;
#6300 = VERTEX_POINT ( 'NONE', #1413 ) ;
#6301 = LINE ( 'NONE', #157, #3628 ) ;
#6302 = EDGE_CURVE ( 'NONE', #5558, #6392, #322, .T. ) ;
#6303 = DIRECTION ( 'NONE',  ( 5.304964758338859037E-17, -0.0000000000000000000, -1.000000000000000000 ) ) ;
#6304 = DIRECTION ( 'NONE',  ( 5.304964758338859037E-17, -0.0000000000000000000, -1.000000000000000000 ) ) ;
#6305 = EDGE_CURVE ( 'NONE', #5125, #753, #361, .T. ) ;
#6306 = VERTEX_POINT ( 'NONE', #3162 ) ;
#6307 =( LENGTH_UNIT ( ) NAMED_UNIT ( * ) SI_UNIT ( .MILLI., .METRE. ) );
#6308 = VERTEX_POINT ( 'NONE', #3719 ) ;
#6309 = FACE_OUTER_BOUND ( 'NONE', #5232, .T. ) ;
#6310 = VERTEX_POINT ( 'NONE', #6023 ) ;
#6311 = FILL_AREA_STYLE ('',( #2628 ) ) ;
#6312 = EDGE_CURVE ( 'NONE', #4990, #3572, #6620, .T. ) ;
#6313 = DIRECTION ( 'NONE',  ( -3.336006684570785074E-16, 0.0000000000000000000, 1.000000000000000000 ) ) ;
#6314 = EDGE_CURVE ( 'NONE', #4406, #4452, #4870, .T. ) ;
#6315 = DIRECTION ( 'NONE',  ( 0.0000000000000000000, 1.000000000000000000, 0.0000000000000000000 ) ) ;
#6316 = MECHANICAL_DESIGN_GEOMETRIC_PRESENTATION_REPRESENTATION (  '', ( #5609 ), #4861 ) ;
#6317 = DIRECTION ( 'NONE',  ( -3.624991156526046762E-08, 0.0000000000000000000, -0.9999999999999994449 ) ) ;
#6318 = ORIENTED_EDGE ( 'NONE', *, *, #4876, .F. ) ;
#6319 = EDGE_CURVE ( 'NONE', #5437, #6331, #2049, .T. ) ;
#6320 = DIRECTION ( 'NONE',  ( -1.000000000000000000, 0.0000000000000000000, 0.0000000000000000000 ) ) ;
#6321 = AXIS2_PLACEMENT_3D ( 'NONE', #5155, #76, #43 ) ;
#6322 = DIRECTION ( 'NONE',  ( -0.7071067811865721087, -0.7071067811865230368, 1.453090376426139484E-13 ) ) ;
#6323 = LINE ( 'NONE', #3464, #2253 ) ;
#6324 =( GEOMETRIC_REPRESENTATION_CONTEXT ( 3 ) GLOBAL_UNCERTAINTY_ASSIGNED_CONTEXT ( ( #1623 ) ) GLOBAL_UNIT_ASSIGNED_CONTEXT ( ( #6190, #625, #5305 ) ) REPRESENTATION_CONTEXT ( 'NONE', 'WORKASPACE' ) );
#6325 = DIRECTION ( 'NONE',  ( 0.0000000000000000000, 0.0000000000000000000, -1.000000000000000000 ) ) ;
#6326 = EDGE_LOOP ( 'NONE', ( #5838, #5848, #5935, #4588, #7031 ) ) ;
#6327 = UNCERTAINTY_MEASURE_WITH_UNIT (LENGTH_MEASURE( 1.000000000000000082E-05 ), #6681, 'distance_accuracy_value', 'NONE');
#6328 = CARTESIAN_POINT ( 'NONE',  ( -3.525001217843515278, -6.899999999999999467, 3.525000567825193443 ) ) ;
#6329 = LINE ( 'NONE', #5732, #5230 ) ;
#6330 = DIRECTION ( 'NONE',  ( 0.7071067811865454633, 0.0000000000000000000, -0.7071067811865495711 ) ) ;
#6331 = VERTEX_POINT ( 'NONE', #2546 ) ;
#6332 = DIRECTION ( 'NONE',  ( 0.0000000000000000000, 0.0000000000000000000, -1.000000000000000000 ) ) ;
#6333 = LINE ( 'NONE', #4619, #5250 ) ;
#6334 = ORIENTED_EDGE ( 'NONE', *, *, #5681, .T. ) ;
#6335 = EDGE_LOOP ( 'NONE', ( #6151, #1079, #3341, #7192 ) ) ;
#6336 = DIRECTION ( 'NONE',  ( 1.000000000000000000, 0.0000000000000000000, -1.224646799147353207E-16 ) ) ;
#6337 = LINE ( 'NONE', #3934, #6772 ) ;
#6338 = AXIS2_PLACEMENT_3D ( 'NONE', #5893, #5856, #2518 ) ;
#6339 = ADVANCED_FACE ( 'NONE', ( #2003 ), #3517, .T. ) ;
#6340 = ORIENTED_EDGE ( 'NONE', *, *, #3499, .T. ) ;
#6341 = SURFACE_SIDE_STYLE ('',( #6874 ) ) ;
#6342 = ORIENTED_EDGE ( 'NONE', *, *, #2650, .T. ) ;
#6343 = CARTESIAN_POINT ( 'NONE',  ( -2.231316807445653527, -4.599999999999999645, 11.78745434496620703 ) ) ;
#6344 = ORIENTED_EDGE ( 'NONE', *, *, #4128, .T. ) ;
#6345 = CARTESIAN_POINT ( 'NONE',  ( 6.819901017490920481, -10.11055129483321835, -10.14999999999999503 ) ) ;
#6346 = SURFACE_SIDE_STYLE ('',( #243 ) ) ;
#6347 = SURFACE_SIDE_STYLE ('',( #2404 ) ) ;
#6348 = DIRECTION ( 'NONE',  ( -0.7071067811865409114, 0.0000000000000000000, 0.7071067811865541231 ) ) ;
#6349 = EDGE_CURVE ( 'NONE', #6442, #328, #2389, .T. ) ;
#6350 = LINE ( 'NONE', #5140, #4215 ) ;
#6351 = SURFACE_STYLE_USAGE ( .BOTH. , #64 ) ;
#6352 = DIRECTION ( 'NONE',  ( 0.0000000000000000000, 0.0000000000000000000, 1.000000000000000000 ) ) ;
#6353 = EDGE_CURVE ( 'NONE', #1091, #4874, #4660, .T. ) ;
#6354 = ORIENTED_EDGE ( 'NONE', *, *, #5433, .T. ) ;
#6355 = FACE_OUTER_BOUND ( 'NONE', #6714, .T. ) ;
#6356 = PLANE ( 'NONE',  #2529 ) ;
#6357 =( GEOMETRIC_REPRESENTATION_CONTEXT ( 3 ) GLOBAL_UNCERTAINTY_ASSIGNED_CONTEXT ( ( #965 ) ) GLOBAL_UNIT_ASSIGNED_CONTEXT ( ( #5415, #3161, #3078 ) ) REPRESENTATION_CONTEXT ( 'NONE', 'WORKASPACE' ) );
#6358 = PRESENTATION_LAYER_ASSIGNMENT (  '', '', ( #2169 ) ) ;
#6359 = CARTESIAN_POINT ( 'NONE',  ( 14.85000000000000675, -8.400000000000000355, 1.000000000000003331 ) ) ;
#6360 = ADVANCED_FACE ( 'NONE', ( #6971 ), #5882, .T. ) ;
#6361 = ORIENTED_EDGE ( 'NONE', *, *, #4489, .T. ) ;
#6362 = CARTESIAN_POINT ( 'NONE',  ( -14.87499993203136128, -12.30000000000000071, -7.675000000000070877 ) ) ;
#6363 = DIRECTION ( 'NONE',  ( -1.000000000000000000, 0.0000000000000000000, -0.0000000000000000000 ) ) ;
#6364 = PRESENTATION_LAYER_ASSIGNMENT (  '', '', ( #6621 ) ) ;
#6365 = DIRECTION ( 'NONE',  ( 2.891205793294679312E-16, 1.000000000000000000, 2.574958989914538807E-32 ) ) ;
#6366 = ADVANCED_FACE ( 'NONE', ( #7127 ), #3549, .T. ) ;
#6367 = VERTEX_POINT ( 'NONE', #5398 ) ;
#6368 = CARTESIAN_POINT ( 'NONE',  ( 1.493683192554345673, -18.61923881554287519, 0.0000000000000000000 ) ) ;
#6369 = CARTESIAN_POINT ( 'NONE',  ( 6.819901017490920481, -9.689448705166794795, -11.14999999999999680 ) ) ;
#6370 = DIRECTION ( 'NONE',  ( 0.0000000000000000000, -0.0000000000000000000, -1.000000000000000000 ) ) ;
#6371 = VERTEX_POINT ( 'NONE', #306 ) ;
#6372 = ORIENTED_EDGE ( 'NONE', *, *, #6126, .F. ) ;
#6373 = CARTESIAN_POINT ( 'NONE',  ( -3.778227730679330852E-12, -6.899999999999999467, -10.72500000000519726 ) ) ;
#6374 = CARTESIAN_POINT ( 'NONE',  ( -0.4875657056938695888, -9.689448705166794795, -11.64999999999999680 ) ) ;
#6375 = CARTESIAN_POINT ( 'NONE',  ( -1.777014410860665139, -9.689448705166794795, -11.64999999999999680 ) ) ;
#6376 = ORIENTED_EDGE ( 'NONE', *, *, #5383, .T. ) ;
#6377 = DIRECTION ( 'NONE',  ( -1.000000000000000000, 0.0000000000000000000, -5.304964758338859037E-17 ) ) ;
#6378 = LINE ( 'NONE', #3528, #3568 ) ;
#6379 = DIRECTION ( 'NONE',  ( -1.000000000000000000, 0.0000000000000000000, 0.0000000000000000000 ) ) ;
#6380 = DIRECTION ( 'NONE',  ( -0.7071067811865556774, 0.0000000000000000000, 0.7071067811865393571 ) ) ;
#6381 = ORIENTED_EDGE ( 'NONE', *, *, #1153, .T. ) ;
#6382 =( GEOMETRIC_REPRESENTATION_CONTEXT ( 3 ) GLOBAL_UNCERTAINTY_ASSIGNED_CONTEXT ( ( #3695 ) ) GLOBAL_UNIT_ASSIGNED_CONTEXT ( ( #2670, #5634, #1595 ) ) REPRESENTATION_CONTEXT ( 'NONE', 'WORKASPACE' ) );
#6383 =( NAMED_UNIT ( * ) PLANE_ANGLE_UNIT ( ) SI_UNIT ( $, .RADIAN. ) );
#6384 = PLANE ( 'NONE',  #5768 ) ;
#6385 = CARTESIAN_POINT ( 'NONE',  ( -5.237565705693876694, 7.488015623777569931E-32, -11.14999999999999680 ) ) ;
#6386 = VECTOR ( 'NONE', #1852, 1000.000000000000000 ) ;
#6387 = COLOUR_RGB ( '',0.0000000000000000000, 0.007843137254901960675, 0.02745098039215686236 ) ;
#6388 = CARTESIAN_POINT ( 'NONE',  ( 1.262434294306122862, -13.40000000000000036, -11.14999999999999680 ) ) ;
#6389 = CARTESIAN_POINT ( 'NONE',  ( -13.39999989850024775, -6.899999999999999467, -8.849999989125025834 ) ) ;
#6390 = AXIS2_PLACEMENT_3D ( 'NONE', #2205, #3574, #4471 ) ;
#6391 = LINE ( 'NONE', #3535, #90 ) ;
#6392 = VERTEX_POINT ( 'NONE', #6369 ) ;
#6393 = DIRECTION ( 'NONE',  ( -0.0000000000000000000, 1.000000000000000000, -0.0000000000000000000 ) ) ;
#6394 = STYLED_ITEM ( 'NONE', ( #6539 ), #3871 ) ;
#6395 = AXIS2_PLACEMENT_3D ( 'NONE', #3683, #7107, #880 ) ;
#6396 = EDGE_CURVE ( 'NONE', #1920, #6508, #5844, .T. ) ;
#6397 = FACE_OUTER_BOUND ( 'NONE', #3898, .T. ) ;
#6398 = VECTOR ( 'NONE', #844, 1000.000000000000000 ) ;
#6399 = DIRECTION ( 'NONE',  ( 0.0000000000000000000, -1.000000000000000000, 0.0000000000000000000 ) ) ;
#6400 = VECTOR ( 'NONE', #4537, 1000.000000000000000 ) ;
#6401 = ADVANCED_FACE ( 'NONE', ( #6708 ), #3780, .T. ) ;
#6402 = AXIS2_PLACEMENT_3D ( 'NONE', #2631, #4376, #4862 ) ;
#6403 = PRESENTATION_LAYER_ASSIGNMENT (  '', '', ( #2805 ) ) ;
#6404 = VECTOR ( 'NONE', #6207, 1000.000000000000000 ) ;
#6405 = EDGE_LOOP ( 'NONE', ( #549, #4178, #7131, #5008, #633, #1653 ) ) ;
#6406 = DIRECTION ( 'NONE',  ( 1.000000000000000000, 0.0000000000000000000, 0.0000000000000000000 ) ) ;
#6407 = UNCERTAINTY_MEASURE_WITH_UNIT (LENGTH_MEASURE( 1.000000000000000082E-05 ), #5568, 'distance_accuracy_value', 'NONE');
#6408 = ORIENTED_EDGE ( 'NONE', *, *, #1153, .F. ) ;
#6409 = DIRECTION ( 'NONE',  ( 1.000000000000000000, -4.119479477319231864E-15, 6.774548571579288900E-17 ) ) ;
#6410 = EDGE_CURVE ( 'NONE', #3953, #1696, #411, .T. ) ;
#6411 = EDGE_CURVE ( 'NONE', #5282, #3196, #2658, .T. ) ;
#6412 = DIRECTION ( 'NONE',  ( 0.0000000000000000000, 1.000000000000000000, 0.0000000000000000000 ) ) ;
#6413 = CARTESIAN_POINT ( 'NONE',  ( -8.594011564216394561, -5.599999999999999645, 6.398369318106219339 ) ) ;
#6414 = ORIENTED_EDGE ( 'NONE', *, *, #3432, .T. ) ;
#6415 = DIRECTION ( 'NONE',  ( 0.0000000000000000000, 0.0000000000000000000, 1.000000000000000000 ) ) ;
#6416 = CARTESIAN_POINT ( 'NONE',  ( -14.97499993203133606, -12.19999999999999751, -7.575000000000077449 ) ) ;
#6417 = DIRECTION ( 'NONE',  ( 0.0000000000000000000, 0.0000000000000000000, 1.000000000000000000 ) ) ;
#6418 = VERTEX_POINT ( 'NONE', #2109 ) ;
#6419 = ORIENTED_EDGE ( 'NONE', *, *, #4644, .T. ) ;
#6420 = FILL_AREA_STYLE_COLOUR ( '', #1976 ) ;
#6421 = CARTESIAN_POINT ( 'NONE',  ( -2.956316807445647399, -12.30000000000000071, 10.31245434496620561 ) ) ;
#6422 = EDGE_CURVE ( 'NONE', #5199, #5318, #2623, .T. ) ;
#6423 = DIRECTION ( 'NONE',  ( 0.0000000000000000000, 1.000000000000000000, 0.0000000000000000000 ) ) ;
#6424 = VERTEX_POINT ( 'NONE', #479 ) ;
#6425 = PRESENTATION_STYLE_ASSIGNMENT (( #1327 ) ) ;
#6426 = CARTESIAN_POINT ( 'NONE',  ( -3.485777327012159255, -4.599999999999999645, -10.14999999999999503 ) ) ;
#6427 = CARTESIAN_POINT ( 'NONE',  ( -2.198117000527087583, -9.689448705166794795, -12.14999999999999680 ) ) ;
#6428 = VERTEX_POINT ( 'NONE', #1472 ) ;
#6429 = CARTESIAN_POINT ( 'NONE',  ( 4.830452312324132969, -9.900000000000003908, -11.14999999999999680 ) ) ;
#6430 = PLANE ( 'NONE',  #4922 ) ;
#6431 = CARTESIAN_POINT ( 'NONE',  ( -15.90000000000000391, -6.899999999999999467, -8.850000000000006750 ) ) ;
#6432 = DIRECTION ( 'NONE',  ( -0.0000000000000000000, -1.000000000000000000, -0.0000000000000000000 ) ) ;
#6433 = ORIENTED_EDGE ( 'NONE', *, *, #2359, .T. ) ;
#6434 = DIRECTION ( 'NONE',  ( -1.000000000000000000, 0.0000000000000000000, -1.060992951667771931E-16 ) ) ;
#6435 = DIRECTION ( 'NONE',  ( -6.672013369141553384E-16, 0.0000000000000000000, 1.000000000000000000 ) ) ;
#6436 = SURFACE_SIDE_STYLE ('',( #1717 ) ) ;
#6437 =( LENGTH_UNIT ( ) NAMED_UNIT ( * ) SI_UNIT ( .MILLI., .METRE. ) );
#6438 = VECTOR ( 'NONE', #4181, 1000.000000000000000 ) ;
#6439 = CARTESIAN_POINT ( 'NONE',  ( -4.509385576205925616, -6.899999999999999467, 4.509385576205834134 ) ) ;
#6440 = EDGE_CURVE ( 'NONE', #7250, #970, #3801, .T. ) ;
#6441 = VECTOR ( 'NONE', #4580, 999.9999999999998863 ) ;
#6442 = VERTEX_POINT ( 'NONE', #445 ) ;
#6443 = SPHERICAL_SURFACE ( 'NONE', #6528, 11.50000000000000000 ) ;
#6444 = ORIENTED_EDGE ( 'NONE', *, *, #674, .F. ) ;
#6445 = DIRECTION ( 'NONE',  ( 4.119479477319223187E-15, 1.000000000000000000, 2.185369344987866193E-31 ) ) ;
#6446 = CARTESIAN_POINT ( 'NONE',  ( -1.006316807445652550, -18.61923881554287519, 10.86245434496620810 ) ) ;
#6447 = VECTOR ( 'NONE', #6782, 1000.000000000000000 ) ;
#6448 = EDGE_LOOP ( 'NONE', ( #5878, #5344, #6176, #776 ) ) ;
#6449 = EDGE_CURVE ( 'NONE', #6306, #6695, #1545, .T. ) ;
#6450 = ORIENTED_EDGE ( 'NONE', *, *, #3145, .F. ) ;
#6451 = ADVANCED_FACE ( 'NONE', ( #6084 ), #5509, .T. ) ;
#6452 = ORIENTED_EDGE ( 'NONE', *, *, #6036, .T. ) ;
#6453 = LINE ( 'NONE', #6373, #210 ) ;
#6454 = DIRECTION ( 'NONE',  ( -1.000000000000000000, 0.0000000000000000000, -6.774548571579288900E-17 ) ) ;
#6455 = ORIENTED_EDGE ( 'NONE', *, *, #4574, .T. ) ;
#6456 = EDGE_CURVE ( 'NONE', #5847, #1853, #3243, .T. ) ;
#6457 = LINE ( 'NONE', #754, #1617 ) ;
#6458 = EDGE_CURVE ( 'NONE', #4762, #5422, #3295, .T. ) ;
#6459 = CARTESIAN_POINT ( 'NONE',  ( -0.4875657056938695888, -10.11055129483321835, -12.14999999999999680 ) ) ;
#6460 =( NAMED_UNIT ( * ) SI_UNIT ( $, .STERADIAN. ) SOLID_ANGLE_UNIT ( ) );
#6461 = VERTEX_POINT ( 'NONE', #5006 ) ;
#6462 = CARTESIAN_POINT ( 'NONE',  ( -1.777014410860664695, -8.400000000000000355, -12.14999999999999680 ) ) ;
#6463 = PLANE ( 'NONE',  #3720 ) ;
#6464 = CARTESIAN_POINT ( 'NONE',  ( 6.819901017490921369, -11.40000000000000036, -12.14999999999999680 ) ) ;
#6465 = CARTESIAN_POINT ( 'NONE',  ( -2.231316807445653527, -6.899999999999999467, 11.78745434496620703 ) ) ;
#6466 = CARTESIAN_POINT ( 'NONE',  ( 8.530452312324126041, -10.11055129483321835, -10.14999999999999503 ) ) ;
#6467 = VERTEX_POINT ( 'NONE', #3186 ) ;
#6468 = ORIENTED_EDGE ( 'NONE', *, *, #3210, .T. ) ;
#6469 = DIRECTION ( 'NONE',  ( 0.7071067811865721087, -0.7071067811865230368, 0.0000000000000000000 ) ) ;
#6470 = CARTESIAN_POINT ( 'NONE',  ( 1.624075715113615433E-15, -6.400000000000003020, -11.14999999999999680 ) ) ;
#6471 =( GEOMETRIC_REPRESENTATION_CONTEXT ( 3 ) GLOBAL_UNCERTAINTY_ASSIGNED_CONTEXT ( ( #2655 ) ) GLOBAL_UNIT_ASSIGNED_CONTEXT ( ( #5017, #1107, #3369 ) ) REPRESENTATION_CONTEXT ( 'NONE', 'WORKASPACE' ) );
#6472 = ORIENTED_EDGE ( 'NONE', *, *, #5390, .F. ) ;
#6473 = CARTESIAN_POINT ( 'NONE',  ( -13.39999982962541658, -4.599999999999999645, -6.950000010874972212 ) ) ;
#6474 = CARTESIAN_POINT ( 'NONE',  ( 11.49999999999999822, -3.000000000000000000, 11.50000000000000178 ) ) ;
#6475 = AXIS2_PLACEMENT_3D ( 'NONE', #2610, #4763, #850 ) ;
#6476 = PLANE ( 'NONE',  #1142 ) ;
#6477 = VERTEX_POINT ( 'NONE', #2136 ) ;
#6478 = SURFACE_STYLE_FILL_AREA ( #2250 ) ;
#6479 = UNCERTAINTY_MEASURE_WITH_UNIT (LENGTH_MEASURE( 1.000000000000000082E-05 ), #3706, 'distance_accuracy_value', 'NONE');
#6480 = ORIENTED_EDGE ( 'NONE', *, *, #6729, .T. ) ;
#6481 = PLANE ( 'NONE',  #1857 ) ;
#6482 = EDGE_CURVE ( 'NONE', #6371, #3305, #4891, .T. ) ;
#6483 = CARTESIAN_POINT ( 'NONE',  ( 8.530452312324126041, -9.689448705166794795, -11.14999999999999680 ) ) ;
#6484 = EDGE_LOOP ( 'NONE', ( #3476, #3313 ) ) ;
#6485 = PRESENTATION_STYLE_ASSIGNMENT (( #3668 ) ) ;
#6486 =( NAMED_UNIT ( * ) PLANE_ANGLE_UNIT ( ) SI_UNIT ( $, .RADIAN. ) );
#6487 = ORIENTED_EDGE ( 'NONE', *, *, #6411, .T. ) ;
#6488 = FILL_AREA_STYLE ('',( #2987 ) ) ;
#6489 = VERTEX_POINT ( 'NONE', #7195 ) ;
#6490 = CARTESIAN_POINT ( 'NONE',  ( 0.0000000000000000000, -12.30000000000000071, 0.0000000000000000000 ) ) ;
#6491 = EDGE_CURVE ( 'NONE', #4955, #5657, #3739, .T. ) ;
#6492 = CARTESIAN_POINT ( 'NONE',  ( -0.4875657056938695888, -10.11055129483321835, -12.14999999999999680 ) ) ;
#6493 = EDGE_CURVE ( 'NONE', #3696, #7044, #2589, .T. ) ;
#6494 = PRESENTATION_LAYER_ASSIGNMENT (  '', '', ( #312 ) ) ;
#6495 = VERTEX_POINT ( 'NONE', #4294 ) ;
#6496 = VECTOR ( 'NONE', #3944, 1000.000000000000114 ) ;
#6497 = LINE ( 'NONE', #3636, #1907 ) ;
#6498 = FILL_AREA_STYLE ('',( #7025 ) ) ;
#6499 = ORIENTED_EDGE ( 'NONE', *, *, #2024, .T. ) ;
#6500 = CARTESIAN_POINT ( 'NONE',  ( -14.35000000000000320, -4.599999999999999645, 10.15000000000000391 ) ) ;
#6501 = CARTESIAN_POINT ( 'NONE',  ( -14.35000000000000320, -12.59999999999999964, 10.15000000000000391 ) ) ;
#6502 = DIRECTION ( 'NONE',  ( -0.7071068623563008249, 0.0000000000000000000, 0.7071067000167849947 ) ) ;
#6503 = DIRECTION ( 'NONE',  ( -0.0000000000000000000, 1.000000000000000000, -0.0000000000000000000 ) ) ;
#6504 = COLOUR_RGB ( '',0.0000000000000000000, 0.007843137254901960675, 0.02745098039215686236 ) ;
#6505 = EDGE_CURVE ( 'NONE', #3099, #2158, #6606, .T. ) ;
#6506 = CARTESIAN_POINT ( 'NONE',  ( -1.931316807445654371, -6.899999999999999467, 11.48745434496620632 ) ) ;
#6507 = DIRECTION ( 'NONE',  ( 0.0000000000000000000, -1.000000000000000000, 0.0000000000000000000 ) ) ;
#6508 = VERTEX_POINT ( 'NONE', #6639 ) ;
#6509 = ORIENTED_EDGE ( 'NONE', *, *, #6236, .F. ) ;
#6510 = CARTESIAN_POINT ( 'NONE',  ( 11.49999999999999822, -0.09999999999999592548, -11.39999999999999503 ) ) ;
#6511 = EDGE_LOOP ( 'NONE', ( #5322, #252, #3653, #6257 ) ) ;
#6512 = CARTESIAN_POINT ( 'NONE',  ( -13.39999992025019893, -4.599999999999999645, -9.449999999999997513 ) ) ;
#6513 = VECTOR ( 'NONE', #3490, 1000.000000000000000 ) ;
#6514 = EDGE_CURVE ( 'NONE', #1478, #1437, #4366, .T. ) ;
#6515 = AXIS2_PLACEMENT_3D ( 'NONE', #4719, #7141, #4751 ) ;
#6516 = DIRECTION ( 'NONE',  ( 2.668805347656532354E-13, 0.0000000000000000000, -1.000000000000000000 ) ) ;
#6517 = AXIS2_PLACEMENT_3D ( 'NONE', #4208, #6561, #6520 ) ;
#6518 = VECTOR ( 'NONE', #499, 1000.000000000000000 ) ;
#6519 = ORIENTED_EDGE ( 'NONE', *, *, #1164, .T. ) ;
#6520 = DIRECTION ( 'NONE',  ( 0.0000000000000000000, -0.0000000000000000000, -1.000000000000000000 ) ) ;
#6521 = VERTEX_POINT ( 'NONE', #6116 ) ;
#6522 = PLANE ( 'NONE',  #7237 ) ;
#6523 = CIRCLE ( 'NONE', #4947, 11.50000000000000000 ) ;
#6524 = AXIS2_PLACEMENT_3D ( 'NONE', #6564, #3139, #1398 ) ;
#6525 = SURFACE_STYLE_USAGE ( .BOTH. , #5315 ) ;
#6526 = PRESENTATION_LAYER_ASSIGNMENT (  '', '', ( #2099 ) ) ;
#6527 = VECTOR ( 'NONE', #1890, 1000.000000000000000 ) ;
#6528 = AXIS2_PLACEMENT_3D ( 'NONE', #2380, #4648, #6406 ) ;
#6529 = AXIS2_PLACEMENT_3D ( 'NONE', #3462, #2858, #283 ) ;
#6530 = CARTESIAN_POINT ( 'NONE',  ( -10.39999994562513486, -12.59999999999999964, -10.14999999999999858 ) ) ;
#6531 = FILL_AREA_STYLE_COLOUR ( '', #3771 ) ;
#6532 = VERTEX_POINT ( 'NONE', #999 ) ;
#6533 = ORIENTED_EDGE ( 'NONE', *, *, #6558, .F. ) ;
#6534 = DIRECTION ( 'NONE',  ( 6.672013369141570147E-16, 0.0000000000000000000, 1.000000000000000000 ) ) ;
#6535 = SURFACE_SIDE_STYLE ('',( #2992 ) ) ;
#6536 = MECHANICAL_DESIGN_GEOMETRIC_PRESENTATION_REPRESENTATION (  '', ( #111 ), #3650 ) ;
#6537 = CIRCLE ( 'NONE', #3299, 2.199999999999999289 ) ;
#6538 = ORIENTED_EDGE ( 'NONE', *, *, #3230, .F. ) ;
#6539 = PRESENTATION_STYLE_ASSIGNMENT (( #679 ) ) ;
#6540 = CARTESIAN_POINT ( 'NONE',  ( -1.631316807445650996, -6.899999999999999467, 9.287454344966207032 ) ) ;
#6541 = FILL_AREA_STYLE_COLOUR ( '', #4651 ) ;
#6542 = LINE ( 'NONE', #5411, #2319 ) ;
#6543 = EDGE_CURVE ( 'NONE', #2749, #6796, #3253, .T. ) ;
#6544 = ORIENTED_EDGE ( 'NONE', *, *, #3903, .T. ) ;
#6545 = PLANE ( 'NONE',  #7200 ) ;
#6546 = CARTESIAN_POINT ( 'NONE',  ( 14.35000000000000142, -12.20000000000000107, -10.14999999999999858 ) ) ;
#6547 = CARTESIAN_POINT ( 'NONE',  ( 0.0000000000000000000, 0.0000000000000000000, 0.0000000000000000000 ) ) ;
#6548 = ORIENTED_EDGE ( 'NONE', *, *, #6411, .F. ) ;
#6549 = ORIENTED_EDGE ( 'NONE', *, *, #3135, .F. ) ;
#6550 = DIRECTION ( 'NONE',  ( 5.304964758338859037E-17, -0.0000000000000000000, -1.000000000000000000 ) ) ;
#6551 = EDGE_CURVE ( 'NONE', #3552, #6428, #1690, .T. ) ;
#6552 = EDGE_CURVE ( 'NONE', #5895, #4759, #6820, .T. ) ;
#6553 = ORIENTED_EDGE ( 'NONE', *, *, #1193, .T. ) ;
#6554 = DIRECTION ( 'NONE',  ( -1.000000000000000000, 0.0000000000000000000, 0.0000000000000000000 ) ) ;
#6555 = CARTESIAN_POINT ( 'NONE',  ( -0.4893540843755924685, 1.179019469765940654E-16, -11.14999999999999680 ) ) ;
#6556 = DIRECTION ( 'NONE',  ( 0.0000000000000000000, -0.0000000000000000000, -1.000000000000000000 ) ) ;
#6557 = DIRECTION ( 'NONE',  ( -1.000000000000000000, 0.0000000000000000000, 0.0000000000000000000 ) ) ;
#6558 = EDGE_CURVE ( 'NONE', #4750, #3682, #6785, .T. ) ;
#6559 = EDGE_CURVE ( 'NONE', #185, #2988, #3948, .T. ) ;
#6560 = ORIENTED_EDGE ( 'NONE', *, *, #2306, .F. ) ;
#6561 = DIRECTION ( 'NONE',  ( 0.0000000000000000000, -1.000000000000000000, 0.0000000000000000000 ) ) ;
#6562 = UNCERTAINTY_MEASURE_WITH_UNIT (LENGTH_MEASURE( 1.000000000000000082E-05 ), #3080, 'distance_accuracy_value', 'NONE');
#6563 = ORIENTED_EDGE ( 'NONE', *, *, #3903, .F. ) ;
#6564 = CARTESIAN_POINT ( 'NONE',  ( 14.85000000000000675, -4.599999999999999645, 0.0000000000000000000 ) ) ;
#6565 = CARTESIAN_POINT ( 'NONE',  ( 7.030452312324132258, -9.900000000000003908, -12.14999999999999680 ) ) ;
#6566 = CIRCLE ( 'NONE', #2486, 2.199999999999998845 ) ;
#6567 = DIRECTION ( 'NONE',  ( 2.668805347656532354E-13, 0.0000000000000000000, -1.000000000000000000 ) ) ;
#6568 = DIRECTION ( 'NONE',  ( -0.0000000000000000000, 1.000000000000000000, -0.0000000000000000000 ) ) ;
#6569 = VERTEX_POINT ( 'NONE', #5909 ) ;
#6570 = ORIENTED_EDGE ( 'NONE', *, *, #75, .F. ) ;
#6571 = FACE_OUTER_BOUND ( 'NONE', #624, .T. ) ;
#6572 = SURFACE_SIDE_STYLE ('',( #4709 ) ) ;
#6573 = VECTOR ( 'NONE', #181, 1000.000000000000000 ) ;
#6574 = DIRECTION ( 'NONE',  ( 0.0000000000000000000, 1.000000000000000000, 0.0000000000000000000 ) ) ;
#6575 = ADVANCED_FACE ( 'NONE', ( #368 ), #2888, .T. ) ;
#6576 = DIRECTION ( 'NONE',  ( -1.000000000000000000, 0.0000000000000000000, 3.522823058906759608E-13 ) ) ;
#6577 = CARTESIAN_POINT ( 'NONE',  ( 14.34999999999999609, -12.59999999999999964, 8.549999999999997158 ) ) ;
#6578 = DIRECTION ( 'NONE',  ( 0.0000000000000000000, -1.000000000000000000, 0.0000000000000000000 ) ) ;
#6579 = ORIENTED_EDGE ( 'NONE', *, *, #2785, .T. ) ;
#6580 = DIRECTION ( 'NONE',  ( 1.334402673828313093E-16, -1.000000000000000000, 7.078959158092342087E-33 ) ) ;
#6581 = DIRECTION ( 'NONE',  ( -0.7071067000167849947, 0.0000000000000000000, -0.7071068623563008249 ) ) ;
#6582 = CARTESIAN_POINT ( 'NONE',  ( -14.32499996851770874, -18.61923881554287519, -5.724999986169907906 ) ) ;
#6583 = EDGE_CURVE ( 'NONE', #4519, #6978, #645, .T. ) ;
#6584 = CLOSED_SHELL ( 'NONE', ( #4282, #2556, #1425, #6676, #3245, #2786, #2462, #4538, #2101, #2172, #7267, #5349, #6575, #3364, #5106, #1906, #4735, #5115, #1802, #6917, #1695, #257, #6366, #3301, #1824, #4974, #5145, #2651, #6636, #2899, #441, #2261, #6594, #852, #6360, #3268, #5763, #6723, #2644, #7013, #4365, #6808, #2948, #481, #4416, #2555, #1919, #2867, #3736, #4784, #6768, #3238, #2863, #1334, #818, #6339, #4492, #809, #4806, #805, #2369, #6644, #7332, #3919, #6823, #2142, #3871, #4018, #3458, #6899, #5542, #3826, #264, #401, #5205, #3971, #6451, #2492, #3699, #5582, #6401, #4386, #5898, #980, #1222, #2155, #5470, #7187, #429, #5459, #3740, #7226, #862, #30, #3959, #1563, #2824, #6013, #2748, #2729, #1960, #587, #1323, #5524, #5234, #171, #5355, #1656, #4904, #3151, #5338, #6855, #5058, #4634, #1784, #609, #4277, #2270, #4321, #6657, #5503, #1271, #2410, #854, #4439, #626, #3010, #5961, #2276, #5291, #371, #2405, #5913, #7143, #4144, #5497, #2013, #3201, #2190, #473, #1552, #5154, #6005, #4767, #5534, #652, #7091, #6099, #6003, #3815, #3559, #4009, #5626, #1498, #454, #5488, #843, #3947, #7150, #6909, #4933, #5012, #82, #5357, #2110, #2892, #6776, #4375, #4677, #1420, #5078, #1458, #2032, #4377, #4728, #7310, #7046, #2509, #4534, #3793, #5719, #2275, #4683, #946, #4623, #4292, #1374, #6603, #5762, #2609, #3448, #649, #6255, #5413, #3910, #5585, #124, #7259, #5851, #6835, #3090, #2657, #7179, #5064, #2915, #3655, #2855, #537, #898, #3823, #5809, #263, #5995, #1735, #3678, #3326 ) ) ;
#6585 = ORIENTED_EDGE ( 'NONE', *, *, #719, .F. ) ;
#6586 = ORIENTED_EDGE ( 'NONE', *, *, #4884, .F. ) ;
#6587 = CARTESIAN_POINT ( 'NONE',  ( -5.459385576205934676, -6.899999999999999467, 5.459385576205964874 ) ) ;
#6588 = CARTESIAN_POINT ( 'NONE',  ( 14.34999999999999609, -12.20000000000000107, 11.75000000000001243 ) ) ;
#6589 = ORIENTED_EDGE ( 'NONE', *, *, #6948, .F. ) ;
#6590 = CARTESIAN_POINT ( 'NONE',  ( -1.777014410860664695, -8.400000000000000355, -11.64999999999999680 ) ) ;
#6591 = CARTESIAN_POINT ( 'NONE',  ( 0.0000000000000000000, -12.59999999999999964, 0.0000000000000000000 ) ) ;
#6592 = EDGE_CURVE ( 'NONE', #2688, #1853, #7028, .T. ) ;
#6593 = FILL_AREA_STYLE_COLOUR ( '', #5065 ) ;
#6594 = ADVANCED_FACE ( 'NONE', ( #3603 ), #4076, .T. ) ;
#6595 = CARTESIAN_POINT ( 'NONE',  ( -2.231316807445653083, -6.899999999999999467, 9.287454344966207032 ) ) ;
#6596 = ORIENTED_EDGE ( 'NONE', *, *, #5811, .T. ) ;
#6597 = CARTESIAN_POINT ( 'NONE',  ( -8.594011564216394561, -4.599999999999999645, -3.107656175016917821 ) ) ;
#6598 = ORIENTED_EDGE ( 'NONE', *, *, #3190, .F. ) ;
#6599 = DIRECTION ( 'NONE',  ( 0.0000000000000000000, 1.000000000000000000, 0.0000000000000000000 ) ) ;
#6600 = CARTESIAN_POINT ( 'NONE',  ( 7.241003607157344035, 7.488015623777569931E-32, -11.14999999999999680 ) ) ;
#6601 = EDGE_CURVE ( 'NONE', #2607, #970, #5779, .T. ) ;
#6602 = PLANE ( 'NONE',  #4035 ) ;
#6603 = ADVANCED_FACE ( 'NONE', ( #4044 ), #6463, .T. ) ;
#6604 = VECTOR ( 'NONE', #6554, 1000.000000000000000 ) ;
#6605 = ORIENTED_EDGE ( 'NONE', *, *, #2119, .T. ) ;
#6606 = LINE ( 'NONE', #6048, #298 ) ;
#6607 = STYLED_ITEM ( 'NONE', ( #686 ), #6636 ) ;
#6608 = CARTESIAN_POINT ( 'NONE',  ( -11.42500020299949171, -4.599999999999999645, -11.42499978884426781 ) ) ;
#6609 = ORIENTED_EDGE ( 'NONE', *, *, #4245, .F. ) ;
#6610 = CARTESIAN_POINT ( 'NONE',  ( 0.0000000000000000000, -4.599999999999999645, 9.287454344966207032 ) ) ;
#6611 = DIRECTION ( 'NONE',  ( 0.0000000000000000000, -0.0000000000000000000, -1.000000000000000000 ) ) ;
#6612 = VECTOR ( 'NONE', #4397, 1000.000000000000000 ) ;
#6613 = EDGE_LOOP ( 'NONE', ( #5300, #5227, #121, #126 ) ) ;
#6614 =( LENGTH_UNIT ( ) NAMED_UNIT ( * ) SI_UNIT ( .MILLI., .METRE. ) );
#6615 = DIRECTION ( 'NONE',  ( 0.0000000000000000000, 1.000000000000000000, 0.0000000000000000000 ) ) ;
#6616 = ORIENTED_EDGE ( 'NONE', *, *, #1285, .F. ) ;
#6617 =( LENGTH_UNIT ( ) NAMED_UNIT ( * ) SI_UNIT ( .MILLI., .METRE. ) );
#6618 = PLANE ( 'NONE',  #5646 ) ;
#6619 = DIRECTION ( 'NONE',  ( -1.000000000000000000, -0.0000000000000000000, -0.0000000000000000000 ) ) ;
#6620 = LINE ( 'NONE', #1484, #1743 ) ;
#6621 = STYLED_ITEM ( 'NONE', ( #5112 ), #6823 ) ;
#6622 = VERTEX_POINT ( 'NONE', #6429 ) ;
#6623 = ORIENTED_EDGE ( 'NONE', *, *, #762, .F. ) ;
#6624 = CARTESIAN_POINT ( 'NONE',  ( 8.530452312324126041, -9.689448705166794795, -11.64999999999999680 ) ) ;
#6625 = DIRECTION ( 'NONE',  ( 1.000000000000000000, 0.0000000000000000000, -9.130123557772656255E-16 ) ) ;
#6626 = LINE ( 'NONE', #884, #4916 ) ;
#6627 = DIRECTION ( 'NONE',  ( 0.0000000000000000000, -0.0000000000000000000, 1.000000000000000000 ) ) ;
#6628 = SURFACE_STYLE_FILL_AREA ( #1460 ) ;
#6629 = EDGE_CURVE ( 'NONE', #1853, #7049, #1295, .T. ) ;
#6630 = VERTEX_POINT ( 'NONE', #760 ) ;
#6631 = DIRECTION ( 'NONE',  ( -1.427755947306013918E-16, 0.0000000000000000000, -1.000000000000000000 ) ) ;
#6632 = VECTOR ( 'NONE', #2605, 1000.000000000000000 ) ;
#6633 = UNCERTAINTY_MEASURE_WITH_UNIT (LENGTH_MEASURE( 1.000000000000000082E-05 ), #4011, 'distance_accuracy_value', 'NONE');
#6634 = ORIENTED_EDGE ( 'NONE', *, *, #3751, .F. ) ;
#6635 = PLANE ( 'NONE',  #4834 ) ;
#6636 = ADVANCED_FACE ( 'NONE', ( #3002 ), #5173, .F. ) ;
#6637 = LINE ( 'NONE', #2167, #6215 ) ;
#6638 = VECTOR ( 'NONE', #6317, 999.9999999999998863 ) ;
#6639 = CARTESIAN_POINT ( 'NONE',  ( 0.5686831925543465172, -4.599999999999999645, 11.48745434496620987 ) ) ;
#6640 = LINE ( 'NONE', #6608, #3525 ) ;
#6641 = STYLED_ITEM ( 'NONE', ( #2533 ), #809 ) ;
#6642 = VERTEX_POINT ( 'NONE', #1525 ) ;
#6643 = VECTOR ( 'NONE', #5704, 1000.000000000000000 ) ;
#6644 = ADVANCED_FACE ( 'NONE', ( #5485 ), #3121, .T. ) ;
#6645 = CARTESIAN_POINT ( 'NONE',  ( -11.50000000000000000, -0.09999999999999592548, 11.40000000000000568 ) ) ;
#6646 = VECTOR ( 'NONE', #5000, 1000.000000000000000 ) ;
#6647 = PRESENTATION_LAYER_ASSIGNMENT (  '', '', ( #2687 ) ) ;
#6648 = SURFACE_SIDE_STYLE ('',( #6712 ) ) ;
#6649 = LINE ( 'NONE', #7326, #4102 ) ;
#6650 = VECTOR ( 'NONE', #2212, 1000.000000000000000 ) ;
#6651 = MECHANICAL_DESIGN_GEOMETRIC_PRESENTATION_REPRESENTATION (  '', ( #4703 ), #7244 ) ;
#6652 = COLOUR_RGB ( '',0.0000000000000000000, 0.9372549019607843146, 0.3450980392156862697 ) ;
#6653 = FILL_AREA_STYLE ('',( #5516 ) ) ;
#6654 = VECTOR ( 'NONE', #2188, 1000.000000000000000 ) ;
#6655 = CARTESIAN_POINT ( 'NONE',  ( -2.856316807445651307, -18.61923881554287519, 10.21245434496620952 ) ) ;
#6656 = ORIENTED_EDGE ( 'NONE', *, *, #4500, .T. ) ;
#6657 = ADVANCED_FACE ( 'NONE', ( #5984 ), #6545, .T. ) ;
#6658 = DIRECTION ( 'NONE',  ( 0.5773502691896124084, 0.5773502691896524874, 0.5773502691896124084 ) ) ;
#6659 = VECTOR ( 'NONE', #536, 1000.000000000000000 ) ;
#6660 = TOROIDAL_SURFACE ( 'NONE', #225, 1.600000000000014300, 0.4000000000000000222 ) ;
#6661 =( GEOMETRIC_REPRESENTATION_CONTEXT ( 3 ) GLOBAL_UNCERTAINTY_ASSIGNED_CONTEXT ( ( #2733 ) ) GLOBAL_UNIT_ASSIGNED_CONTEXT ( ( #4258, #6709, #347 ) ) REPRESENTATION_CONTEXT ( 'NONE', 'WORKASPACE' ) );
#6662 = CARTESIAN_POINT ( 'NONE',  ( 11.49999999999999822, -3.000000000000000000, 11.39999999999999858 ) ) ;
#6663 = ORIENTED_EDGE ( 'NONE', *, *, #4078, .F. ) ;
#6664 = ORIENTED_EDGE ( 'NONE', *, *, #4046, .T. ) ;
#6665 = LINE ( 'NONE', #6727, #914 ) ;
#6666 = EDGE_LOOP ( 'NONE', ( #803, #4627, #1699, #810 ) ) ;
#6667 = FACE_OUTER_BOUND ( 'NONE', #984, .T. ) ;
#6668 = CARTESIAN_POINT ( 'NONE',  ( -14.32499996012503729, -12.20000000000000462, -10.07499999999986606 ) ) ;
#6669 = SURFACE_STYLE_FILL_AREA ( #7282 ) ;
#6670 = ORIENTED_EDGE ( 'NONE', *, *, #3003, .T. ) ;
#6671 = CARTESIAN_POINT ( 'NONE',  ( 2.143683192554345585, -6.899999999999999467, 10.86245434496621343 ) ) ;
#6672 = ORIENTED_EDGE ( 'NONE', *, *, #4915, .F. ) ;
#6673 = LINE ( 'NONE', #6222, #3406 ) ;
#6674 = CARTESIAN_POINT ( 'NONE',  ( 3.780452312324131370, -4.684313839999623600E-16, -10.14999999999999503 ) ) ;
#6675 = PRESENTATION_STYLE_ASSIGNMENT (( #6740 ) ) ;
#6676 = ADVANCED_FACE ( 'NONE', ( #979 ), #281, .F. ) ;
#6677 = CARTESIAN_POINT ( 'NONE',  ( -4.410468255767563406, -8.795848551677842408, 6.808302896644299551 ) ) ;
#6678 = DIRECTION ( 'NONE',  ( 0.0000000000000000000, 0.0000000000000000000, 1.000000000000000000 ) ) ;
#6679 = ORIENTED_EDGE ( 'NONE', *, *, #2236, .T. ) ;
#6680 = VERTEX_POINT ( 'NONE', #2121 ) ;
#6681 =( LENGTH_UNIT ( ) NAMED_UNIT ( * ) SI_UNIT ( .MILLI., .METRE. ) );
#6682 = PLANE ( 'NONE',  #447 ) ;
#6683 = EDGE_CURVE ( 'NONE', #6521, #1704, #951, .T. ) ;
#6684 = ORIENTED_EDGE ( 'NONE', *, *, #6493, .T. ) ;
#6685 = FACE_OUTER_BOUND ( 'NONE', #3581, .T. ) ;
#6686 = DIRECTION ( 'NONE',  ( -1.239088197126290817E-16, -1.000000000000000000, -1.455723899794182381E-32 ) ) ;
#6687 = ORIENTED_EDGE ( 'NONE', *, *, #323, .F. ) ;
#6688 = CARTESIAN_POINT ( 'NONE',  ( -14.97499996012517975, -12.20000000000000462, -10.07499999999992291 ) ) ;
#6689 = VECTOR ( 'NONE', #6412, 1000.000000000000000 ) ;
#6690 = FACE_BOUND ( 'NONE', #714, .T. ) ;
#6691 = CARTESIAN_POINT ( 'NONE',  ( -16.35000000000000853, -3.000000000000000000, -12.14999999999999858 ) ) ;
#6692 = EDGE_CURVE ( 'NONE', #1474, #3412, #5947, .T. ) ;
#6693 = VECTOR ( 'NONE', #4364, 1000.000000000000000 ) ;
#6694 = FILL_AREA_STYLE ('',( #7208 ) ) ;
#6695 = VERTEX_POINT ( 'NONE', #4899 ) ;
#6696 = ORIENTED_EDGE ( 'NONE', *, *, #4915, .T. ) ;
#6697 = LINE ( 'NONE', #6624, #1038 ) ;
#6698 = VERTEX_POINT ( 'NONE', #7142 ) ;
#6699 = DIRECTION ( 'NONE',  ( -1.000000000000000000, 0.0000000000000000000, 0.0000000000000000000 ) ) ;
#6700 = LINE ( 'NONE', #1494, #2903 ) ;
#6701 = DIRECTION ( 'NONE',  ( 0.0000000000000000000, 0.0000000000000000000, 1.000000000000000000 ) ) ;
#6702 = EDGE_LOOP ( 'NONE', ( #6779, #6538, #2502, #1098, #4541, #2326 ) ) ;
#6703 = CARTESIAN_POINT ( 'NONE',  ( -1.006316807445648998, -18.61923881554287519, -3.357079596434616513E-16 ) ) ;
#6704 = UNCERTAINTY_MEASURE_WITH_UNIT (LENGTH_MEASURE( 1.000000000000000082E-05 ), #1357, 'distance_accuracy_value', 'NONE');
#6705 = ORIENTED_EDGE ( 'NONE', *, *, #2776, .F. ) ;
#6706 = CARTESIAN_POINT ( 'NONE',  ( 6.819901017490921369, -11.40000000000000036, -10.14999999999999503 ) ) ;
#6707 = VECTOR ( 'NONE', #4379, 1000.000000000000000 ) ;
#6708 = FACE_OUTER_BOUND ( 'NONE', #5273, .T. ) ;
#6709 =( NAMED_UNIT ( * ) PLANE_ANGLE_UNIT ( ) SI_UNIT ( $, .RADIAN. ) );
#6710 = ORIENTED_EDGE ( 'NONE', *, *, #2498, .T. ) ;
#6711 = CARTESIAN_POINT ( 'NONE',  ( -1.777014410860665139, -10.11055129483321835, -12.14999999999999680 ) ) ;
#6712 = SURFACE_STYLE_FILL_AREA ( #6746 ) ;
#6713 = DIRECTION ( 'NONE',  ( -2.409338161078898194E-16, -1.000000000000000000, -2.248515421962767247E-32 ) ) ;
#6714 = EDGE_LOOP ( 'NONE', ( #804, #4546, #5637, #309 ) ) ;
#6715 = CARTESIAN_POINT ( 'NONE',  ( -2.856316807445651307, -6.899999999999999467, 10.86245434496620632 ) ) ;
#6716 = LINE ( 'NONE', #2666, #5388 ) ;
#6717 = ORIENTED_EDGE ( 'NONE', *, *, #1314, .T. ) ;
#6718 = ORIENTED_EDGE ( 'NONE', *, *, #6179, .T. ) ;
#6719 = DIRECTION ( 'NONE',  ( 0.0000000000000000000, 0.0000000000000000000, 1.000000000000000000 ) ) ;
#6720 = EDGE_CURVE ( 'NONE', #3130, #1464, #909, .T. ) ;
#6721 = CARTESIAN_POINT ( 'NONE',  ( 3.068683192554345851, -6.899999999999999467, 0.0000000000000000000 ) ) ;
#6722 = LINE ( 'NONE', #3233, #7125 ) ;
#6723 = ADVANCED_FACE ( 'NONE', ( #4269 ), #6618, .T. ) ;
#6724 = DIRECTION ( 'NONE',  ( 5.304964758338859037E-17, -0.0000000000000000000, -1.000000000000000000 ) ) ;
#6725 = ORIENTED_EDGE ( 'NONE', *, *, #437, .T. ) ;
#6726 = ORIENTED_EDGE ( 'NONE', *, *, #272, .F. ) ;
#6727 = CARTESIAN_POINT ( 'NONE',  ( 16.34999999999999787, -4.599999999999999645, -12.14999999999999680 ) ) ;
#6728 = EDGE_LOOP ( 'NONE', ( #7140, #3924, #3673, #6185 ) ) ;
#6729 = EDGE_CURVE ( 'NONE', #6285, #3776, #260, .T. ) ;
#6730 = DIRECTION ( 'NONE',  ( 0.0000000000000000000, 1.000000000000000000, 0.0000000000000000000 ) ) ;
#6731 = EDGE_CURVE ( 'NONE', #724, #7049, #3601, .T. ) ;
#6732 = CARTESIAN_POINT ( 'NONE',  ( -4.474999999999823785, -4.599999999999999645, 4.474999999999926814 ) ) ;
#6733 = AXIS2_PLACEMENT_3D ( 'NONE', #2680, #4391, #6699 ) ;
#6734 = VERTEX_POINT ( 'NONE', #4611 ) ;
#6735 =( LENGTH_UNIT ( ) NAMED_UNIT ( * ) SI_UNIT ( .MILLI., .METRE. ) );
#6736 = EDGE_CURVE ( 'NONE', #2470, #2938, #1789, .T. ) ;
#6737 = FACE_OUTER_BOUND ( 'NONE', #1582, .T. ) ;
#6738 = DIRECTION ( 'NONE',  ( 1.000000000000000000, 0.0000000000000000000, 0.0000000000000000000 ) ) ;
#6739 = CIRCLE ( 'NONE', #912, 2.000000000000000000 ) ;
#6740 = SURFACE_STYLE_USAGE ( .BOTH. , #7224 ) ;
#6741 = DIRECTION ( 'NONE',  ( 3.552713678800500140E-15, 0.7071067811865230368, -0.7071067811865721087 ) ) ;
#6742 = DIRECTION ( 'NONE',  ( -0.0000000000000000000, 1.000000000000000000, -0.0000000000000000000 ) ) ;
#6743 = VECTOR ( 'NONE', #1475, 1000.000000000000000 ) ;
#6744 = ORIENTED_EDGE ( 'NONE', *, *, #5246, .F. ) ;
#6745 = DIRECTION ( 'NONE',  ( -1.334402673827726470E-13, 0.0000000000000000000, 1.000000000000000000 ) ) ;
#6746 = FILL_AREA_STYLE ('',( #4404 ) ) ;
#6747 = AXIS2_PLACEMENT_3D ( 'NONE', #6547, #6432, #4158 ) ;
#6748 = DIRECTION ( 'NONE',  ( 6.672013369141553384E-16, 0.0000000000000000000, -1.000000000000000000 ) ) ;
#6749 = VERTEX_POINT ( 'NONE', #738 ) ;
#6750 = AXIS2_PLACEMENT_3D ( 'NONE', #251, #918, #3087 ) ;
#6751 = AXIS2_PLACEMENT_3D ( 'NONE', #20, #5126, #6799 ) ;
#6752 = PRESENTATION_STYLE_ASSIGNMENT (( #3409 ) ) ;
#6753 = LINE ( 'NONE', #4334, #1557 ) ;
#6754 = LINE ( 'NONE', #5597, #1095 ) ;
#6755 = ORIENTED_EDGE ( 'NONE', *, *, #2637, .T. ) ;
#6756 = COLOUR_RGB ( '',0.0000000000000000000, 0.007843137254901960675, 0.02745098039215686236 ) ;
#6757 = DIRECTION ( 'NONE',  ( 5.304964758338859037E-17, 0.0000000000000000000, -1.000000000000000000 ) ) ;
#6758 = MECHANICAL_DESIGN_GEOMETRIC_PRESENTATION_REPRESENTATION (  '', ( #2310 ), #2570 ) ;
#6759 = VERTEX_POINT ( 'NONE', #3580 ) ;
#6760 = CARTESIAN_POINT ( 'NONE',  ( 2.043683192554350381, -12.30000000000000071, 10.31245434496620916 ) ) ;
#6761 = CARTESIAN_POINT ( 'NONE',  ( -10.39999994562513486, -12.59999999999999964, -8.550000000000000711 ) ) ;
#6762 = VECTOR ( 'NONE', #6348, 1000.000000000000000 ) ;
#6763 = LINE ( 'NONE', #1082, #3644 ) ;
#6764 = VECTOR ( 'NONE', #6042, 1000.000000000000000 ) ;
#6765 = VECTOR ( 'NONE', #7039, 1000.000000000000000 ) ;
#6766 = VECTOR ( 'NONE', #1640, 1000.000000000000114 ) ;
#6767 = VECTOR ( 'NONE', #5428, 1000.000000000000000 ) ;
#6768 = ADVANCED_FACE ( 'NONE', ( #7009 ), #3017, .F. ) ;
#6769 = CARTESIAN_POINT ( 'NONE',  ( -11.50000000000000000, -3.000000000000000000, -11.40000000000000924 ) ) ;
#6770 = ORIENTED_EDGE ( 'NONE', *, *, #7301, .T. ) ;
#6771 =( NAMED_UNIT ( * ) PLANE_ANGLE_UNIT ( ) SI_UNIT ( $, .RADIAN. ) );
#6772 = VECTOR ( 'NONE', #3524, 1000.000000000000000 ) ;
#6773 = ORIENTED_EDGE ( 'NONE', *, *, #2412, .F. ) ;
#6774 = CARTESIAN_POINT ( 'NONE',  ( 0.0000000000000000000, -6.899999999999999467, 9.287454344966207032 ) ) ;
#6775 = DIRECTION ( 'NONE',  ( -1.000000000000000000, -0.0000000000000000000, -0.0000000000000000000 ) ) ;
#6776 = ADVANCED_FACE ( 'NONE', ( #4921 ), #7223, .F. ) ;
#6777 = CARTESIAN_POINT ( 'NONE',  ( 14.35000000000000142, -4.599999999999999645, -10.14999999999999858 ) ) ;
#6778 = DIRECTION ( 'NONE',  ( 0.0000000000000000000, 0.0000000000000000000, 1.000000000000000000 ) ) ;
#6779 = ORIENTED_EDGE ( 'NONE', *, *, #2302, .T. ) ;
#6780 = DIRECTION ( 'NONE',  ( 1.000000000000000000, 0.0000000000000000000, 3.202566417188799645E-14 ) ) ;
#6781 = DIRECTION ( 'NONE',  ( 0.0000000000000000000, 0.0000000000000000000, -1.000000000000000000 ) ) ;
#6782 = DIRECTION ( 'NONE',  ( -1.239088197126290817E-16, -1.000000000000000000, -1.455723899794182381E-32 ) ) ;
#6783 = EDGE_CURVE ( 'NONE', #3557, #2688, #2036, .T. ) ;
#6784 = EDGE_CURVE ( 'NONE', #5460, #4707, #1579, .T. ) ;
#6785 = LINE ( 'NONE', #2238, #2648 ) ;
#6786 = LINE ( 'NONE', #4502, #1994 ) ;
#6787 = ORIENTED_EDGE ( 'NONE', *, *, #3558, .F. ) ;
#6788 = DIRECTION ( 'NONE',  ( -1.000000000000000000, 0.0000000000000000000, 5.337610695312117003E-15 ) ) ;
#6789 = DIRECTION ( 'NONE',  ( -0.0000000000000000000, 0.0000000000000000000, 1.000000000000000000 ) ) ;
#6790 = CARTESIAN_POINT ( 'NONE',  ( 0.0000000000000000000, 5.699999999999998401, -5.699999999999603162 ) ) ;
#6791 = DIRECTION ( 'NONE',  ( -0.0000000000000000000, -1.000000000000000000, 0.0000000000000000000 ) ) ;
#6792 = ORIENTED_EDGE ( 'NONE', *, *, #5390, .T. ) ;
#6793 = DIRECTION ( 'NONE',  ( 5.304964758338859037E-17, 0.0000000000000000000, -1.000000000000000000 ) ) ;
#6794 = CARTESIAN_POINT ( 'NONE',  ( 11.39999999999999503, 0.0000000000000000000, 0.0000000000000000000 ) ) ;
#6795 = FILL_AREA_STYLE ('',( #16 ) ) ;
#6796 = VERTEX_POINT ( 'NONE', #3698 ) ;
#6797 = PLANE ( 'NONE',  #4568 ) ;
#6798 = ORIENTED_EDGE ( 'NONE', *, *, #5886, .T. ) ;
#6799 = DIRECTION ( 'NONE',  ( -1.000000000000000000, 0.0000000000000000000, 5.337610695312117003E-15 ) ) ;
#6800 = EDGE_CURVE ( 'NONE', #4510, #1686, #6004, .T. ) ;
#6801 = LINE ( 'NONE', #3309, #1991 ) ;
#6802 = ORIENTED_EDGE ( 'NONE', *, *, #3034, .T. ) ;
#6803 = CARTESIAN_POINT ( 'NONE',  ( -1.006316807445652550, -12.19999999999999041, 10.86245434496620810 ) ) ;
#6804 = ORIENTED_EDGE ( 'NONE', *, *, #6736, .T. ) ;
#6805 = STYLED_ITEM ( 'NONE', ( #5547 ), #1919 ) ;
#6806 = ORIENTED_EDGE ( 'NONE', *, *, #5787, .T. ) ;
#6807 = PRESENTATION_STYLE_ASSIGNMENT (( #5135 ) ) ;
#6808 = ADVANCED_FACE ( 'NONE', ( #6114 ), #1541, .T. ) ;
#6809 = MECHANICAL_DESIGN_GEOMETRIC_PRESENTATION_REPRESENTATION (  '', ( #31 ), #3915 ) ;
#6810 = DIRECTION ( 'NONE',  ( 0.0000000000000000000, -1.000000000000000000, 0.0000000000000000000 ) ) ;
#6811 = CARTESIAN_POINT ( 'NONE',  ( 1.262434294306123750, -6.400000000000000355, -10.14999999999999503 ) ) ;
#6812 =( NAMED_UNIT ( * ) PLANE_ANGLE_UNIT ( ) SI_UNIT ( $, .RADIAN. ) );
#6813 =( GEOMETRIC_REPRESENTATION_CONTEXT ( 3 ) GLOBAL_UNCERTAINTY_ASSIGNED_CONTEXT ( ( #1035 ) ) GLOBAL_UNIT_ASSIGNED_CONTEXT ( ( #238, #2961, #836 ) ) REPRESENTATION_CONTEXT ( 'NONE', 'WORKASPACE' ) );
#6814 = ORIENTED_EDGE ( 'NONE', *, *, #817, .T. ) ;
#6815 = FACE_OUTER_BOUND ( 'NONE', #6155, .T. ) ;
#6816 = EDGE_CURVE ( 'NONE', #3136, #778, #1648, .T. ) ;
#6817 = CARTESIAN_POINT ( 'NONE',  ( -11.44999999999980567, -3.000000000000000000, -11.45000000000020357 ) ) ;
#6818 = CARTESIAN_POINT ( 'NONE',  ( -11.39999999999999680, 0.0000000000000000000, -11.39999999999999680 ) ) ;
#6819 = EDGE_CURVE ( 'NONE', #3797, #5788, #6188, .T. ) ;
#6820 = LINE ( 'NONE', #627, #6131 ) ;
#6821 = LINE ( 'NONE', #5265, #4095 ) ;
#6822 = ORIENTED_EDGE ( 'NONE', *, *, #1876, .F. ) ;
#6823 = ADVANCED_FACE ( 'NONE', ( #2199 ), #1093, .T. ) ;
#6824 = EDGE_CURVE ( 'NONE', #3907, #5518, #1681, .T. ) ;
#6825 = CARTESIAN_POINT ( 'NONE',  ( 1.262434294306122862, -13.40000000000000036, -10.14999999999999503 ) ) ;
#6826 = CARTESIAN_POINT ( 'NONE',  ( -1.631316807445657879, -6.899999999999999467, 11.78745434496620703 ) ) ;
#6827 = VERTEX_POINT ( 'NONE', #5650 ) ;
#6828 = FACE_OUTER_BOUND ( 'NONE', #24, .T. ) ;
#6829 = SURFACE_STYLE_USAGE ( .BOTH. , #2876 ) ;
#6830 = ORIENTED_EDGE ( 'NONE', *, *, #6558, .T. ) ;
#6831 = FACE_OUTER_BOUND ( 'NONE', #4125, .T. ) ;
#6832 = ORIENTED_EDGE ( 'NONE', *, *, #5572, .F. ) ;
#6833 = CARTESIAN_POINT ( 'NONE',  ( -2.859190809579772686E-15, -13.40000000000000036, -10.14999999999999503 ) ) ;
#6834 = CARTESIAN_POINT ( 'NONE',  ( 7.965828276551891570E-16, -9.689448705166794795, -11.64999999999999680 ) ) ;
#6835 = ADVANCED_FACE ( 'NONE', ( #6289 ), #1064, .T. ) ;
#6836 = PRESENTATION_LAYER_ASSIGNMENT (  '', '', ( #2166 ) ) ;
#6837 =( LENGTH_UNIT ( ) NAMED_UNIT ( * ) SI_UNIT ( .MILLI., .METRE. ) );
#6838 = VERTEX_POINT ( 'NONE', #3434 ) ;
#6839 = DIRECTION ( 'NONE',  ( -1.000000000000000000, 3.709206150687421386E-65, -5.304964758338859037E-17 ) ) ;
#6840 = FACE_OUTER_BOUND ( 'NONE', #108, .T. ) ;
#6841 = LINE ( 'NONE', #3347, #554 ) ;
#6842 = VERTEX_POINT ( 'NONE', #2759 ) ;
#6843 = STYLED_ITEM ( 'NONE', ( #5269 ), #6917 ) ;
#6844 = LINE ( 'NONE', #137, #2197 ) ;
#6845 =( NAMED_UNIT ( * ) SI_UNIT ( $, .STERADIAN. ) SOLID_ANGLE_UNIT ( ) );
#6846 = CARTESIAN_POINT ( 'NONE',  ( -14.85000000000000675, -8.400000000000000355, -1.000000000000001554 ) ) ;
#6847 = VECTOR ( 'NONE', #2522, 1000.000000000000000 ) ;
#6848 = LINE ( 'NONE', #5783, #794 ) ;
#6849 = PLANE ( 'NONE',  #4575 ) ;
#6850 = SURFACE_STYLE_FILL_AREA ( #6488 ) ;
#6851 = ORIENTED_EDGE ( 'NONE', *, *, #6783, .T. ) ;
#6852 = DIRECTION ( 'NONE',  ( 5.304964758338859037E-17, 0.0000000000000000000, -1.000000000000000000 ) ) ;
#6853 = LINE ( 'NONE', #1718, #4712 ) ;
#6854 = PRESENTATION_STYLE_ASSIGNMENT (( #4533 ) ) ;
#6855 = ADVANCED_FACE ( 'NONE', ( #1171 ), #5146, .T. ) ;
#6856 = ORIENTED_EDGE ( 'NONE', *, *, #5639, .F. ) ;
#6857 = UNCERTAINTY_MEASURE_WITH_UNIT (LENGTH_MEASURE( 1.000000000000000082E-05 ), #3212, 'distance_accuracy_value', 'NONE');
#6858 = EDGE_CURVE ( 'NONE', #1593, #5924, #5791, .T. ) ;
#6859 = MECHANICAL_DESIGN_GEOMETRIC_PRESENTATION_REPRESENTATION (  '', ( #72 ), #5292 ) ;
#6860 = ORIENTED_EDGE ( 'NONE', *, *, #5399, .T. ) ;
#6861 = FACE_OUTER_BOUND ( 'NONE', #5799, .T. ) ;
#6862 = CARTESIAN_POINT ( 'NONE',  ( 13.35751266122969128, -5.599999999999999645, 6.869388599297004738 ) ) ;
#6863 = FACE_OUTER_BOUND ( 'NONE', #115, .T. ) ;
#6864 = VECTOR ( 'NONE', #5887, 1000.000000000000114 ) ;
#6865 = ORIENTED_EDGE ( 'NONE', *, *, #75, .T. ) ;
#6866 = FACE_OUTER_BOUND ( 'NONE', #4794, .T. ) ;
#6867 = ORIENTED_EDGE ( 'NONE', *, *, #221, .F. ) ;
#6868 = VERTEX_POINT ( 'NONE', #4165 ) ;
#6869 = DIRECTION ( 'NONE',  ( 0.0000000000000000000, -1.000000000000000000, 0.0000000000000000000 ) ) ;
#6870 = VECTOR ( 'NONE', #7027, 1000.000000000000000 ) ;
#6871 = CARTESIAN_POINT ( 'NONE',  ( 6.819901017490921369, -11.40000000000000036, -11.64999999999999680 ) ) ;
#6872 = VECTOR ( 'NONE', #4742, 1000.000000000000000 ) ;
#6873 = EDGE_CURVE ( 'NONE', #3059, #2791, #4204, .T. ) ;
#6874 = SURFACE_STYLE_FILL_AREA ( #2288 ) ;
#6875 = COLOUR_RGB ( '',0.0000000000000000000, 0.007843137254901960675, 0.02745098039215686236 ) ;
#6876 = EDGE_CURVE ( 'NONE', #4731, #7066, #6926, .T. ) ;
#6877 = ORIENTED_EDGE ( 'NONE', *, *, #5533, .F. ) ;
#6878 = CARTESIAN_POINT ( 'NONE',  ( 0.0000000000000000000, -12.59999999999999964, 0.0000000000000000000 ) ) ;
#6879 = EDGE_LOOP ( 'NONE', ( #6992, #5289, #2401, #3440 ) ) ;
#6880 = DIRECTION ( 'NONE',  ( 0.5773502691896129635, -0.5773502691896529315, -0.5773502691896114092 ) ) ;
#6881 = VECTOR ( 'NONE', #2736, 1000.000000000000000 ) ;
#6882 = VECTOR ( 'NONE', #2701, 1000.000000000000000 ) ;
#6883 =( LENGTH_UNIT ( ) NAMED_UNIT ( * ) SI_UNIT ( .MILLI., .METRE. ) );
#6884 = AXIS2_PLACEMENT_3D ( 'NONE', #1389, #6399, #2975 ) ;
#6885 = AXIS2_PLACEMENT_3D ( 'NONE', #4317, #6184, #7254 ) ;
#6886 = CARTESIAN_POINT ( 'NONE',  ( 7.965828276551891570E-16, -9.689448705166794795, -11.64999999999999680 ) ) ;
#6887 = AXIS2_PLACEMENT_3D ( 'NONE', #45, #2277, #5764 ) ;
#6888 = PRESENTATION_LAYER_ASSIGNMENT (  '', '', ( #3176 ) ) ;
#6889 = SURFACE_SIDE_STYLE ('',( #2891 ) ) ;
#6890 = ORIENTED_EDGE ( 'NONE', *, *, #4146, .F. ) ;
#6891 = LINE ( 'NONE', #1169, #6006 ) ;
#6892 = DIRECTION ( 'NONE',  ( 0.0000000000000000000, 0.0000000000000000000, -1.000000000000000000 ) ) ;
#6893 = AXIS2_PLACEMENT_3D ( 'NONE', #6530, #1954, #4704 ) ;
#6894 = AXIS2_PLACEMENT_3D ( 'NONE', #2547, #5808, #154 ) ;
#6895 = FILL_AREA_STYLE ('',( #2761 ) ) ;
#6896 = VECTOR ( 'NONE', #3729, 1000.000000000000000 ) ;
#6897 = ORIENTED_EDGE ( 'NONE', *, *, #6060, .T. ) ;
#6898 = LINE ( 'NONE', #740, #4949 ) ;
#6899 = ADVANCED_FACE ( 'NONE', ( #701 ), #6356, .T. ) ;
#6900 = DIRECTION ( 'NONE',  ( 9.220115214925091276E-08, 0.0000000000000000000, -0.9999999999999956701 ) ) ;
#6901 = DIRECTION ( 'NONE',  ( -1.000000000000000000, 0.0000000000000000000, 0.0000000000000000000 ) ) ;
#6902 = ORIENTED_EDGE ( 'NONE', *, *, #1069, .T. ) ;
#6903 = CARTESIAN_POINT ( 'NONE',  ( -1.777014410860665139, -10.11055129483321835, -11.64999999999999680 ) ) ;
#6904 =( NAMED_UNIT ( * ) SI_UNIT ( $, .STERADIAN. ) SOLID_ANGLE_UNIT ( ) );
#6905 = ORIENTED_EDGE ( 'NONE', *, *, #2905, .F. ) ;
#6906 = ORIENTED_EDGE ( 'NONE', *, *, #5639, .T. ) ;
#6907 = LINE ( 'NONE', #1321, #1373 ) ;
#6908 = DIRECTION ( 'NONE',  ( 0.0000000000000000000, 0.0000000000000000000, -1.000000000000000000 ) ) ;
#6909 = ADVANCED_FACE ( 'NONE', ( #6397, #1904 ), #1273, .T. ) ;
#6910 = PLANE ( 'NONE',  #582 ) ;
#6911 = EDGE_CURVE ( 'NONE', #2560, #4797, #255, .T. ) ;
#6912 = EDGE_LOOP ( 'NONE', ( #4529, #2390, #3423, #7053 ) ) ;
#6913 = FILL_AREA_STYLE ('',( #6209 ) ) ;
#6914 = PLANE ( 'NONE',  #977 ) ;
#6915 = DIRECTION ( 'NONE',  ( -0.9999999999999993339, 0.0000000000000000000, 3.624991326682406617E-08 ) ) ;
#6916 = ORIENTED_EDGE ( 'NONE', *, *, #1013, .T. ) ;
#6917 = ADVANCED_FACE ( 'NONE', ( #5914 ), #2495, .T. ) ;
#6918 = EDGE_CURVE ( 'NONE', #4759, #4733, #920, .T. ) ;
#6919 = CARTESIAN_POINT ( 'NONE',  ( -15.89999999999998792, -6.899999999999999467, 2.507463933457381874E-14 ) ) ;
#6920 = FILL_AREA_STYLE ('',( #5073 ) ) ;
#6921 = CARTESIAN_POINT ( 'NONE',  ( -2.856316807445651307, -12.19999999999999751, 10.86245434496620632 ) ) ;
#6922 = ORIENTED_EDGE ( 'NONE', *, *, #7054, .T. ) ;
#6923 =( NAMED_UNIT ( * ) SI_UNIT ( $, .STERADIAN. ) SOLID_ANGLE_UNIT ( ) );
#6924 = LINE ( 'NONE', #796, #2924 ) ;
#6925 = AXIS2_PLACEMENT_3D ( 'NONE', #6258, #2906, #2347 ) ;
#6926 = LINE ( 'NONE', #216, #7311 ) ;
#6927 = DIRECTION ( 'NONE',  ( -2.478176394252580648E-16, -1.000000000000000000, -2.295150217384448742E-32 ) ) ;
#6928 = VECTOR ( 'NONE', #2728, 999.9999999999998863 ) ;
#6929 = VERTEX_POINT ( 'NONE', #3661 ) ;
#6930 = ORIENTED_EDGE ( 'NONE', *, *, #7145, .F. ) ;
#6931 = LINE ( 'NONE', #6328, #1151 ) ;
#6932 = AXIS2_PLACEMENT_3D ( 'NONE', #3154, #5553, #4408 ) ;
#6933 = CARTESIAN_POINT ( 'NONE',  ( 16.34999999999999787, -3.000000000000000000, -12.14999999999999680 ) ) ;
#6934 = CARTESIAN_POINT ( 'NONE',  ( -11.03333329345969460, -8.908333333333994020, -6.783333333333791515 ) ) ;
#6935 = ORIENTED_EDGE ( 'NONE', *, *, #7153, .T. ) ;
#6936 = FACE_OUTER_BOUND ( 'NONE', #3179, .T. ) ;
#6937 = LINE ( 'NONE', #3367, #2972 ) ;
#6938 = ORIENTED_EDGE ( 'NONE', *, *, #1951, .F. ) ;
#6939 = ORIENTED_EDGE ( 'NONE', *, *, #2302, .F. ) ;
#6940 = SURFACE_STYLE_USAGE ( .BOTH. , #3553 ) ;
#6941 = DIRECTION ( 'NONE',  ( -0.0000000000000000000, 1.000000000000000000, 0.0000000000000000000 ) ) ;
#6942 = CARTESIAN_POINT ( 'NONE',  ( 4.830452312324132969, -9.900000000000003908, -12.14999999999999680 ) ) ;
#6943 = VECTOR ( 'NONE', #6615, 1000.000000000000000 ) ;
#6944 = ORIENTED_EDGE ( 'NONE', *, *, #2734, .T. ) ;
#6945 = PLANE ( 'NONE',  #2622 ) ;
#6946 = SURFACE_STYLE_FILL_AREA ( #4188 ) ;
#6947 = CARTESIAN_POINT ( 'NONE',  ( -13.39999957768849725, -6.899999999999999467, 4.857488224666873412E-07 ) ) ;
#6948 = EDGE_CURVE ( 'NONE', #2938, #5422, #4314, .T. ) ;
#6949 = ORIENTED_EDGE ( 'NONE', *, *, #5902, .T. ) ;
#6950 = CARTESIAN_POINT ( 'NONE',  ( -10.39999994562513486, -12.20000000000000107, -10.14999999999999858 ) ) ;
#6951 = EDGE_CURVE ( 'NONE', #5134, #3704, #885, .T. ) ;
#6952 = DIRECTION ( 'NONE',  ( -6.672013369141553384E-16, 0.0000000000000000000, 1.000000000000000000 ) ) ;
#6953 = AXIS2_PLACEMENT_3D ( 'NONE', #109, #5301, #4606 ) ;
#6954 = CIRCLE ( 'NONE', #526, 2.199999999999999734 ) ;
#6955 = EDGE_CURVE ( 'NONE', #3704, #3722, #4912, .T. ) ;
#6956 = DIRECTION ( 'NONE',  ( 1.000000000000000000, 0.0000000000000000000, 2.668805347656623326E-15 ) ) ;
#6957 = EDGE_CURVE ( 'NONE', #4217, #4768, #2536, .T. ) ;
#6958 = ORIENTED_EDGE ( 'NONE', *, *, #3742, .T. ) ;
#6959 =( NAMED_UNIT ( * ) PLANE_ANGLE_UNIT ( ) SI_UNIT ( $, .RADIAN. ) );
#6960 = FACE_OUTER_BOUND ( 'NONE', #467, .T. ) ;
#6961 = EDGE_CURVE ( 'NONE', #533, #5647, #1423, .T. ) ;
#6962 = ORIENTED_EDGE ( 'NONE', *, *, #6353, .T. ) ;
#6963 = CARTESIAN_POINT ( 'NONE',  ( -14.32499993203150623, -12.19999999999999751, -7.575000000000057909 ) ) ;
#6964 = EDGE_LOOP ( 'NONE', ( #2718, #5013, #5921, #1416, #4481, #7118, #6605 ) ) ;
#6965 = DIRECTION ( 'NONE',  ( -1.000000000000000000, 0.0000000000000000000, -6.774548571579288900E-17 ) ) ;
#6966 = VECTOR ( 'NONE', #2494, 1000.000000000000000 ) ;
#6967 = CARTESIAN_POINT ( 'NONE',  ( 0.0000000000000000000, -4.599999999999999645, 11.78745434496620703 ) ) ;
#6968 = CYLINDRICAL_SURFACE ( 'NONE', #3405, 1.000000000000001554 ) ;
#6969 = ORIENTED_EDGE ( 'NONE', *, *, #1068, .F. ) ;
#6970 = LINE ( 'NONE', #2582, #2335 ) ;
#6971 = FACE_OUTER_BOUND ( 'NONE', #2081, .T. ) ;
#6972 = LINE ( 'NONE', #1282, #2809 ) ;
#6973 = ORIENTED_EDGE ( 'NONE', *, *, #3046, .T. ) ;
#6974 = ORIENTED_EDGE ( 'NONE', *, *, #2077, .T. ) ;
#6975 = DIRECTION ( 'NONE',  ( -1.000000000000000000, 0.0000000000000000000, 0.0000000000000000000 ) ) ;
#6976 = CARTESIAN_POINT ( 'NONE',  ( 7.170083562801061759E-16, -10.11055129483321835, -10.14999999999999503 ) ) ;
#6977 = LINE ( 'NONE', #1358, #2483 ) ;
#6978 = VERTEX_POINT ( 'NONE', #5499 ) ;
#6979 = CARTESIAN_POINT ( 'NONE',  ( -13.69999990937522227, -4.599999999999999645, -9.149999999999995026 ) ) ;
#6980 = DIRECTION ( 'NONE',  ( 6.774548571579288900E-17, 6.162975822039153361E-33, -1.000000000000000000 ) ) ;
#6981 = CARTESIAN_POINT ( 'NONE',  ( 7.170083562801061759E-16, -13.40000000000000036, -10.14999999999999503 ) ) ;
#6982 = ORIENTED_EDGE ( 'NONE', *, *, #5165, .T. ) ;
#6983 = VECTOR ( 'NONE', #5264, 1000.000000000000000 ) ;
#6984 = DIRECTION ( 'NONE',  ( 0.0000000000000000000, -1.000000000000000000, 0.0000000000000000000 ) ) ;
#6985 = DIRECTION ( 'NONE',  ( 0.0000000000000000000, 0.0000000000000000000, 1.000000000000000000 ) ) ;
#6986 = CARTESIAN_POINT ( 'NONE',  ( -12.20598832703387693, -5.599999999999999645, -3.107656175016917821 ) ) ;
#6987 = EDGE_CURVE ( 'NONE', #2999, #6759, #6009, .T. ) ;
#6988 = LINE ( 'NONE', #6431, #5684 ) ;
#6989 = MECHANICAL_DESIGN_GEOMETRIC_PRESENTATION_REPRESENTATION (  '', ( #2196 ), #4331 ) ;
#6990 = DIRECTION ( 'NONE',  ( 5.304964758338859037E-17, 0.0000000000000000000, -1.000000000000000000 ) ) ;
#6991 = ORIENTED_EDGE ( 'NONE', *, *, #6951, .F. ) ;
#6992 = ORIENTED_EDGE ( 'NONE', *, *, #3689, .F. ) ;
#6993 = LINE ( 'NONE', #3573, #103 ) ;
#6994 = STYLED_ITEM ( 'NONE', ( #6029 ), #805 ) ;
#6995 = FACE_OUTER_BOUND ( 'NONE', #3546, .T. ) ;
#6996 =( GEOMETRIC_REPRESENTATION_CONTEXT ( 3 ) GLOBAL_UNCERTAINTY_ASSIGNED_CONTEXT ( ( #1396 ) ) GLOBAL_UNIT_ASSIGNED_CONTEXT ( ( #3028, #4708, #2474 ) ) REPRESENTATION_CONTEXT ( 'NONE', 'WORKASPACE' ) );
#6997 = ORIENTED_EDGE ( 'NONE', *, *, #6816, .F. ) ;
#6998 = FILL_AREA_STYLE_COLOUR ( '', #2642 ) ;
#6999 = VECTOR ( 'NONE', #466, 1000.000000000000000 ) ;
#7000 = VECTOR ( 'NONE', #4126, 1000.000000000000114 ) ;
#7001 = EDGE_CURVE ( 'NONE', #3951, #3119, #7213, .T. ) ;
#7002 = AXIS2_PLACEMENT_3D ( 'NONE', #7236, #6791, #3331 ) ;
#7003 = CARTESIAN_POINT ( 'NONE',  ( -15.90000000000000391, -6.899999999999999467, -4.150000068874811099 ) ) ;
#7004 = AXIS2_PLACEMENT_3D ( 'NONE', #5313, #4289, #302 ) ;
#7005 = AXIS2_PLACEMENT_3D ( 'NONE', #5793, #1870, #3577 ) ;
#7006 = ORIENTED_EDGE ( 'NONE', *, *, #2869, .T. ) ;
#7007 = VECTOR ( 'NONE', #409, 1000.000000000000000 ) ;
#7008 = AXIS2_PLACEMENT_3D ( 'NONE', #828, #5845, #6370 ) ;
#7009 = FACE_OUTER_BOUND ( 'NONE', #1254, .T. ) ;
#7010 = UNCERTAINTY_MEASURE_WITH_UNIT (LENGTH_MEASURE( 1.000000000000000082E-05 ), #869, 'distance_accuracy_value', 'NONE');
#7011 = ORIENTED_EDGE ( 'NONE', *, *, #2827, .T. ) ;
#7012 = CARTESIAN_POINT ( 'NONE',  ( -3.380704478182616440E-14, -8.399999999999971934, -11.64999999999999680 ) ) ;
#7013 = ADVANCED_FACE ( 'NONE', ( #5465 ), #4799, .T. ) ;
#7014 = CARTESIAN_POINT ( 'NONE',  ( 10.28045231232413492, -2.547677424264102905E-15, -10.14999999999999503 ) ) ;
#7015 = EDGE_CURVE ( 'NONE', #1392, #7182, #6078, .T. ) ;
#7016 = VERTEX_POINT ( 'NONE', #7186 ) ;
#7017 = SURFACE_SIDE_STYLE ('',( #1795 ) ) ;
#7018 = ORIENTED_EDGE ( 'NONE', *, *, #1871, .F. ) ;
#7019 = ORIENTED_EDGE ( 'NONE', *, *, #4423, .T. ) ;
#7020 = FACE_OUTER_BOUND ( 'NONE', #1003, .T. ) ;
#7021 = SURFACE_STYLE_USAGE ( .BOTH. , #6572 ) ;
#7022 = ORIENTED_EDGE ( 'NONE', *, *, #1197, .T. ) ;
#7023 = CARTESIAN_POINT ( 'NONE',  ( -13.40000013987819472, -6.899999999999999467, -4.149999072413981693 ) ) ;
#7024 = DIRECTION ( 'NONE',  ( -3.269436954241216420E-49, 1.000000000000000000, 6.162975822039153361E-33 ) ) ;
#7025 = FILL_AREA_STYLE_COLOUR ( '', #3149 ) ;
#7026 = ORIENTED_EDGE ( 'NONE', *, *, #1318, .F. ) ;
#7027 = DIRECTION ( 'NONE',  ( -3.269436954241216420E-49, 1.000000000000000000, 6.162975822039153361E-33 ) ) ;
#7028 = LINE ( 'NONE', #4752, #4657 ) ;
#7029 = CARTESIAN_POINT ( 'NONE',  ( -4.431316807445652373, -6.899999999999999467, 11.78745434496620703 ) ) ;
#7030 = DIRECTION ( 'NONE',  ( -1.000000000000000000, 0.0000000000000000000, -6.774548571579288900E-17 ) ) ;
#7031 = ORIENTED_EDGE ( 'NONE', *, *, #2368, .F. ) ;
#7032 = ORIENTED_EDGE ( 'NONE', *, *, #1571, .F. ) ;
#7033 = DIRECTION ( 'NONE',  ( 0.0000000000000000000, 1.000000000000000000, -0.0000000000000000000 ) ) ;
#7034 = CARTESIAN_POINT ( 'NONE',  ( -14.97499996012494883, -6.899999999999999467, -10.72499999999992149 ) ) ;
#7035 = EDGE_CURVE ( 'NONE', #4962, #3338, #3727, .T. ) ;
#7036 = ORIENTED_EDGE ( 'NONE', *, *, #6141, .T. ) ;
#7037 = LINE ( 'NONE', #6590, #5281 ) ;
#7038 = DIRECTION ( 'NONE',  ( 0.7071067811865496822, 0.0000000000000000000, 0.7071067811865454633 ) ) ;
#7039 = DIRECTION ( 'NONE',  ( -1.000000000000000000, 0.0000000000000000000, 0.0000000000000000000 ) ) ;
#7040 = EDGE_CURVE ( 'NONE', #4962, #3305, #5424, .T. ) ;
#7041 = MECHANICAL_DESIGN_GEOMETRIC_PRESENTATION_REPRESENTATION (  '', ( #5723 ), #5835 ) ;
#7042 = ORIENTED_EDGE ( 'NONE', *, *, #1065, .T. ) ;
#7043 = FACE_OUTER_BOUND ( 'NONE', #1341, .T. ) ;
#7044 = VERTEX_POINT ( 'NONE', #960 ) ;
#7045 = CARTESIAN_POINT ( 'NONE',  ( 0.0000000000000000000, -12.19999999999999751, 10.86245434496620632 ) ) ;
#7046 = ADVANCED_FACE ( 'NONE', ( #6667 ), #1533, .F. ) ;
#7047 = DIRECTION ( 'NONE',  ( 6.774548571579288900E-17, 6.162975822039153361E-33, -1.000000000000000000 ) ) ;
#7048 = STYLED_ITEM ( 'NONE', ( #6854 ), #2369 ) ;
#7049 = VERTEX_POINT ( 'NONE', #5959 ) ;
#7050 = PLANE ( 'NONE',  #6894 ) ;
#7051 = APPLICATION_PROTOCOL_DEFINITION ( 'draft international standard', 'automotive_design', 1998, #184 ) ;
#7052 = EDGE_CURVE ( 'NONE', #418, #6285, #851, .T. ) ;
#7053 = ORIENTED_EDGE ( 'NONE', *, *, #4049, .T. ) ;
#7054 = EDGE_CURVE ( 'NONE', #6680, #3889, #2760, .T. ) ;
#7055 = ORIENTED_EDGE ( 'NONE', *, *, #4138, .T. ) ;
#7056 = VECTOR ( 'NONE', #642, 1000.000000000000000 ) ;
#7057 = ORIENTED_EDGE ( 'NONE', *, *, #4369, .T. ) ;
#7058 = LINE ( 'NONE', #7023, #505 ) ;
#7059 = LINE ( 'NONE', #2362, #5406 ) ;
#7060 = ORIENTED_EDGE ( 'NONE', *, *, #4983, .T. ) ;
#7061 = EDGE_CURVE ( 'NONE', #6569, #7016, #7059, .T. ) ;
#7062 = PLANE ( 'NONE',  #5901 ) ;
#7063 = CARTESIAN_POINT ( 'NONE',  ( 0.0000000000000000000, -6.899999999999999467, 11.78745434496620703 ) ) ;
#7064 = LINE ( 'NONE', #6506, #6881 ) ;
#7065 = PLANE ( 'NONE',  #4691 ) ;
#7066 = VERTEX_POINT ( 'NONE', #163 ) ;
#7067 = EDGE_LOOP ( 'NONE', ( #2840, #3828, #5777, #3222 ) ) ;
#7068 = CARTESIAN_POINT ( 'NONE',  ( -3.487565705693870921, -9.689448705166794795, -12.14999999999999680 ) ) ;
#7069 = DIRECTION ( 'NONE',  ( -0.0000000000000000000, 1.000000000000000000, -0.0000000000000000000 ) ) ;
#7070 = AXIS2_PLACEMENT_3D ( 'NONE', #3229, #1589, #4828 ) ;
#7071 = ORIENTED_EDGE ( 'NONE', *, *, #2068, .F. ) ;
#7072 = LINE ( 'NONE', #4279, #2991 ) ;
#7073 = SURFACE_STYLE_FILL_AREA ( #1869 ) ;
#7074 =( GEOMETRIC_REPRESENTATION_CONTEXT ( 3 ) GLOBAL_UNCERTAINTY_ASSIGNED_CONTEXT ( ( #3618 ) ) GLOBAL_UNIT_ASSIGNED_CONTEXT ( ( #5721, #6959, #6923 ) ) REPRESENTATION_CONTEXT ( 'NONE', 'WORKASPACE' ) );
#7075 = LINE ( 'NONE', #702, #4227 ) ;
#7076 = ORIENTED_EDGE ( 'NONE', *, *, #3324, .F. ) ;
#7077 = FACE_OUTER_BOUND ( 'NONE', #286, .T. ) ;
#7078 = AXIS2_PLACEMENT_3D ( 'NONE', #4191, #6985, #1855 ) ;
#7079 = VECTOR ( 'NONE', #2579, 1000.000000000000000 ) ;
#7080 = UNCERTAINTY_MEASURE_WITH_UNIT (LENGTH_MEASURE( 1.000000000000000082E-05 ), #2823, 'distance_accuracy_value', 'NONE');
#7081 = ORIENTED_EDGE ( 'NONE', *, *, #4545, .F. ) ;
#7082 = DIRECTION ( 'NONE',  ( -1.000000000000000000, 0.0000000000000000000, 0.0000000000000000000 ) ) ;
#7083 =( LENGTH_UNIT ( ) NAMED_UNIT ( * ) SI_UNIT ( .MILLI., .METRE. ) );
#7084 = EDGE_CURVE ( 'NONE', #6842, #1745, #2440, .T. ) ;
#7085 = ORIENTED_EDGE ( 'NONE', *, *, #3426, .T. ) ;
#7086 = SURFACE_SIDE_STYLE ('',( #5278 ) ) ;
#7087 = ORIENTED_EDGE ( 'NONE', *, *, #4736, .T. ) ;
#7088 = ORIENTED_EDGE ( 'NONE', *, *, #4414, .T. ) ;
#7089 = CARTESIAN_POINT ( 'NONE',  ( -3.506316807445659212, -12.19999999999999751, 2.339419261572322643E-15 ) ) ;
#7090 = EDGE_CURVE ( 'NONE', #189, #6622, #6954, .T. ) ;
#7091 = ADVANCED_FACE ( 'NONE', ( #1889 ), #1328, .T. ) ;
#7092 = AXIS2_PLACEMENT_3D ( 'NONE', #6106, #6247, #4994 ) ;
#7093 =( LENGTH_UNIT ( ) NAMED_UNIT ( * ) SI_UNIT ( .MILLI., .METRE. ) );
#7094 = LINE ( 'NONE', #4150, #36 ) ;
#7095 = LINE ( 'NONE', #2929, #2981 ) ;
#7096 = LINE ( 'NONE', #5981, #6527 ) ;
#7097 = ORIENTED_EDGE ( 'NONE', *, *, #5749, .F. ) ;
#7098 =( LENGTH_UNIT ( ) NAMED_UNIT ( * ) SI_UNIT ( .MILLI., .METRE. ) );
#7099 = CARTESIAN_POINT ( 'NONE',  ( 6.819901017490917816, 1.971773733146600697E-15, -12.14999999999999680 ) ) ;
#7100 = EDGE_CURVE ( 'NONE', #178, #6796, #722, .T. ) ;
#7101 =( LENGTH_UNIT ( ) NAMED_UNIT ( * ) SI_UNIT ( .MILLI., .METRE. ) );
#7102 = EDGE_CURVE ( 'NONE', #5103, #4731, #5331, .T. ) ;
#7103 = DIRECTION ( 'NONE',  ( -0.7071068623563008249, 0.0000000000000000000, 0.7071067000167849947 ) ) ;
#7104 = ORIENTED_EDGE ( 'NONE', *, *, #1058, .T. ) ;
#7105 = ORIENTED_EDGE ( 'NONE', *, *, #437, .F. ) ;
#7106 = CIRCLE ( 'NONE', #7215, 2.000000000000008882 ) ;
#7107 = DIRECTION ( 'NONE',  ( -0.0000000000000000000, -1.000000000000000000, -0.0000000000000000000 ) ) ;
#7108 = CARTESIAN_POINT ( 'NONE',  ( -5.237565705693876694, -6.400000000000000355, -11.14999999999999680 ) ) ;
#7109 = VERTEX_POINT ( 'NONE', #5818 ) ;
#7110 = CARTESIAN_POINT ( 'NONE',  ( 7.241003607157344035, -8.400000000000000355, -10.14999999999999503 ) ) ;
#7111 = CARTESIAN_POINT ( 'NONE',  ( -2.198117000527087583, 7.488015623777569931E-32, -11.64999999999999680 ) ) ;
#7112 = PRESENTATION_LAYER_ASSIGNMENT (  '', '', ( #3755 ) ) ;
#7113 = VECTOR ( 'NONE', #6719, 1000.000000000000000 ) ;
#7114 = FACE_OUTER_BOUND ( 'NONE', #1764, .T. ) ;
#7115 = AXIS2_PLACEMENT_3D ( 'NONE', #169, #4200, #3086 ) ;
#7116 = VERTEX_POINT ( 'NONE', #3599 ) ;
#7117 = CARTESIAN_POINT ( 'NONE',  ( -10.39999994562513486, -12.20000000000000107, -10.14999999999999858 ) ) ;
#7118 = ORIENTED_EDGE ( 'NONE', *, *, #6087, .F. ) ;
#7119 = CARTESIAN_POINT ( 'NONE',  ( 7.965828276551891570E-16, -9.689448705166794795, -11.64999999999999680 ) ) ;
#7120 = VECTOR ( 'NONE', #506, 1000.000000000000000 ) ;
#7121 = VECTOR ( 'NONE', #3582, 1000.000000000000000 ) ;
#7122 = CARTESIAN_POINT ( 'NONE',  ( -5.759385576205928281, -4.599999999999999645, 5.759385576205937163 ) ) ;
#7123 = PRESENTATION_LAYER_ASSIGNMENT (  '', '', ( #7233 ) ) ;
#7124 =( GEOMETRIC_REPRESENTATION_CONTEXT ( 3 ) GLOBAL_UNCERTAINTY_ASSIGNED_CONTEXT ( ( #3327 ) ) GLOBAL_UNIT_ASSIGNED_CONTEXT ( ( #5288, #1409, #6460 ) ) REPRESENTATION_CONTEXT ( 'NONE', 'WORKASPACE' ) );
#7125 = VECTOR ( 'NONE', #2086, 1000.000000000000000 ) ;
#7126 = CIRCLE ( 'NONE', #820, 2.000000000000013767 ) ;
#7127 = FACE_OUTER_BOUND ( 'NONE', #6613, .T. ) ;
#7128 = AXIS2_PLACEMENT_3D ( 'NONE', #480, #2731, #7129 ) ;
#7129 = DIRECTION ( 'NONE',  ( -5.304964758338859037E-17, 0.0000000000000000000, 1.000000000000000000 ) ) ;
#7130 = ORIENTED_EDGE ( 'NONE', *, *, #7232, .T. ) ;
#7131 = ORIENTED_EDGE ( 'NONE', *, *, #3856, .F. ) ;
#7132 = PLANE ( 'NONE',  #4937 ) ;
#7133 = EDGE_CURVE ( 'NONE', #1593, #6139, #2962, .T. ) ;
#7134 = FACE_OUTER_BOUND ( 'NONE', #433, .T. ) ;
#7135 = LINE ( 'NONE', #4711, #6438 ) ;
#7136 = ORIENTED_EDGE ( 'NONE', *, *, #6629, .F. ) ;
#7137 = CARTESIAN_POINT ( 'NONE',  ( -14.97499993202977997, -6.899999999999999467, 3.077332712281417650E-12 ) ) ;
#7138 = LINE ( 'NONE', #2011, #3109 ) ;
#7139 = FACE_OUTER_BOUND ( 'NONE', #1667, .T. ) ;
#7140 = ORIENTED_EDGE ( 'NONE', *, *, #2077, .F. ) ;
#7141 = DIRECTION ( 'NONE',  ( 1.000000000000000000, 0.0000000000000000000, -1.224646799147353207E-16 ) ) ;
#7142 = CARTESIAN_POINT ( 'NONE',  ( 5.530452312324126041, -9.689448705166794795, -10.14999999999999503 ) ) ;
#7143 = ADVANCED_FACE ( 'NONE', ( #837 ), #3561, .F. ) ;
#7144 = CARTESIAN_POINT ( 'NONE',  ( -11.40000000000000568, -3.000000000000000000, -11.50000000000000000 ) ) ;
#7145 = EDGE_CURVE ( 'NONE', #5858, #7229, #7095, .T. ) ;
#7146 = DIRECTION ( 'NONE',  ( -1.000000000000000000, 0.0000000000000000000, 6.672013369141570147E-16 ) ) ;
#7147 = ORIENTED_EDGE ( 'NONE', *, *, #7312, .F. ) ;
#7148 = LINE ( 'NONE', #2490, #3758 ) ;
#7149 = FACE_OUTER_BOUND ( 'NONE', #5157, .T. ) ;
#7150 = ADVANCED_FACE ( 'NONE', ( #277, #4748 ), #1966, .F. ) ;
#7151 = EDGE_LOOP ( 'NONE', ( #3420, #4985, #2189, #92 ) ) ;
#7152 = LINE ( 'NONE', #4164, #4295 ) ;
#7153 = EDGE_CURVE ( 'NONE', #2361, #2025, #5287, .T. ) ;
#7154 = DIRECTION ( 'NONE',  ( -2.409338161078898194E-16, -1.000000000000000000, -2.248515421962767247E-32 ) ) ;
#7155 = CARTESIAN_POINT ( 'NONE',  ( -13.39999957768851324, -6.899999999999999467, 4.857487996657364004E-07 ) ) ;
#7156 = DIRECTION ( 'NONE',  ( 0.0000000000000000000, -1.000000000000000000, 0.0000000000000000000 ) ) ;
#7157 = VERTEX_POINT ( 'NONE', #6426 ) ;
#7158 = CARTESIAN_POINT ( 'NONE',  ( 4.830452312324132969, -9.900000000000003908, -11.14999999999999680 ) ) ;
#7159 = UNCERTAINTY_MEASURE_WITH_UNIT (LENGTH_MEASURE( 1.000000000000000082E-05 ), #3463, 'distance_accuracy_value', 'NONE');
#7160 = VERTEX_POINT ( 'NONE', #387 ) ;
#7161 = CARTESIAN_POINT ( 'NONE',  ( -2.198117000527087583, 7.488015623777569931E-32, -11.64999999999999680 ) ) ;
#7162 = DIRECTION ( 'NONE',  ( 0.0000000000000000000, 0.7071067811864922836, 0.7071067811866027508 ) ) ;
#7163 = VECTOR ( 'NONE', #3470, 1000.000000000000000 ) ;
#7164 = DIRECTION ( 'NONE',  ( 6.774548571579288900E-17, 6.162975822039153361E-33, -1.000000000000000000 ) ) ;
#7165 = ORIENTED_EDGE ( 'NONE', *, *, #4196, .F. ) ;
#7166 = ORIENTED_EDGE ( 'NONE', *, *, #2460, .T. ) ;
#7167 =( NAMED_UNIT ( * ) SI_UNIT ( $, .STERADIAN. ) SOLID_ANGLE_UNIT ( ) );
#7168 = DIRECTION ( 'NONE',  ( 1.000000000000000000, 0.0000000000000000000, 0.0000000000000000000 ) ) ;
#7169 = VECTOR ( 'NONE', #4807, 1000.000000000000000 ) ;
#7170 = FACE_OUTER_BOUND ( 'NONE', #5708, .T. ) ;
#7171 = FACE_OUTER_BOUND ( 'NONE', #4918, .T. ) ;
#7172 = DIRECTION ( 'NONE',  ( 6.774548571579288900E-17, 6.162975822039153361E-33, -1.000000000000000000 ) ) ;
#7173 = ORIENTED_EDGE ( 'NONE', *, *, #120, .F. ) ;
#7174 =( NAMED_UNIT ( * ) PLANE_ANGLE_UNIT ( ) SI_UNIT ( $, .RADIAN. ) );
#7175 = DIRECTION ( 'NONE',  ( 0.0000000000000000000, 0.0000000000000000000, 1.000000000000000000 ) ) ;
#7176 = CARTESIAN_POINT ( 'NONE',  ( -15.90000000000000391, -6.899999999999999467, -8.850000000000006750 ) ) ;
#7177 = CARTESIAN_POINT ( 'NONE',  ( -13.39999993703557912, -6.899999999999999467, -6.349999972339651855 ) ) ;
#7178 = COLOUR_RGB ( '',0.0000000000000000000, 0.007843137254901960675, 0.02745098039215686236 ) ;
#7179 = ADVANCED_FACE ( 'NONE', ( #3748 ), #6018, .T. ) ;
#7180 = DIRECTION ( 'NONE',  ( -1.334402673827726470E-13, 0.0000000000000000000, 1.000000000000000000 ) ) ;
#7181 = ORIENTED_EDGE ( 'NONE', *, *, #7263, .T. ) ;
#7182 = VERTEX_POINT ( 'NONE', #417 ) ;
#7183 = CARTESIAN_POINT ( 'NONE',  ( 13.35751266122969128, -5.599999999999999645, 6.869388599297004738 ) ) ;
#7184 = EDGE_CURVE ( 'NONE', #2052, #7116, #2147, .T. ) ;
#7185 = LINE ( 'NONE', #1342, #6130 ) ;
#7186 = CARTESIAN_POINT ( 'NONE',  ( -1.006316807445652328, -6.899999999999999467, 10.21245434496620952 ) ) ;
#7187 = ADVANCED_FACE ( 'NONE', ( #1556 ), #4940, .F. ) ;
#7188 = EDGE_CURVE ( 'NONE', #5422, #4494, #3155, .T. ) ;
#7189 = SURFACE_SIDE_STYLE ('',( #6669 ) ) ;
#7190 = ORIENTED_EDGE ( 'NONE', *, *, #3377, .T. ) ;
#7191 = FACE_OUTER_BOUND ( 'NONE', #7290, .T. ) ;
#7192 = ORIENTED_EDGE ( 'NONE', *, *, #84, .T. ) ;
#7193 = LINE ( 'NONE', #4805, #6764 ) ;
#7194 = CARTESIAN_POINT ( 'NONE',  ( -11.40000000000000568, -0.09999999999999592548, -11.50000000000000000 ) ) ;
#7195 = CARTESIAN_POINT ( 'NONE',  ( 8.530452312324133146, -6.400000000000002132, -10.14999999999999503 ) ) ;
#7196 = CARTESIAN_POINT ( 'NONE',  ( -12.20598832703387693, -5.599999999999999645, -3.107656175016917821 ) ) ;
#7197 = ORIENTED_EDGE ( 'NONE', *, *, #4403, .T. ) ;
#7198 = DIRECTION ( 'NONE',  ( 1.000000000000000000, 0.0000000000000000000, 0.0000000000000000000 ) ) ;
#7199 =( NAMED_UNIT ( * ) SI_UNIT ( $, .STERADIAN. ) SOLID_ANGLE_UNIT ( ) );
#7200 = AXIS2_PLACEMENT_3D ( 'NONE', #4832, #5374, #7242 ) ;
#7201 = SURFACE_SIDE_STYLE ('',( #7296 ) ) ;
#7202 = CARTESIAN_POINT ( 'NONE',  ( 0.0000000000000000000, -18.61923881554287519, 10.86245434496620632 ) ) ;
#7203 = ORIENTED_EDGE ( 'NONE', *, *, #6141, .F. ) ;
#7204 = LINE ( 'NONE', #2600, #2898 ) ;
#7205 = FACE_OUTER_BOUND ( 'NONE', #4630, .T. ) ;
#7206 = CARTESIAN_POINT ( 'NONE',  ( -14.42499993203147568, -12.30000000000000071, -7.675000000000056666 ) ) ;
#7207 = AXIS2_PLACEMENT_3D ( 'NONE', #512, #6253, #3393 ) ;
#7208 = FILL_AREA_STYLE_COLOUR ( '', #1247 ) ;
#7209 = ORIENTED_EDGE ( 'NONE', *, *, #1278, .T. ) ;
#7210 = LINE ( 'NONE', #2092, #6654 ) ;
#7211 = ORIENTED_EDGE ( 'NONE', *, *, #5128, .F. ) ;
#7212 = EDGE_CURVE ( 'NONE', #3951, #2290, #2597, .T. ) ;
#7213 = LINE ( 'NONE', #4847, #1220 ) ;
#7214 = DIRECTION ( 'NONE',  ( 5.304964758338859037E-17, 0.0000000000000000000, -1.000000000000000000 ) ) ;
#7215 = AXIS2_PLACEMENT_3D ( 'NONE', #4444, #2222, #3896 ) ;
#7216 =( LENGTH_UNIT ( ) NAMED_UNIT ( * ) SI_UNIT ( .MILLI., .METRE. ) );
#7217 = ORIENTED_EDGE ( 'NONE', *, *, #6601, .T. ) ;
#7218 =( GEOMETRIC_REPRESENTATION_CONTEXT ( 3 ) GLOBAL_UNCERTAINTY_ASSIGNED_CONTEXT ( ( #518 ) ) GLOBAL_UNIT_ASSIGNED_CONTEXT ( ( #546, #2826, #1644 ) ) REPRESENTATION_CONTEXT ( 'NONE', 'WORKASPACE' ) );
#7219 = UNCERTAINTY_MEASURE_WITH_UNIT (LENGTH_MEASURE( 1.000000000000000082E-05 ), #5666, 'distance_accuracy_value', 'NONE');
#7220 = ORIENTED_EDGE ( 'NONE', *, *, #44, .T. ) ;
#7221 = SURFACE_STYLE_USAGE ( .BOTH. , #4920 ) ;
#7222 = EDGE_CURVE ( 'NONE', #4555, #3065, #4303, .T. ) ;
#7223 = PLANE ( 'NONE',  #1702 ) ;
#7224 = SURFACE_SIDE_STYLE ('',( #410 ) ) ;
#7225 = VECTOR ( 'NONE', #3342, 1000.000000000000000 ) ;
#7226 = ADVANCED_FACE ( 'NONE', ( #1480 ), #2559, .T. ) ;
#7227 = DIRECTION ( 'NONE',  ( -1.000000000000000000, 0.0000000000000000000, -6.774548571579288900E-17 ) ) ;
#7228 = SURFACE_SIDE_STYLE ('',( #7261 ) ) ;
#7229 = VERTEX_POINT ( 'NONE', #317 ) ;
#7230 = AXIS2_PLACEMENT_3D ( 'NONE', #2816, #1594, #1011 ) ;
#7231 = CARTESIAN_POINT ( 'NONE',  ( -14.42499996012502805, -12.30000000000000071, -10.07499999999987850 ) ) ;
#7232 = EDGE_CURVE ( 'NONE', #313, #1593, #6716, .T. ) ;
#7233 = STYLED_ITEM ( 'NONE', ( #6061 ), #2556 ) ;
#7234 = EDGE_CURVE ( 'NONE', #4108, #5620, #2046, .T. ) ;
#7235 = SURFACE_SIDE_STYLE ('',( #6121 ) ) ;
#7236 = CARTESIAN_POINT ( 'NONE',  ( -14.85000000000000675, -4.599999999999999645, 0.0000000000000000000 ) ) ;
#7237 = AXIS2_PLACEMENT_3D ( 'NONE', #7161, #3697, #3062 ) ;
#7238 = SURFACE_STYLE_USAGE ( .BOTH. , #7201 ) ;
#7239 = CARTESIAN_POINT ( 'NONE',  ( 14.34999999999999609, -4.599999999999999645, 10.15000000000000391 ) ) ;
#7240 = ORIENTED_EDGE ( 'NONE', *, *, #6583, .T. ) ;
#7241 = DIRECTION ( 'NONE',  ( -0.0000000000000000000, 1.000000000000000000, 0.0000000000000000000 ) ) ;
#7242 = DIRECTION ( 'NONE',  ( 1.000000000000000000, 0.0000000000000000000, 2.668805347656626481E-15 ) ) ;
#7243 = VECTOR ( 'NONE', #6304, 1000.000000000000000 ) ;
#7244 =( GEOMETRIC_REPRESENTATION_CONTEXT ( 3 ) GLOBAL_UNCERTAINTY_ASSIGNED_CONTEXT ( ( #4802 ) ) GLOBAL_UNIT_ASSIGNED_CONTEXT ( ( #996, #4396, #7317 ) ) REPRESENTATION_CONTEXT ( 'NONE', 'WORKASPACE' ) );
#7245 = PLANE ( 'NONE',  #1485 ) ;
#7246 = AXIS2_PLACEMENT_3D ( 'NONE', #7196, #6049, #6678 ) ;
#7247 = LINE ( 'NONE', #5636, #6404 ) ;
#7248 = VECTOR ( 'NONE', #666, 1000.000000000000000 ) ;
#7249 = DIRECTION ( 'NONE',  ( 0.5773502691896117422, 0.5773502691896520433, 0.5773502691896136296 ) ) ;
#7250 = VERTEX_POINT ( 'NONE', #3195 ) ;
#7251 = DIRECTION ( 'NONE',  ( 1.000000000000000000, 0.0000000000000000000, 2.935685882423051090E-14 ) ) ;
#7252 = EDGE_LOOP ( 'NONE', ( #5483, #5027, #1788, #1968 ) ) ;
#7253 = SURFACE_STYLE_USAGE ( .BOTH. , #7279 ) ;
#7254 = DIRECTION ( 'NONE',  ( -0.7071067811865556774, 0.0000000000000000000, 0.7071067811865393571 ) ) ;
#7255 = ORIENTED_EDGE ( 'NONE', *, *, #5347, .T. ) ;
#7256 = ORIENTED_EDGE ( 'NONE', *, *, #954, .F. ) ;
#7257 = DIRECTION ( 'NONE',  ( -1.000000000000000000, 0.0000000000000000000, -2.668805347656626481E-15 ) ) ;
#7258 = DIRECTION ( 'NONE',  ( 1.000000000000000000, 0.0000000000000000000, 0.0000000000000000000 ) ) ;
#7259 = ADVANCED_FACE ( 'NONE', ( #4896 ), #2080, .T. ) ;
#7260 = CARTESIAN_POINT ( 'NONE',  ( 0.0000000000000000000, 5.700000000000000178, 5.699999999999604938 ) ) ;
#7261 = SURFACE_STYLE_FILL_AREA ( #2698 ) ;
#7262 = EDGE_LOOP ( 'NONE', ( #2512, #5397, #7085, #1543 ) ) ;
#7263 = EDGE_CURVE ( 'NONE', #490, #3312, #6092, .T. ) ;
#7264 = FACE_OUTER_BOUND ( 'NONE', #4275, .T. ) ;
#7265 = FACE_OUTER_BOUND ( 'NONE', #482, .T. ) ;
#7266 = ORIENTED_EDGE ( 'NONE', *, *, #323, .T. ) ;
#7267 = ADVANCED_FACE ( 'NONE', ( #6125 ), #4979, .T. ) ;
#7268 = SURFACE_SIDE_STYLE ('',( #6017 ) ) ;
#7269 = DIRECTION ( 'NONE',  ( 0.0000000000000000000, -1.000000000000000000, 0.0000000000000000000 ) ) ;
#7270 = ORIENTED_EDGE ( 'NONE', *, *, #887, .T. ) ;
#7271 = VERTEX_POINT ( 'NONE', #5517 ) ;
#7272 = PLANE ( 'NONE',  #6751 ) ;
#7273 = COLOUR_RGB ( '',0.0000000000000000000, 0.007843137254901960675, 0.02745098039215686236 ) ;
#7274 = DIRECTION ( 'NONE',  ( -3.269436954241216420E-49, 1.000000000000000000, 6.162975822039153361E-33 ) ) ;
#7275 = CARTESIAN_POINT ( 'NONE',  ( 6.819901017490921369, -11.40000000000000036, -11.64999999999999680 ) ) ;
#7276 = ORIENTED_EDGE ( 'NONE', *, *, #7040, .T. ) ;
#7277 = CARTESIAN_POINT ( 'NONE',  ( -9.983333288019869300, -17.19166664401092248, -3.233333355989525870 ) ) ;
#7278 = ORIENTED_EDGE ( 'NONE', *, *, #6987, .T. ) ;
#7279 = SURFACE_SIDE_STYLE ('',( #4488 ) ) ;
#7280 = VECTOR ( 'NONE', #4187, 1000.000000000000000 ) ;
#7281 = LINE ( 'NONE', #7351, #7120 ) ;
#7282 = FILL_AREA_STYLE ('',( #1090 ) ) ;
#7283 = ORIENTED_EDGE ( 'NONE', *, *, #3701, .T. ) ;
#7284 = DIRECTION ( 'NONE',  ( 0.0000000000000000000, -1.000000000000000000, 0.0000000000000000000 ) ) ;
#7285 = FILL_AREA_STYLE ('',( #5081 ) ) ;
#7286 = DIRECTION ( 'NONE',  ( 0.0000000000000000000, 0.0000000000000000000, -1.000000000000000000 ) ) ;
#7287 = PRESENTATION_LAYER_ASSIGNMENT (  '', '', ( #1791 ) ) ;
#7288 = CARTESIAN_POINT ( 'NONE',  ( 8.231076514468834183E-16, -8.400000000000000355, -12.14999999999999680 ) ) ;
#7289 = LINE ( 'NONE', #1303, #4696 ) ;
#7290 = EDGE_LOOP ( 'NONE', ( #4594, #4212, #1319, #5051 ) ) ;
#7291 = UNCERTAINTY_MEASURE_WITH_UNIT (LENGTH_MEASURE( 1.000000000000000082E-05 ), #1340, 'distance_accuracy_value', 'NONE');
#7292 = EDGE_CURVE ( 'NONE', #5765, #427, #514, .T. ) ;
#7293 = CARTESIAN_POINT ( 'NONE',  ( 0.8686831925543443411, -4.599999999999999645, 11.78745434496620703 ) ) ;
#7294 = ORIENTED_EDGE ( 'NONE', *, *, #2593, .F. ) ;
#7295 = CARTESIAN_POINT ( 'NONE',  ( 11.40000000000000213, -3.000000000000000000, 11.50000000000000178 ) ) ;
#7296 = SURFACE_STYLE_FILL_AREA ( #5015 ) ;
#7297 = ORIENTED_EDGE ( 'NONE', *, *, #3540, .F. ) ;
#7298 = FILL_AREA_STYLE ('',( #1559 ) ) ;
#7299 = EDGE_LOOP ( 'NONE', ( #4647, #3061, #1568, #6509 ) ) ;
#7300 = CARTESIAN_POINT ( 'NONE',  ( 5.530452312324126041, -10.11055129483321835, -11.64999999999999680 ) ) ;
#7301 = EDGE_CURVE ( 'NONE', #7116, #724, #1569, .T. ) ;
#7302 = DIRECTION ( 'NONE',  ( 1.000000000000000000, -4.119479477319223187E-15, 6.774548571579288900E-17 ) ) ;
#7303 = EDGE_CURVE ( 'NONE', #6118, #1566, #7138, .T. ) ;
#7304 = VERTEX_POINT ( 'NONE', #6577 ) ;
#7305 = ORIENTED_EDGE ( 'NONE', *, *, #710, .T. ) ;
#7306 = CARTESIAN_POINT ( 'NONE',  ( -11.39999999999999680, 0.0000000000000000000, 0.0000000000000000000 ) ) ;
#7307 = EDGE_LOOP ( 'NONE', ( #133, #308, #849, #3325 ) ) ;
#7308 = SURFACE_STYLE_FILL_AREA ( #3240 ) ;
#7309 = VECTOR ( 'NONE', #6214, 1000.000000000000000 ) ;
#7310 = ADVANCED_FACE ( 'NONE', ( #1445 ), #3711, .F. ) ;
#7311 = VECTOR ( 'NONE', #2341, 1000.000000000000227 ) ;
#7312 = EDGE_CURVE ( 'NONE', #287, #4830, #1661, .T. ) ;
#7313 = LINE ( 'NONE', #1121, #1984 ) ;
#7314 = AXIS2_PLACEMENT_3D ( 'NONE', #1384, #5385, #4798 ) ;
#7315 = ORIENTED_EDGE ( 'NONE', *, *, #6601, .F. ) ;
#7316 = FACE_OUTER_BOUND ( 'NONE', #1286, .T. ) ;
#7317 =( NAMED_UNIT ( * ) SI_UNIT ( $, .STERADIAN. ) SOLID_ANGLE_UNIT ( ) );
#7318 = CARTESIAN_POINT ( 'NONE',  ( -14.87499993202978565, -12.30000000000000071, 3.056782911104462187E-12 ) ) ;
#7319 = PLANE ( 'NONE',  #863 ) ;
#7320 = PLANE ( 'NONE',  #6390 ) ;
#7321 = ORIENTED_EDGE ( 'NONE', *, *, #4146, .T. ) ;
#7322 = SURFACE_STYLE_FILL_AREA ( #484 ) ;
#7323 = LINE ( 'NONE', #1689, #3555 ) ;
#7324 = CIRCLE ( 'NONE', #6747, 11.50000000000000000 ) ;
#7325 = VECTOR ( 'NONE', #3975, 1000.000000000000000 ) ;
#7326 = CARTESIAN_POINT ( 'NONE',  ( 8.530452312324126041, 8.221097714938491560E-15, -10.14999999999999503 ) ) ;
#7327 = ORIENTED_EDGE ( 'NONE', *, *, #5114, .T. ) ;
#7328 = VECTOR ( 'NONE', #515, 1000.000000000000114 ) ;
#7329 = AXIS2_PLACEMENT_3D ( 'NONE', #6645, #1403, #5362 ) ;
#7330 = DIRECTION ( 'NONE',  ( 0.0000000000000000000, 0.0000000000000000000, 1.000000000000000000 ) ) ;
#7331 = CARTESIAN_POINT ( 'NONE',  ( 1.429122128369596512, -12.91456106418479699, 10.92701540915096103 ) ) ;
#7332 = ADVANCED_FACE ( 'NONE', ( #2248 ), #6200, .T. ) ;
#7333 = EDGE_LOOP ( 'NONE', ( #2949, #4885, #6974, #7211 ) ) ;
#7334 = STYLED_ITEM ( 'NONE', ( #1216 ), #3815 ) ;
#7335 = STYLED_ITEM ( 'NONE', ( #2163 ), #2867 ) ;
#7336 = ORIENTED_EDGE ( 'NONE', *, *, #6269, .F. ) ;
#7337 = PLANE ( 'NONE',  #2679 ) ;
#7338 = FILL_AREA_STYLE ('',( #6164 ) ) ;
#7339 = VECTOR ( 'NONE', #1605, 1000.000000000000000 ) ;
#7340 = CARTESIAN_POINT ( 'NONE',  ( 14.85000000000000675, -4.599999999999999645, -1.000000000000003331 ) ) ;
#7341 = VECTOR ( 'NONE', #6409, 1000.000000000000000 ) ;
#7342 = VECTOR ( 'NONE', #14, 1000.000000000000000 ) ;
#7343 = ORIENTED_EDGE ( 'NONE', *, *, #4528, .F. ) ;
#7344 = CARTESIAN_POINT ( 'NONE',  ( 0.0000000000000000000, -5.599999999999999645, 6.869388599297004738 ) ) ;
#7345 = ORIENTED_EDGE ( 'NONE', *, *, #4913, .F. ) ;
#7346 = FILL_AREA_STYLE_COLOUR ( '', #6039 ) ;
#7347 = VECTOR ( 'NONE', #6901, 1000.000000000000000 ) ;
#7348 = ORIENTED_EDGE ( 'NONE', *, *, #3210, .F. ) ;
#7349 = VECTOR ( 'NONE', #4607, 1000.000000000000000 ) ;
#7350 = EDGE_CURVE ( 'NONE', #3974, #7109, #6754, .T. ) ;
#7351 = CARTESIAN_POINT ( 'NONE',  ( -3.506316807445651662, -12.19999999999999751, 10.21245434496620774 ) ) ;
#7352 = DIRECTION ( 'NONE',  ( 0.0000000000000000000, -1.000000000000000000, 0.0000000000000000000 ) ) ;
#7353 = EDGE_CURVE ( 'NONE', #6868, #4477, #5266, .T. ) ;
ENDSEC;
END-ISO-10303-21;
